"","plz_code","ZIP_3","ZIP3_ID"
"1","52134","521",1026
"2","41372","413",283
"3","52379","523",1023
"4","54614","546",288
"5","53949","539",330
"6","54587","545",235
"7","54451","544",240
"8","41462","414",324
"9","41468","414",324
"10","40489","404",1070
"11","46539","465",90
"12","53533","535",342
"13","66127","661",260
"14","54421","544",241
"15","54558","545",234
"16","46342","463",95
"17","50676","506",958
"18","50733","507",957
"19","45127","451",160
"20","54470","544",243
"21","56828","568",425
"22","48529","485",196
"23","53119","531",294
"24","45259","452",159
"25","74249","742",934
"26","88094","880",1084
"27","73252","732",971
"28","30974","309",597
"29","29690","296",724
"30","21739","217",525
"31","97953","979",1072
"32","88097","880",1084
"33","97956","979",1072
"34","73119","731",972
"35","37642","376",631
"36","88326","883",1074
"37","73117","731",974
"38","34298","342",419
"39","31036","310",663
"40","58769","587",102
"41","79427","794",498
"42","49584","495",643
"43","79241","792",502
"44","58640","586",104
"45","55444","554",435
"46","59423","594",222
"47","79336","793",501
"48","49577","495",643
"49","59073","590",227
"50","65551","655",307
"51","76534","765",1044
"52","67269","672",469
"53","67283","672",469
"54","67127","671",476
"55","67258","672",469
"56","35764","357",570
"57","33803","338",549
"58","49424","494",645
"59","67680","676",451
"60","67292","672",470
"61","26215","262",799
"62","44536","445",329
"63","44339","443",336
"64","66503","665",253
"65","56593","565",350
"66","56281","562",364
"67","26845","268",784
"68","48565","485",194
"69","26532","265",789
"70","66500","665",251
"71","56599","565",350
"72","56648","566",349
"73","66629","666",249
"74","26899","268",784
"75","99085","990",1158
"76","19303","193",762
"77","82288","822",19
"78","91320","913",895
"79","82390","823",17
"80","06466","064",687
"81","96197","961",58
"82","91344","913",895
"83","91220","912",897
"84","99425","994",1147
"85","85232","852",1004
"86","85125","851",1005
"87","95336","953",156
"88","82431","824",13
"89","82178","821",20
"90","91244","912",897
"91","95158","951",93
"92","06366","063",689
"93","06722","067",673
"94","06114","061",692
"95","85656","856",1055
"96","85643","856",1055
"97","16945","169",869
"98","07958","079",739
"99","92694","926",840
"100","92507","925",847
"101","92705","927",835
"102","92540","925",847
"103","84082","840",49
"104","04207","042",868
"105","18279","182",698
"106","84178","841",45
"107","84564","845",80
"108","92552","925",847
"109","92714","927",838
"110","04279","042",868
"111","83256","832",135
"112","84168","841",45
"113","84130","841",45
"114","92444","924",849
"115","04838","048",858
"116","18320","183",697
"117","17207","172",719
"118","04827","048",858
"119","92549","925",847
"120","93497","934",50
"121","04860","048",858
"122","84367","843",83
"123","09474","094",1123
"124","84381","843",83
"125","94265","942",27
"126","84384","843",83
"127","09456","094",1123
"128","94149","941",1171
"129","94099","940",1176
"130","04936","049",857
"131","10589","105",363
"132","10587","105",363
"133","12163","121",527
"134","10551","105",363
"135","94127","941",1174
"136","10965","109",431
"137","13357","133",824
"138","94157","941",1175
"139","16244","162",888
"140","10243","102",383
"141","12043","120",530
"142","33335","333",509
"143","33619","336",499
"144","28790","287",896
"145","33615","336",499
"146","49419","494",645
"147","64347","643",1035
"148","35582","355",574
"149","27576","275",922
"150","75385","753",1121
"151","75015","750",1131
"152","60325","603",62
"153","64289","642",1037
"154","34519","345",408
"155","75245","752",1124
"156","35104","351",585
"157","35519","355",575
"158","33102","331",511
"159","60388","603",62
"160","72401","724",72
"161","28217","282",902
"162","69151","691",187
"163","71159","711",125
"164","71292","712",124
"165","35466","354",576
"166","28207","282",902
"167","71157","711",126
"168","64711","647",1099
"169","72461","724",72
"170","63694","636",1161
"171","32825","328",646
"172","31675","316",675
"173","34439","344",409
"174","72510","725",71
"175","63549","635",1163
"176","27299","272",927
"177","72488","724",72
"178","88696","886",1064
"179","72770","727",66
"180","71679","716",116
"181","70437","704",9
"182","70186","701",11
"183","63825","638",1156
"184","74072","740",942
"185","70378","703",10
"186","34637","346",406
"187","36369","363",559
"188","37671","376",631
"189","73734","737",1038
"190","63869","638",1156
"191","72639","726",67
"192","21714","217",525
"193","21698","216",528
"194","36124","361",561
"195","74677","746",968
"196","30966","309",597
"197","31171","311",662
"198","24897","248",531
"199","31157","311",662
"200","25494","254",848
"201","88145","881",1080
"202","88353","883",1074
"203","37290","372",636
"204","97232","972",1020
"205","88179","881",1080
"206","89198","891",332
"207","24582","245",543
"208","89555","895",320
"209","97246","972",1020
"210","20095","200",623
"211","31167","311",662
"212","99834","998",1169
"213","22305","223",400
"214","22175","221",404
"215","97215","972",1020
"216","24116","241",557
"217","22115","221",403
"218","22143","221",404
"219","29356","293",727
"220","99831","998",1169
"221","24232","242",550
"222","89568","895",320
"223","21360","213",478
"224","21407","214",471
"225","38518","385",613
"226","38120","381",618
"227","99869","998",1169
"228","85298","852",1004
"229","92369","923",851
"230","96349","963",56
"231","81243","812",44
"232","85757","857",1050
"233","06308","063",688
"234","91236","912",897
"235","85098","850",1009
"236","81477","814",42
"237","39110","391",713
"238","39179","391",713
"239","80804","808",815
"240","83677","836",129
"241","93351","933",51
"242","85599","855",1057
"243","95234","952",92
"244","85413","854",1060
"245","19336","193",764
"246","07589","075",745
"247","99752","997",1170
"248","38300","383",615
"249","86732","867",982
"250","86751","867",982
"251","98660","986",1016
"252","29394","293",727
"253","86833","868",981
"254","97500","975",1091
"255","99885","998",1169
"256","86854","868",981
"257","38554","385",613
"258","23669","236",568
"259","86690","866",988
"260","38381","383",616
"261","96047","960",59
"262","91189","911",899
"263","91785","917",878
"264","86150","861",953
"265","91352","913",895
"266","91788","917",878
"267","23749","237",566
"268","86568","865",996
"269","23746","237",566
"270","19230","192",765
"271","16269","162",888
"272","01814","018",856
"273","15320","153",914
"274","03172","031",906
"275","12439","124",522
"276","01979","019",853
"277","17406","174",716
"278","47574","475",212
"279","52499","524",1095
"280","54608","546",288
"281","47669","476",210
"282","53925","539",330
"283","47179","471",215
"284","41470","414",324
"285","53881","538",333
"286","66333","663",257
"287","47166","471",215
"288","40547","405",1067
"289","49843","498",638
"290","40237","402",1012
"291","40593","405",1066
"292","53332","533",292
"293","45356","453",158
"294","51379","513",1148
"295","42799","427",278
"296","66287","662",259
"297","45130","451",160
"298","45128","451",160
"299","51069","510",1097
"300","44866","448",418
"301","66640","666",249
"302","51429","514",1146
"303","56653","566",349
"304","44625","446",326
"305","44789","447",422
"306","26892","268",784
"307","44579","445",328
"308","88281","882",1078
"309","24888","248",531
"310","24802","248",531
"311","29308","293",727
"312","73312","733",1043
"313","97789","977",1079
"314","36160","361",561
"315","97795","977",1079
"316","25485","254",848
"317","25469","254",848
"318","24568","245",540
"319","97080","970",1024
"320","36419","364",558
"321","74424","744",970
"322","36284","362",560
"323","97070","970",1024
"324","89197","891",332
"325","31162","311",662
"326","73494","734",1042
"327","97656","976",1082
"328","21220","212",487
"329","21376","213",478
"330","88451","884",1071
"331","31311","313",660
"332","29221","292",728
"333","22119","221",403
"334","89281","892",327
"335","87764","877",1165
"336","73492","734",1042
"337","24635","246",539
"338","24245","242",550
"339","24610","246",539
"340","87773","877",1165
"341","87734","877",1165
"342","87785","877",1165
"343","91550","915",889
"344","91555","915",889
"345","97508","975",1085
"346","29351","293",727
"347","38704","387",608
"348","89446","894",323
"349","22958","229",454
"350","29553","295",725
"351","99947","999",1168
"352","22956","229",453
"353","99880","998",1169
"354","89407","894",323
"355","87775","877",1165
"356","38551","385",613
"357","35644","356",571
"358","33647","336",499
"359","33739","337",554
"360","72175","721",33
"361","35075","350",586
"362","78083","780",275
"363","68799","687",386
"364","35428","354",576
"365","64295","642",1037
"366","60439","604",61
"367","72221","722",76
"368","69214","692",183
"369","78591","785",265
"370","72229","722",76
"371","60314","603",62
"372","64668","646",1100
"373","78582","785",265
"374","64859","648",1098
"375","28199","281",904
"376","28844","288",894
"377","78589","785",265
"378","63073","630",1106
"379","78224","782",270
"380","74915","749",964
"381","78600","786",263
"382","34414","344",409
"383","78345","783",267
"384","74906","749",964
"385","63533","635",1162
"386","78351","783",267
"387","74372","743",929
"388","69439","694",174
"389","74392","743",929
"390","70569","705",8
"391","74391","743",929
"392","78354","783",267
"393","31628","316",677
"394","35327","353",578
"395","63897","638",1155
"396","34434","344",409
"397","71634","716",116
"398","72631","726",67
"399","74379","743",929
"400","71691","716",116
"401","63826","638",1156
"402","71642","716",116
"403","72658","726",67
"404","24803","248",531
"405","63875","638",1156
"406","71334","713",122
"407","88356","883",1074
"408","24887","248",531
"409","73773","737",1038
"410","34128","341",423
"411","97900","979",1072
"412","26180","261",800
"413","78136","781",273
"414","67169","671",477
"415","59609","596",220
"416","26969","269",781
"417","65183","651",311
"418","65185","651",311
"419","76448","764",1045
"420","78199","781",273
"421","49448","494",645
"422","59555","595",221
"423","35688","356",572
"424","67373","673",463
"425","68623","686",388
"426","64589","645",1101
"427","34323","343",413
"428","27374","273",925
"429","34302","343",414
"430","74629","746",968
"431","25379","253",850
"432","24960","249",564
"433","24999","249",564
"434","73066","730",978
"435","34253","342",419
"436","88276","882",1078
"437","88214","882",1078
"438","72589","725",70
"439","24594","245",542
"440","89617","896",316
"441","24894","248",531
"442","73105","731",973
"443","30455","304",605
"444","30453","304",605
"445","55424","554",435
"446","77656","776",312
"447","79674","796",492
"448","49076","490",658
"449","57072","570",172
"450","77654","776",312
"451","67305","673",464
"452","77797","777",397
"453","49124","491",654
"454","79730","797",488
"455","79859","798",482
"456","56316","563",356
"457","58762","587",102
"458","79541","795",495
"459","48167","481",206
"460","48324","483",201
"461","79356","793",501
"462","59075","590",227
"463","26169","261",800
"464","67806","678",518
"465","56410","564",351
"466","79292","792",502
"467","79114","791",506
"468","48356","483",199
"469","44137","441",340
"470","48480","484",197
"471","06128","061",692
"472","95182","951",93
"473","84056","840",49
"474","83098","830",87
"475","06712","067",673
"476","08548","085",730
"477","92533","925",847
"478","83569","835",131
"479","95691","956",143
"480","04523","045",862
"481","95692","956",143
"482","06792","067",674
"483","92727","927",838
"484","93102","931",55
"485","14727","147",772
"486","04575","045",862
"487","92445","924",849
"488","08228","082",735
"489","08062","080",738
"490","83278","832",136
"491","94347","943",26
"492","94357","943",26
"493","83379","833",133
"494","09366","093",1126
"495","17154","171",722
"496","93477","934",50
"497","04862","048",858
"498","84533","845",79
"499","94244","942",27
"500","14554","145",775
"501","14109","141",778
"502","94227","942",27
"503","14053","140",783
"504","94548","945",22
"505","14979","149",770
"506","12209","122",524
"507","13351","133",824
"508","85244","852",1004
"509","85256","852",1004
"510","81247","812",44
"511","06295","062",691
"512","07387","073",747
"513","80639","806",818
"514","39446","394",706
"515","81371","813",43
"516","95358","953",156
"517","85301","853",1001
"518","80803","808",815
"519","85376","853",999
"520","39108","391",713
"521","81925","819",30
"522","92278","922",852
"523","06179","061",692
"524","85452","854",1060
"525","95514","955",150
"526","92724","927",836
"527","95506","955",150
"528","93359","933",51
"529","91365","913",895
"530","19071","190",766
"531","06458","064",687
"532","96332","963",56
"533","06464","064",687
"534","95491","954",154
"535","97496","974",1018
"536","24327","243",547
"537","38322","383",615
"538","86879","868",981
"539","96166","961",58
"540","23899","238",595
"541","96145","961",58
"542","98669","986",1016
"543","96182","961",58
"544","99338","993",1149
"545","86682","866",988
"546","98666","986",1016
"547","91174","911",898
"548","38895","388",606
"549","86981","869",980
"550","86929","869",980
"551","96486","964",89
"552","90762","907",748
"553","99087","990",1158
"554","90451","904",760
"555","94133","941",1175
"556","94124","941",1175
"557","12524","125",521
"558","01157","011",813
"559","15569","155",913
"560","15378","153",914
"561","15526","155",913
"562","03054","030",908
"563","02689","026",769
"564","02827","028",767
"565","44534","445",329
"566","51645","516",1139
"567","26489","264",792
"568","44267","442",339
"569","52531","525",1094
"570","47626","476",210
"571","47804","478",208
"572","47829","478",208
"573","66763","667",304
"574","46045","460",100
"575","50767","507",957
"576","53518","535",342
"577","66128","661",260
"578","50677","506",958
"579","45147","451",160
"580","42489","424",229
"581","51375","513",1148
"582","67678","676",451
"583","67727","677",450
"584","49632","496",642
"585","56368","563",354
"586","79713","797",488
"587","79868","798",482
"588","67316","673",464
"589","55237","552",440
"590","79263","792",502
"591","79874","798",482
"592","59302","593",224
"593","42653","426",280
"594","56823","568",425
"595","53474","534",291
"596","53115","531",294
"597","45529","455",155
"598","42929","429",272
"599","44791","447",422
"600","42899","428",274
"601","26624","266",788
"602","79540","795",495
"603","49599","495",643
"604","49545","495",643
"605","57644","576",164
"606","67655","676",451
"607","67824","678",519
"608","48499","484",197
"609","26810","268",784
"610","48329","483",199
"611","44227","442",339
"612","88147","881",1080
"613","73326","733",1043
"614","25482","254",848
"615","97980","979",1072
"616","36132","361",561
"617","73333","733",1043
"618","30175","301",596
"619","88454","884",1071
"620","30625","306",602
"621","97270","972",1020
"622","97250","972",1020
"623","25451","254",848
"624","97256","972",1020
"625","29313","293",727
"626","31195","311",662
"627","97705","977",1079
"628","36208","362",560
"629","88167","881",1080
"630","89195","891",332
"631","73457","734",1042
"632","20354","203",620
"633","97288","972",1020
"634","97708","977",1079
"635","22089","220",405
"636","97241","972",1020
"637","37191","371",637
"638","97252","972",1021
"639","22043","220",405
"640","87544","875",1135
"641","23866","238",592
"642","99830","998",1169
"643","97509","975",1085
"644","38277","382",617
"645","89347","893",325
"646","87743","877",1165
"647","99826","998",1169
"648","97453","974",1018
"649","97633","976",1083
"650","91602","916",882
"651","22952","229",453
"652","21335","213",478
"653","29581","295",725
"654","97497","974",1018
"655","87757","877",1165
"656","21365","213",478
"657","23619","236",568
"658","99713","997",1170
"659","29392","293",727
"660","38124","381",618
"661","64521","645",1101
"662","64569","645",1101
"663","76227","762",1048
"664","76676","766",1115
"665","33142","331",511
"666","35088","350",587
"667","65929","659",353
"668","27580","275",922
"669","32051","320",630
"670","35452","354",576
"671","60528","605",60
"672","61239","612",1030
"673","63225","632",1104
"674","35440","354",576
"675","32052","320",630
"676","64291","642",1037
"677","64686","646",1100
"678","78532","785",265
"679","32479","324",625
"680","75175","751",1128
"681","60385","603",62
"682","35460","354",576
"683","35423","354",576
"684","63322","633",1102
"685","35091","350",586
"686","35085","350",586
"687","75233","752",1125
"688","64839","648",1098
"689","32469","324",625
"690","63477","634",1164
"691","25920","259",829
"692","71297","712",124
"693","74927","749",964
"694","78337","783",267
"695","72362","723",74
"696","64756","647",1099
"697","78359","783",268
"698","34474","344",409
"699","25792","257",834
"700","74858","748",966
"701","25926","259",829
"702","34549","345",407
"703","72458","724",72
"704","69437","694",174
"705","63741","637",1160
"706","70565","705",8
"707","74081","740",942
"708","63834","638",1156
"709","27313","273",925
"710","71638","716",116
"711","25850","258",830
"712","63863","638",1156
"713","25721","257",834
"714","72655","726",67
"715","25576","255",846
"716","34626","346",406
"717","71394","713",122
"718","25557","255",846
"719","71546","715",118
"720","25599","255",846
"721","25799","257",834
"722","97877","978",1077
"723","73265","732",971
"724","74613","746",968
"725","23999","239",590
"726","91241","912",897
"727","80999","809",814
"728","19065","190",766
"729","81373","813",43
"730","81369","813",43
"731","92281","922",852
"732","80805","808",815
"733","95497","954",154
"734","07907","079",739
"735","83684","836",130
"736","91809","918",875
"737","82278","822",19
"738","86697","866",988
"739","82399","823",17
"740","91090","910",900
"741","96523","965",88
"742","82294","822",19
"743","96275","962",57
"744","85250","852",1004
"745","90584","905",759
"746","82432","824",13
"747","82393","823",17
"748","19077","190",766
"749","96364","963",56
"750","89440","894",323
"751","86441","864",943
"752","91747","917",878
"753","86845","868",981
"754","86459","864",943
"755","23552","235",569
"756","86853","868",981
"757","99955","999",1168
"758","38440","384",614
"759","29473","294",726
"760","91734","917",878
"761","86899","868",981
"762","96158","961",58
"763","91793","917",878
"764","86971","869",980
"765","86946","869",980
"766","86641","866",988
"767","38350","383",616
"768","39393","393",707
"769","96110","961",58
"770","96487","964",89
"771","59872","598",218
"772","76863","768",1109
"773","65197","651",311
"774","35745","357",570
"775","67596","675",455
"776","65193","651",311
"777","67246","672",469
"778","55294","552",443
"779","78730","787",261
"780","67368","673",463
"781","67360","673",463
"782","33824","338",549
"783","68647","686",388
"784","35236","352",579
"785","35606","356",571
"786","25582","255",846
"787","88273","882",1078
"788","24986","249",564
"789","24787","247",534
"790","74679","746",968
"791","73092","730",978
"792","19339","193",764
"793","85408","854",1060
"794","83104","831",86
"795","84174","841",45
"796","84034","840",47
"797","83088","830",87
"798","83126","831",84
"799","93107","931",52
"800","93057","930",28
"801","92718","927",835
"802","06794","067",674
"803","83083","830",87
"804","08233","082",735
"805","04463","044",864
"806","83246","832",135
"807","83361","833",133
"808","16868","168",872
"809","83242","832",135
"810","92539","925",847
"811","83301","833",133
"812","94437","944",23
"813","84568","845",79
"814","06889","068",669
"815","08321","083",732
"816","14822","148",771
"817","83329","833",133
"818","94342","943",26
"819","84375","843",83
"820","84347","843",83
"821","09125","091",1132
"822","09130","091",1132
"823","94572","945",22
"824","94532","945",22
"825","17258","172",721
"826","94536","945",22
"827","10627","106",438
"828","13439","134",822
"829","13158","131",826
"830","94034","940",1177
"831","13189","131",826
"832","12347","123",523
"833","94065","940",1178
"834","94130","941",1175
"835","15712","157",912
"836","15537","155",913
"837","01983","019",853
"838","16303","163",881
"839","15299","152",915
"840","02899","028",767
"841","24893","248",531
"842","25355","253",850
"843","30171","301",596
"844","30659","306",602
"845","29303","293",727
"846","24363","243",546
"847","73111","731",976
"848","36217","362",560
"849","25474","254",848
"850","29646","296",724
"851","88171","881",1080
"852","36214","362",560
"853","73560","735",1041
"854","36115","361",561
"855","73579","735",1041
"856","36266","362",560
"857","74592","745",969
"858","88477","884",1071
"859","22765","227",462
"860","21109","211",491
"861","88317","883",1076
"862","31174","311",662
"863","88450","884",1071
"864","24643","246",536
"865","97650","976",1082
"866","73431","734",1042
"867","29336","293",727
"868","21435","214",473
"869","22179","221",404
"870","22397","223",400
"871","97258","972",1020
"872","97490","974",1018
"873","97714","977",1079
"874","97702","977",1079
"875","91631","916",883
"876","74594","745",969
"877","87474","874",1136
"878","87509","875",1135
"879","31228","312",661
"880","91610","916",883
"881","97355","973",1019
"882","87749","877",1165
"883","22962","229",453
"884","21409","214",471
"885","38259","382",617
"886","86491","864",943
"887","87496","874",1136
"888","87466","874",1136
"889","21406","214",471
"890","23821","238",594
"891","23815","238",594
"892","86470","864",943
"893","99755","997",1170
"894","29576","295",725
"895","91726","917",878
"896","91099","910",900
"897","82293","822",19
"898","06526","065",684
"899","91077","910",900
"900","90530","905",755
"901","86633","866",988
"902","91347","913",895
"903","82395","823",17
"904","86576","865",996
"905","85114","851",1005
"906","82387","823",17
"907","82349","823",18
"908","92360","923",851
"909","19059","190",766
"910","85120","851",1005
"911","19086","190",766
"912","18230","182",698
"913","92358","923",851
"914","85088","850",1009
"915","39122","391",713
"916","85395","853",1001
"917","85635","856",1052
"918","39288","392",712
"919","07922","079",739
"920","84106","841",46
"921","06124","061",692
"922","92421","924",849
"923","95679","956",143
"924","07548","075",745
"925","83059","830",87
"926","83024","830",87
"927","95701","957",139
"928","92721","927",839
"929","08491","084",731
"930","06868","068",669
"931","04209","042",868
"932","83559","835",131
"933","04356","043",867
"934","04357","043",867
"935","06901","069",664
"936","92726","927",838
"937","94330","943",26
"938","83365","833",133
"939","94350","943",26
"940","93494","934",50
"941","17248","172",719
"942","94353","943",26
"943","08294","082",736
"944","93466","934",50
"945","84329","843",83
"946","94424","944",23
"947","14542","145",775
"948","16766","167",873
"949","94439","944",23
"950","09427","094",1123
"951","04720","047",859
"952","04895","048",858
"953","09575","095",1119
"954","13503","135",820
"955","94529","945",22
"956","10559","105",363
"957","09627","096",1116
"958","10179","101",387
"959","87616","876",1166
"960","91456","914",893
"961","87600","876",1166
"962","38879","388",606
"963","87629","876",1166
"964","86750","867",982
"965","91732","917",878
"966","38855","388",606
"967","91466","914",893
"968","91735","917",878
"969","86420","864",943
"970","38444","384",614
"971","86653","866",988
"972","86675","866",988
"973","91074","910",900
"974","19246","192",765
"975","99192","991",1154
"976","99707","997",1170
"977","91058","910",900
"978","15749","157",912
"979","12487","124",522
"980","15757","157",912
"981","94139","941",1175
"982","03205","032",905
"983","15377","153",914
"984","01909","019",855
"985","02736","027",768
"986","68649","686",388
"987","32289","322",627
"988","61476","614",1028
"989","64572","645",1101
"990","68219","682",395
"991","65824","658",361
"992","35444","354",576
"993","75217","752",1124
"994","75394","753",1121
"995","76698","766",1115
"996","59964","599",216
"997","60327","603",62
"998","28759","287",896
"999","75177","751",1128
"1000","27472","274",924
"1001","25899","258",830
"1002","69117","691",187
"1003","69118","691",187
"1004","71131","711",125
"1005","72181","721",33
"1006","72336","723",74
"1007","75417","754",1117
"1008","64385","643",1036
"1009","25761","257",834
"1010","72414","724",72
"1011","71154","711",126
"1012","28327","283",901
"1013","71139","711",126
"1014","78315","783",267
"1015","71735","717",110
"1016","64739","647",1099
"1017","63538","635",1162
"1018","74336","743",929
"1019","71706","717",110
"1020","74357","743",929
"1021","70825","708",2
"1022","24994","249",564
"1023","78467","784",266
"1024","63864","638",1157
"1025","63906","639",1151
"1026","21726","217",525
"1027","27449","274",923
"1028","73730","737",1038
"1029","36399","363",559
"1030","63879","638",1156
"1031","63860","638",1156
"1032","71576","715",118
"1033","37649","376",631
"1034","36396","363",559
"1035","88518","885",1068
"1036","24872","248",531
"1037","34385","343",412
"1038","52538","525",1094
"1039","47623","476",210
"1040","47625","476",210
"1041","53940","539",330
"1042","52445","524",1095
"1043","52385","523",1023
"1044","54453","544",240
"1045","47445","474",213
"1046","40670","406",1063
"1047","54526","545",234
"1048","47059","470",217
"1049","47119","471",215
"1050","66787","667",304
"1051","40225","402",1012
"1052","66773","667",304
"1053","41541","415",321
"1054","54516","545",234
"1055","66292","662",259
"1056","56767","567",347
"1057","45133","451",160
"1058","45144","451",160
"1059","50678","506",958
"1060","66625","666",249
"1061","49767","497",641
"1062","56759","567",347
"1063","26842","268",784
"1064","66978","669",295
"1065","67757","677",447
"1066","26474","264",794
"1067","67715","677",446
"1068","57587","575",166
"1069","58706","587",103
"1070","77971","779",390
"1071","55124","551",445
"1072","59556","595",221
"1073","35792","357",570
"1074","76596","765",1044
"1075","35796","357",570
"1076","35716","357",570
"1077","55130","551",445
"1078","65462","654",308
"1079","67549","675",455
"1080","35630","356",571
"1081","49328","493",648
"1082","67575","675",455
"1083","33649","336",499
"1084","72297","722",76
"1085","78739","787",261
"1086","26441","264",792
"1087","26419","264",792
"1088","77866","778",392
"1089","57578","575",166
"1090","67295","672",470
"1091","77871","778",392
"1092","67816","678",520
"1093","49456","494",645
"1094","65620","656",377
"1095","88045","880",1084
"1096","97848","978",1077
"1097","25575","255",846
"1098","34266","342",419
"1099","88371","883",1074
"1100","74238","742",934
"1101","97788","977",1079
"1102","30419","304",605
"1103","88255","882",1078
"1104","24782","247",534
"1105","51147","511",1096
"1106","45307","453",158
"1107","56861","568",425
"1108","66578","665",250
"1109","42115","421",233
"1110","49808","498",638
"1111","44807","448",417
"1112","48493","484",197
"1113","66916","669",297
"1114","53545","535",345
"1115","58300","583",109
"1116","26553","265",789
"1117","53562","535",345
"1118","53783","537",338
"1119","79424","794",496
"1120","54646","546",288
"1121","52353","523",1023
"1122","46519","465",91
"1123","41516","415",321
"1124","47800","478",208
"1125","40668","406",1063
"1126","50226","502",961
"1127","46348","463",95
"1128","40479","404",1070
"1129","40477","404",1070
"1130","66359","663",257
"1131","40235","402",1012
"1132","40597","405",1066
"1133","54538","545",234
"1134","46238","462",98
"1135","54424","544",242
"1136","56826","568",425
"1137","53501","535",343
"1138","42549","425",281
"1139","56864","568",425
"1140","45768","457",144
"1141","79258","792",502
"1142","67752","677",447
"1143","58511","585",105
"1144","55442","554",435
"1145","79353","793",501
"1146","58553","585",105
"1147","56564","565",350
"1148","55618","556",428
"1149","44328","443",336
"1150","79415","794",496
"1151","58119","581",115
"1152","55499","554",435
"1153","59368","593",223
"1154","57638","576",161
"1155","48369","483",200
"1156","45289","452",159
"1157","66583","665",250
"1158","53227","532",293
"1159","42109","421",233
"1160","44652","446",326
"1161","66440","664",255
"1162","26721","267",786
"1163","66539","665",250
"1164","45663","456",153
"1165","66450","664",255
"1166","56865","568",426
"1167","44805","448",417
"1168","35719","357",570
"1169","78050","780",276
"1170","78737","787",261
"1171","59955","599",216
"1172","65931","659",353
"1173","68753","687",386
"1174","35625","356",571
"1175","32130","321",629
"1176","68549","685",389
"1177","61449","614",1028
"1178","27476","274",924
"1179","33758","337",553
"1180","64404","644",1033
"1181","76694","766",1115
"1182","76669","766",1115
"1183","32584","325",624
"1184","75172","751",1128
"1185","35396","353",577
"1186","32832","328",647
"1187","21776","217",525
"1188","69251","692",182
"1189","33189","331",511
"1190","78586","785",265
"1191","64689","646",1100
"1192","74931","749",964
"1193","35287","352",580
"1194","71155","711",126
"1195","25853","258",830
"1196","63762","637",1160
"1197","25860","258",830
"1198","34632","346",406
"1199","63584","635",1163
"1200","63939","639",1151
"1201","25873","258",830
"1202","63739","637",1160
"1203","63688","636",1161
"1204","34628","346",406
"1205","74376","743",929
"1206","63589","635",1163
"1207","70176","701",11
"1208","21755","217",525
"1209","70629","706",6
"1210","63849","638",1156
"1211","74076","740",942
"1212","34308","343",410
"1213","88699","886",1064
"1214","70374","703",10
"1215","71686","716",116
"1216","21737","217",525
"1217","31558","315",678
"1218","27308","273",925
"1219","74232","742",930
"1220","34317","343",411
"1221","71717","717",111
"1222","72664","726",67
"1223","27336","273",925
"1224","71409","714",121
"1225","21702","217",526
"1226","88376","883",1074
"1227","31637","316",677
"1228","36367","363",559
"1229","88374","883",1074
"1230","74538","745",969
"1231","37217","372",636
"1232","30169","301",596
"1233","89180","891",332
"1234","97786","977",1079
"1235","24576","245",541
"1236","30916","309",598
"1237","24366","243",546
"1238","97792","977",1079
"1239","22769","227",462
"1240","31141","311",662
"1241","97243","972",1020
"1242","22851","228",459
"1243","73489","734",1042
"1244","36460","364",558
"1245","21442","214",472
"1246","89518","895",320
"1247","22117","221",403
"1248","89293","892",327
"1249","97654","976",1082
"1250","31246","312",661
"1251","24146","241",557
"1252","97456","974",1018
"1253","97532","975",1088
"1254","89312","893",325
"1255","87761","877",1165
"1256","87784","877",1165
"1257","23813","238",594
"1258","86489","864",943
"1259","97529","975",1085
"1260","36448","364",558
"1261","99848","998",1169
"1262","73467","734",1042
"1263","89349","893",325
"1264","24321","243",547
"1265","87647","876",1166
"1266","21379","213",478
"1267","99891","998",1169
"1268","87663","876",1166
"1269","87651","876",1166
"1270","91315","913",895
"1271","38899","388",606
"1272","86857","868",981
"1273","96179","961",58
"1274","86157","861",953
"1275","86937","869",980
"1276","99092","990",1158
"1277","86154","861",953
"1278","96250","962",57
"1279","96050","960",59
"1280","86704","867",986
"1281","99097","990",1158
"1282","99610","996",1141
"1283","67813","678",518
"1284","79664","796",492
"1285","49504","495",643
"1286","77652","776",312
"1287","79737","797",488
"1288","77791","777",397
"1289","65307","653",309
"1290","79215","792",502
"1291","79297","792",502
"1292","56479","564",352
"1293","76833","768",1107
"1294","49413","494",645
"1295","67433","674",460
"1296","76865","768",1109
"1297","76768","767",1111
"1298","76770","767",1111
"1299","26209","262",798
"1300","67586","675",455
"1301","57334","573",169
"1302","76761","767",1111
"1303","35713","357",570
"1304","55299","552",443
"1305","65239","652",310
"1306","59558","595",221
"1307","67069","670",480
"1308","76332","763",1046
"1309","24805","248",531
"1310","36287","362",560
"1311","71560","715",118
"1312","73669","736",1039
"1313","21720","217",525
"1314","73035","730",978
"1315","97277","972",1020
"1316","24357","243",546
"1317","30855","308",601
"1318","07338","073",747
"1319","82069","820",1167
"1320","85107","851",1006
"1321","85053","850",1009
"1322","91224","912",897
"1323","85092","850",1009
"1324","06279","062",691
"1325","92268","922",852
"1326","85129","851",1008
"1327","80802","808",815
"1328","81927","819",30
"1329","93155","931",53
"1330","39291","392",712
"1331","07926","079",739
"1332","83629","836",129
"1333","18249","182",698
"1334","07629","076",744
"1335","07613","076",744
"1336","95683","956",143
"1337","83080","830",87
"1338","92670","926",841
"1339","83139","831",85
"1340","84166","841",45
"1341","95652","956",143
"1342","83093","830",87
"1343","06803","068",667
"1344","06808","068",666
"1345","17214","172",719
"1346","08459","084",731
"1347","04277","042",868
"1348","95698","956",143
"1349","08262","082",735
"1350","94345","943",26
"1351","93491","934",50
"1352","08328","083",732
"1353","84160","841",45
"1354","08309","083",732
"1355","08396","083",733
"1356","17192","171",722
"1357","04808","048",858
"1358","16833","168",871
"1359","94522","945",21
"1360","93486","934",50
"1361","94559","945",21
"1362","08344","083",732
"1363","16827","168",871
"1364","93479","934",50
"1365","84387","843",83
"1366","14469","144",777
"1367","09430","094",1123
"1368","09518","095",1118
"1369","13587","135",820
"1370","16761","167",873
"1371","01623","016",806
"1372","01589","015",807
"1373","09633","096",1116
"1374","94104","941",1175
"1375","10367","103",379
"1376","18546","185",695
"1377","94143","941",1175
"1378","01773","017",804
"1379","01778","017",804
"1380","03222","032",905
"1381","15326","153",914
"1382","02799","027",768
"1383","02796","027",768
"1384","82362","823",17
"1385","90409","904",760
"1386","90478","904",760
"1387","82279","822",19
"1388","39387","393",707
"1389","85128","851",1005
"1390","39345","393",708
"1391","85116","851",1005
"1392","85254","852",1004
"1393","85259","852",1004
"1394","85253","852",1004
"1395","99628","996",1141
"1396","06456","064",687
"1397","29471","294",726
"1398","82377","823",17
"1399","85113","851",1005
"1400","82549","825",12
"1401","96346","963",56
"1402","80995","809",814
"1403","19306","193",762
"1404","80935","809",814
"1405","07749","077",742
"1406","81671","816",39
"1407","83624","836",129
"1408","81829","818",31
"1409","95180","951",93
"1410","92224","922",852
"1411","93346","933",51
"1412","06242","062",690
"1413","95126","951",93
"1414","95709","957",140
"1415","93183","931",53
"1416","93182","931",53
"1417","82490","824",13
"1418","90469","904",760
"1419","90491","904",760
"1420","82211","822",19
"1421","82296","822",19
"1422","07318","073",747
"1423","19294","192",765
"1424","99444","994",1147
"1425","90559","905",755
"1426","99636","996",1141
"1427","91278","912",897
"1428","25365","253",850
"1429","89619","896",315
"1430","36100","361",561
"1431","88441","884",1071
"1432","30853","308",601
"1433","97295","972",1020
"1434","73525","735",1041
"1435","97999","979",1072
"1436","97271","972",1020
"1437","97276","972",1020
"1438","89173","891",332
"1439","88487","884",1071
"1440","37249","372",636
"1441","24242","242",551
"1442","21271","212",487
"1443","31191","311",662
"1444","22848","228",459
"1445","20255","202",621
"1446","20357","203",620
"1447","97688","976",1081
"1448","24629","246",536
"1449","20149","201",622
"1450","29223","292",728
"1451","31249","312",661
"1452","97239","972",1020
"1453","21037","210",494
"1454","24637","246",539
"1455","36457","364",558
"1456","37539","375",632
"1457","24601","246",539
"1458","38729","387",608
"1459","87527","875",1135
"1460","21029","210",494
"1461","89564","895",320
"1462","91626","916",882
"1463","87724","877",1165
"1464","22955","229",453
"1465","97531","975",1085
"1466","97513","975",1089
"1467","38112","381",618
"1468","91619","916",883
"1469","86720","867",982
"1470","98547","985",959
"1471","21527","215",466
"1472","29559","295",725
"1473","97461","974",1018
"1474","38110","381",618
"1475","38559","385",613
"1476","29585","295",725
"1477","86424","864",943
"1478","83735","837",128
"1479","93356","933",51
"1480","06112","061",692
"1481","39524","395",705
"1482","93053","930",28
"1483","93083","930",28
"1484","95659","956",143
"1485","18299","182",698
"1486","95706","957",142
"1487","04158","041",870
"1488","04105","041",870
"1489","04564","045",862
"1490","83254","832",135
"1491","04315","043",867
"1492","92559","925",847
"1493","84326","843",83
"1494","08324","083",732
"1495","08349","083",732
"1496","09394","093",1126
"1497","84524","845",79
"1498","84571","845",79
"1499","84335","843",83
"1500","94379","943",26
"1501","09236","092",1130
"1502","14478","144",777
"1503","14532","145",776
"1504","14129","141",778
"1505","94579","945",22
"1506","94261","942",27
"1507","16540","165",874
"1508","15936","159",907
"1509","15837","158",909
"1510","13353","133",824
"1511","10787","107",437
"1512","10557","105",363
"1513","03253","032",905
"1514","17349","173",718
"1515","12101","121",527
"1516","94568","945",22
"1517","10437","104",369
"1518","10405","104",369
"1519","33129","331",511
"1520","65830","658",360
"1521","35580","355",574
"1522","78073","780",275
"1523","32609","326",657
"1524","27211","272",926
"1525","69254","692",179
"1526","75365","753",1121
"1527","64380","643",1035
"1528","72367","723",74
"1529","72358","723",74
"1530","63110","631",1105
"1531","28211","282",902
"1532","78267","782",270
"1533","78253","782",270
"1534","35305","353",578
"1535","72415","724",72
"1536","78580","785",265
"1537","27442","274",923
"1538","28832","288",894
"1539","35260","352",580
"1540","32839","328",646
"1541","33039","330",513
"1542","70499","704",9
"1543","70435","704",9
"1544","63924","639",1151
"1545","25791","257",834
"1546","21709","217",525
"1547","72511","725",70
"1548","36318","363",559
"1549","36358","363",559
"1550","88515","885",1069
"1551","71720","717",111
"1552","72813","728",63
"1553","71563","715",118
"1554","63871","638",1156
"1555","24941","249",564
"1556","34130","341",423
"1557","12351","123",523
"1558","10247","102",383
"1559","01774","017",804
"1560","12527","125",521
"1561","15732","157",912
"1562","17398","173",718
"1563","01219","012",811
"1564","01277","012",811
"1565","01968","019",853
"1566","15517","155",913
"1567","15374","153",914
"1568","02977","029",802
"1569","02733","027",768
"1570","15230","152",915
"1571","02956","029",803
"1572","02797","027",768
"1573","86874","868",981
"1574","87637","876",1166
"1575","99735","997",1170
"1576","96126","961",58
"1577","86842","868",981
"1578","96185","961",58
"1579","86514","865",995
"1580","21368","213",478
"1581","38557","385",613
"1582","86830","868",981
"1583","91805","918",876
"1584","96476","964",89
"1585","91469","914",893
"1586","96169","961",58
"1587","86356","863",951
"1588","86707","867",983
"1589","91801","918",877
"1590","38465","384",614
"1591","29490","294",726
"1592","38376","383",616
"1593","86444","864",948
"1594","96175","961",58
"1595","86161","861",953
"1596","29481","294",726
"1597","38459","384",614
"1598","91186","911",898
"1599","73663","736",1039
"1600","34593","345",407
"1601","97816","978",1077
"1602","25371","253",850
"1603","88284","882",1078
"1604","25368","253",850
"1605","88212","882",1078
"1606","97785","977",1079
"1607","30952","309",597
"1608","37235","372",636
"1609","58513","585",105
"1610","79426","794",497
"1611","77977","779",390
"1612","58708","587",103
"1613","77966","779",390
"1614","48351","483",201
"1615","57462","574",168
"1616","79669","796",492
"1617","79348","793",501
"1618","49594","495",643
"1619","67725","677",450
"1620","26160","261",800
"1621","59510","595",221
"1622","57290","572",170
"1623","57250","572",170
"1624","56477","564",352
"1625","78120","781",273
"1626","67251","672",469
"1627","26133","261",800
"1628","76467","764",1045
"1629","67136","671",476
"1630","49152","491",654
"1631","33397","333",509
"1632","76149","761",1056
"1633","79879","798",482
"1634","55469","554",435
"1635","56579","565",350
"1636","26629","266",788
"1637","48163","481",206
"1638","44309","443",336
"1639","59387","593",223
"1640","54673","546",288
"1641","54669","546",288
"1642","54450","544",239
"1643","53909","539",331
"1644","53945","539",330
"1645","66701","667",304
"1646","47229","472",214
"1647","49847","498",638
"1648","41469","414",324
"1649","46537","465",90
"1650","41540","415",321
"1651","66806","668",300
"1652","40880","408",1059
"1653","46149","461",99
"1654","40789","407",1061
"1655","50937","509",955
"1656","50997","509",954
"1657","40724","407",1061
"1658","50668","506",958
"1659","45141","451",160
"1660","45327","453",158
"1661","66649","666",249
"1662","26871","268",784
"1663","56567","565",350
"1664","66497","664",255
"1665","48341","483",199
"1666","45277","452",159
"1667","53127","531",294
"1668","45770","457",144
"1669","45888","458",189
"1670","53757","537",338
"1671","45659","456",153
"1672","44795","447",422
"1673","39435","394",706
"1674","91217","912",897
"1675","83670","836",129
"1676","80689","806",818
"1677","80687","806",818
"1678","85411","854",1060
"1679","39418","394",706
"1680","95494","954",154
"1681","19417","194",761
"1682","85290","852",1004
"1683","82024","820",1167
"1684","92280","922",852
"1685","95236","952",92
"1686","06406","064",687
"1687","95213","952",92
"1688","39579","395",705
"1689","84104","841",46
"1690","95152","951",93
"1691","85464","854",1060
"1692","85591","855",1057
"1693","93358","933",51
"1694","83620","836",129
"1695","19376","193",763
"1696","85614","856",1052
"1697","82398","823",17
"1698","91332","913",895
"1699","86577","865",996
"1700","82499","824",13
"1701","82239","822",19
"1702","29485","294",726
"1703","86567","865",996
"1704","06467","064",687
"1705","82444","824",13
"1706","86579","865",996
"1707","96352","963",56
"1708","19061","190",766
"1709","06682","066",681
"1710","06118","061",692
"1711","18258","182",698
"1712","83543","835",131
"1713","06847","068",668
"1714","95643","956",143
"1715","84428","844",81
"1716","04610","046",860
"1717","84092","840",49
"1718","84539","845",80
"1719","04416","044",864
"1720","92542","925",847
"1721","83250","832",135
"1722","83352","833",133
"1723","83324","833",133
"1724","83377","833",133
"1725","04821","048",858
"1726","93499","934",50
"1727","09385","093",1126
"1728","84567","845",79
"1729","94234","942",27
"1730","93480","934",50
"1731","09465","094",1123
"1732","14947","149",770
"1733","94253","942",27
"1734","94140","941",1171
"1735","94544","945",22
"1736","09569","095",1119
"1737","94269","942",27
"1738","14163","141",778
"1739","14169","141",778
"1740","94113","941",1175
"1741","12105","121",527
"1742","94161","941",1175
"1743","13359","133",824
"1744","12099","120",530
"1745","10439","104",369
"1746","12049","120",530
"1747","25581","255",846
"1748","21259","212",487
"1749","74547","745",969
"1750","37186","371",637
"1751","30459","304",605
"1752","30165","301",596
"1753","36179","361",562
"1754","25579","255",846
"1755","30163","301",596
"1756","36145","361",561
"1757","24814","248",532
"1758","30938","309",598
"1759","31180","311",662
"1760","97779","977",1079
"1761","24241","242",551
"1762","29633","296",724
"1763","20459","204",619
"1764","20148","201",622
"1765","37293","372",636
"1766","89177","891",332
"1767","22309","223",400
"1768","89257","892",327
"1769","87452","874",1136
"1770","87789","877",1165
"1771","73488","734",1042
"1772","98617","986",1016
"1773","91637","916",883
"1774","31224","312",661
"1775","86519","865",992
"1776","87437","874",1136
"1777","87477","874",1136
"1778","91614","916",884
"1779","99842","998",1169
"1780","98631","986",1016
"1781","21493","214",475
"1782","38690","386",611
"1783","37445","374",634
"1784","35641","356",571
"1785","68804","688",384
"1786","61440","614",1028
"1787","32312","323",626
"1788","65936","659",353
"1789","33729","337",554
"1790","72227","722",76
"1791","64285","642",1037
"1792","33818","338",548
"1793","60435","604",61
"1794","60318","603",62
"1795","35119","351",582
"1796","74939","749",964
"1797","78576","785",265
"1798","32457","324",625
"1799","72469","724",72
"1800","25709","257",834
"1801","72477","724",72
"1802","34537","345",407
"1803","71282","712",124
"1804","21781","217",525
"1805","32699","326",656
"1806","74369","743",929
"1807","25779","257",834
"1808","25862","258",830
"1809","74211","742",932
"1810","21756","217",525
"1811","21727","217",525
"1812","72818","728",63
"1813","25879","258",830
"1814","63829","638",1156
"1815","72513","725",70
"1816","25788","257",834
"1817","31627","316",677
"1818","31622","316",677
"1819","31699","316",675
"1820","24852","248",531
"1821","88697","886",1064
"1822","37647","376",631
"1823","34587","345",407
"1824","88271","882",1078
"1825","73207","732",971
"1826","25376","253",850
"1827","25588","255",846
"1828","86479","864",943
"1829","96154","961",58
"1830","86738","867",982
"1831","97522","975",1090
"1832","23919","239",588
"1833","21401","214",474
"1834","86655","866",988
"1835","23566","235",569
"1836","86980","869",980
"1837","86517","865",989
"1838","86977","869",980
"1839","96161","961",58
"1840","96484","964",89
"1841","38375","383",616
"1842","38387","383",616
"1843","38470","384",614
"1844","86343","863",950
"1845","86169","861",953
"1846","90768","907",748
"1847","86504","865",990
"1848","91056","910",900
"1849","99094","990",1158
"1850","91353","913",895
"1851","91798","917",878
"1852","86574","865",996
"1853","91052","910",900
"1854","91083","910",900
"1855","96271","962",57
"1856","52223","522",1025
"1857","52249","522",1025
"1858","47608","476",210
"1859","54687","546",288
"1860","54457","544",240
"1861","46395","463",96
"1862","54329","543",244
"1863","46483","464",94
"1864","50127","501",928
"1865","54292","542",248
"1866","50129","501",928
"1867","66802","668",299
"1868","54579","545",237
"1869","54344","543",246
"1870","40221","402",1012
"1871","47269","472",214
"1872","40213","402",1012
"1873","40227","402",1012
"1874","45476","454",157
"1875","54347","543",247
"1876","50823","508",956
"1877","50672","506",958
"1878","48734","487",190
"1879","50999","509",954
"1880","66557","665",250
"1881","66646","666",249
"1882","51065","510",1097
"1883","45894","458",189
"1884","42551","425",281
"1885","53123","531",294
"1886","42655","426",280
"1887","79235","792",502
"1888","79361","793",501
"1889","56068","560",385
"1890","55432","554",435
"1891","67714","677",446
"1892","56203","562",367
"1893","67688","676",451
"1894","79365","793",501
"1895","66994","669",298
"1896","57581","575",166
"1897","12045","120",530
"1898","12057","120",530
"1899","13125","131",826
"1900","12557","125",521
"1901","01139","011",813
"1902","01920","019",853
"1903","01900","019",855
"1904","03046","030",908
"1905","02999","029",802
"1906","03053","030",908
"1907","02779","027",768
"1908","02894","028",767
"1909","44139","441",340
"1910","56218","562",366
"1911","57641","576",161
"1912","48268","482",205
"1913","57413","574",168
"1914","57586","575",166
"1915","57223","572",170
"1916","56470","564",352
"1917","65388","653",309
"1918","77855","778",392
"1919","77833","778",392
"1920","77736","777",397
"1921","77815","778",392
"1922","79774","797",488
"1923","97852","978",1077
"1924","21680","216",529
"1925","24797","247",533
"1926","73278","732",971
"1927","34212","342",421
"1928","97778","977",1079
"1929","24837","248",531
"1930","71540","715",118
"1931","36251","362",560
"1932","97753","977",1079
"1933","65199","651",311
"1934","59329","593",224
"1935","79809","798",482
"1936","49393","493",649
"1937","78147","781",273
"1938","67158","671",476
"1939","67551","675",455
"1940","65468","654",308
"1941","42659","426",280
"1942","66131","661",260
"1943","51519","515",1144
"1944","42105","421",233
"1945","66459","664",255
"1946","58455","584",106
"1947","53819","538",335
"1948","56637","566",349
"1949","58339","583",107
"1950","82057","820",1167
"1951","85095","850",1011
"1952","82064","820",1167
"1953","07368","073",747
"1954","07745","077",742
"1955","92275","922",852
"1956","95447","954",154
"1957","95463","954",154
"1958","92363","923",851
"1959","81667","816",39
"1960","95138","951",93
"1961","39218","392",710
"1962","95482","954",154
"1963","95197","951",93
"1964","85399","853",999
"1965","39240","392",710
"1966","93354","933",51
"1967","95030","950",97
"1968","06126","061",692
"1969","82436","824",13
"1970","19209","192",765
"1971","82438","824",13
"1972","90602","906",749
"1973","96142","961",58
"1974","90607","906",753
"1975","39619","396",704
"1976","92353","923",851
"1977","29475","294",726
"1978","76889","768",1107
"1979","79686","796",492
"1980","56457","564",352
"1981","26345","263",796
"1982","77781","777",397
"1983","59494","594",222
"1984","55286","552",441
"1985","76547","765",1044
"1986","55262","552",442
"1987","88339","883",1074
"1988","29614","296",724
"1989","24794","247",534
"1990","22559","225",393
"1991","37181","371",637
"1992","36167","361",561
"1993","21274","212",487
"1994","31199","311",662
"1995","74586","745",969
"1996","88430","884",1071
"1997","21227","212",487
"1998","22041","220",405
"1999","89287","892",327
"2000","97340","973",1019
"2001","29339","293",727
"2002","36433","364",558
"2003","97332","973",1019
"2004","21394","213",478
"2005","87727","877",1165
"2006","29355","293",727
"2007","87770","877",1165
"2008","38229","382",617
"2009","87490","874",1136
"2010","89331","893",325
"2011","38542","385",613
"2012","87778","877",1165
"2013","86513","865",991
"2014","87772","877",1165
"2015","89353","893",325
"2016","86753","867",982
"2017","23701","237",566
"2018","86850","868",981
"2019","86872","868",981
"2020","99994","999",1168
"2021","87679","876",1166
"2022","86975","869",980
"2023","91802","918",877
"2024","23570","235",569
"2025","86447","864",948
"2026","86508","865",997
"2027","23774","237",566
"2028","38820","388",606
"2029","34134","341",423
"2030","73266","732",971
"2031","88046","880",1084
"2032","71577","715",118
"2033","88074","880",1084
"2034","24884","248",531
"2035","25370","253",850
"2036","24966","249",564
"2037","88149","881",1080
"2038","36166","361",561
"2039","73104","731",974
"2040","47624","476",210
"2041","54649","546",288
"2042","50189","501",928
"2043","54309","543",245
"2044","66740","667",304
"2045","54518","545",234
"2046","40474","404",1070
"2047","47058","470",217
"2048","54528","545",234
"2049","45478","454",157
"2050","48683","486",193
"2051","54498","544",242
"2052","45468","454",157
"2053","66571","665",250
"2054","45896","458",189
"2055","42719","427",279
"2056","66132","661",260
"2057","79400","794",496
"2058","44289","442",339
"2059","55497","554",435
"2060","58509","585",105
"2061","51580","515",1142
"2062","56329","563",358
"2063","79189","791",506
"2064","49549","495",643
"2065","67731","677",447
"2066","76891","768",1107
"2067","67657","676",451
"2068","56427","564",351
"2069","44229","442",339
"2070","51570","515",1142
"2071","65510","655",307
"2072","55126","551",445
"2073","35753","357",570
"2074","78132","781",273
"2075","49377","493",649
"2076","65187","651",311
"2077","55118","551",445
"2078","49457","494",645
"2079","33332","333",509
"2080","58285","582",112
"2081","55481","554",435
"2082","58453","584",106
"2083","26579","265",791
"2084","51399","513",1148
"2085","56862","568",425
"2086","44879","448",416
"2087","49716","497",641
"2088","53721","537",338
"2089","85447","854",1060
"2090","95185","951",93
"2091","84107","841",46
"2092","92681","926",841
"2093","95680","956",143
"2094","84435","844",81
"2095","18106","181",701
"2096","06231","062",690
"2097","84405","844",81
"2098","18057","180",702
"2099","84066","840",49
"2100","92442","924",849
"2101","83556","835",131
"2102","06779","067",674
"2103","92439","924",849
"2104","92685","926",844
"2105","08261","082",735
"2106","93192","931",53
"2107","04317","043",867
"2108","04318","043",867
"2109","04316","043",867
"2110","08289","082",736
"2111","18314","183",697
"2112","06905","069",664
"2113","09337","093",1126
"2114","18465","184",696
"2115","09247","092",1130
"2116","94574","945",21
"2117","93471","934",50
"2118","84371","843",83
"2119","09669","096",1116
"2120","94209","942",27
"2121","04916","049",857
"2122","09434","094",1123
"2123","09509","095",1119
"2124","16556","165",874
"2125","16559","165",874
"2126","16562","165",874
"2127","12203","122",524
"2128","16567","165",874
"2129","12167","121",527
"2130","10715","107",437
"2131","10827","108",432
"2132","61462","614",1028
"2133","76139","761",1056
"2134","33605","336",499
"2135","27478","274",924
"2136","27753","277",919
"2137","75236","752",1124
"2138","75387","753",1121
"2139","33813","338",548
"2140","60487","604",61
"2141","72224","722",76
"2142","75378","753",1121
"2143","75239","752",1124
"2144","32049","320",630
"2145","69488","694",176
"2146","35037","350",586
"2147","35039","350",586
"2148","61194","611",962
"2149","27252","272",926
"2150","75059","750",1131
"2151","69257","692",182
"2152","61203","612",1030
"2153","61137","611",962
"2154","28213","282",902
"2155","25832","258",830
"2156","78598","785",265
"2157","75428","754",1117
"2158","74343","743",929
"2159","71665","716",117
"2160","74193","741",940
"2161","28879","288",894
"2162","32694","326",656
"2163","31737","317",670
"2164","63654","636",1161
"2165","27404","274",923
"2166","25884","258",830
"2167","88634","886",1064
"2168","36326","363",559
"2169","70192","701",11
"2170","31717","317",671
"2171","37696","376",631
"2172","70174","701",11
"2173","70599","705",8
"2174","74842","748",966
"2175","70376","703",10
"2176","74385","743",929
"2177","34560","345",407
"2178","63877","638",1156
"2179","70734","707",5
"2180","34590","345",407
"2181","36341","363",559
"2182","63874","638",1156
"2183","88090","880",1084
"2184","72532","725",70
"2185","74182","741",939
"2186","73776","737",1038
"2187","34132","341",423
"2188","72525","725",70
"2189","13059","130",833
"2190","13057","130",833
"2191","04928","049",857
"2192","01097","010",816
"2193","01326","013",810
"2194","15344","153",914
"2195","15913","159",907
"2196","03099","030",908
"2197","03055","030",908
"2198","49406","494",645
"2199","78664","786",262
"2200","35216","352",579
"2201","32257","322",627
"2202","68239","682",395
"2203","33689","336",499
"2204","35633","356",573
"2205","78652","786",262
"2206","64625","646",1100
"2207","32120","321",629
"2208","78647","786",262
"2209","75053","750",1131
"2210","61169","611",962
"2211","60323","603",62
"2212","76684","766",1115
"2213","61231","612",1030
"2214","78559","785",265
"2215","35463","354",576
"2216","75447","754",1117
"2217","71116","711",126
"2218","78269","782",270
"2219","78603","786",263
"2220","25852","258",830
"2221","32805","328",646
"2222","64753","647",1099
"2223","72070","720",40
"2224","31621","316",677
"2225","72072","720",40
"2226","35329","353",578
"2227","72393","723",75
"2228","72074","720",40
"2229","63594","635",1163
"2230","31711","317",670
"2231","31608","316",677
"2232","74855","748",966
"2233","74838","748",966
"2234","70199","701",11
"2235","63820","638",1156
"2236","31632","316",677
"2237","74223","742",931
"2238","71726","717",111
"2239","21729","217",525
"2240","36355","363",559
"2241","72516","725",70
"2242","74219","742",934
"2243","71336","713",122
"2244","24869","248",531
"2245","74248","742",933
"2246","63831","638",1156
"2247","88636","886",1064
"2248","31785","317",672
"2249","74239","742",934
"2250","72534","725",70
"2251","99996","999",1168
"2252","37441","374",634
"2253","38527","385",613
"2254","98554","985",959
"2255","91623","916",887
"2256","38329","383",615
"2257","87665","876",1166
"2258","38877","388",606
"2259","91639","916",886
"2260","86862","868",981
"2261","38325","383",615
"2262","99330","993",1149
"2263","96178","961",58
"2264","38467","384",614
"2265","90614","906",750
"2266","91183","911",898
"2267","99310","993",1149
"2268","29468","294",726
"2269","82491","824",13
"2270","96215","962",57
"2271","06537","065",683
"2272","36119","361",561
"2273","25361","253",850
"2274","73061","730",978
"2275","34123","341",423
"2276","97773","977",1079
"2277","25587","255",846
"2278","97851","978",1077
"2279","25566","255",846
"2280","97775","977",1079
"2281","97849","978",1077
"2282","97794","977",1079
"2283","88427","884",1071
"2284","21614","216",528
"2285","73347","733",1043
"2286","73108","731",973
"2287","79739","797",489
"2288","55546","555",434
"2289","57647","576",163
"2290","67098","670",479
"2291","67487","674",460
"2292","65597","655",307
"2293","33775","337",555
"2294","77794","777",397
"2295","65201","652",310
"2296","35767","357",570
"2297","49439","494",645
"2298","79865","798",482
"2299","67167","671",476
"2300","67150","671",476
"2301","33790","337",555
"2302","55276","552",443
"2303","58507","585",105
"2304","48147","481",206
"2305","58730","587",103
"2306","48291","482",205
"2307","49525","495",643
"2308","79283","792",502
"2309","91180","911",898
"2310","06485","064",687
"2311","38829","388",606
"2312","82445","824",13
"2313","96187","961",58
"2314","82291","822",19
"2315","99448","994",1147
"2316","91362","913",895
"2317","23968","239",589
"2318","90518","905",755
"2319","82335","823",17
"2320","82194","821",20
"2321","37139","371",637
"2322","74427","744",970
"2323","24401","244",544
"2324","88239","882",1078
"2325","36219","362",560
"2326","21147","211",491
"2327","74595","745",969
"2328","88175","881",1080
"2329","22547","225",393
"2330","37081","370",639
"2331","36269","362",560
"2332","88483","884",1071
"2333","24369","243",546
"2334","37083","370",639
"2335","21218","212",487
"2336","24537","245",541
"2337","89075","890",337
"2338","24640","246",536
"2339","21073","210",493
"2340","89231","892",327
"2341","22085","220",405
"2342","97273","972",1020
"2343","74599","745",969
"2344","37136","371",637
"2345","37308","373",635
"2346","22399","223",400
"2347","29227","292",728
"2348","24119","241",557
"2349","87763","877",1165
"2350","97505","975",1087
"2351","91541","915",890
"2352","21033","210",494
"2353","29348","293",727
"2354","87748","877",1165
"2355","89299","892",327
"2356","24149","241",557
"2357","87448","874",1136
"2358","97520","975",1085
"2359","29331","293",727
"2360","38279","382",617
"2361","97359","973",1019
"2362","37327","373",635
"2363","86488","864",943
"2364","87493","874",1136
"2365","38159","381",618
"2366","87746","877",1165
"2367","22969","229",452
"2368","21447","214",472
"2369","91589","915",889
"2370","29593","295",725
"2371","87497","874",1136
"2372","87754","877",1165
"2373","38530","385",613
"2374","91731","917",878
"2375","38312","383",615
"2376","23898","238",595
"2377","24329","243",547
"2378","86483","864",943
"2379","91413","914",893
"2380","37444","374",634
"2381","07937","079",739
"2382","95028","950",97
"2383","95194","951",93
"2384","92665","926",841
"2385","93142","931",53
"2386","83135","831",86
"2387","83562","835",131
"2388","83071","830",87
"2389","84437","844",81
"2390","92555","925",847
"2391","04205","042",868
"2392","08468","084",731
"2393","92545","925",847
"2394","83125","831",85
"2395","92709","927",838
"2396","17168","171",722
"2397","08107","081",737
"2398","14772","147",772
"2399","14641","146",774
"2400","94405","944",23
"2401","94428","944",23
"2402","08297","082",736
"2403","94553","945",21
"2404","17255","172",719
"2405","09648","096",1116
"2406","16835","168",871
"2407","83483","834",132
"2408","09131","091",1132
"2409","04874","048",858
"2410","93470","934",50
"2411","04741","047",859
"2412","94259","942",27
"2413","16515","165",874
"2414","94167","941",1173
"2415","16547","165",874
"2416","14057","140",783
"2417","16548","165",874
"2418","12169","121",527
"2419","12159","121",527
"2420","13347","133",824
"2421","12277","122",524
"2422","10115","101",387
"2423","94566","945",22
"2424","10963","109",431
"2425","12349","123",523
"2426","10997","109",431
"2427","10409","104",369
"2428","52066","520",1027
"2429","41849","418",313
"2430","47546","475",212
"2431","52388","523",1023
"2432","66679","666",249
"2433","50169","501",928
"2434","47055","470",217
"2435","46147","461",99
"2436","48703","487",191
"2437","51107","511",1096
"2438","58091","580",119
"2439","44145","441",340
"2440","56566","565",350
"2441","44269","442",339
"2442","48496","484",197
"2443","79418","794",496
"2444","49733","497",641
"2445","53426","534",291
"2446","44869","448",416
"2447","53424","534",291
"2448","53179","531",294
"2449","26906","269",780
"2450","26844","268",784
"2451","85084","850",1009
"2452","91284","912",897
"2453","82031","820",1167
"2454","80339","803",825
"2455","95499","954",154
"2456","92262","922",852
"2457","80331","803",825
"2458","95352","953",156
"2459","93339","933",51
"2460","81679","816",39
"2461","39104","391",713
"2462","07646","076",744
"2463","39126","391",713
"2464","85662","856",1052
"2465","39249","392",710
"2466","18209","182",698
"2467","95682","956",143
"2468","92287","922",852
"2469","12353","123",523
"2470","12435","124",522
"2471","10319","103",379
"2472","12683","126",516
"2473","01768","017",804
"2474","01728","017",804
"2475","16278","162",888
"2476","03103","031",906
"2477","15324","153",914
"2478","02763","027",768
"2479","02828","028",767
"2480","57548","575",166
"2481","79100","791",506
"2482","59757","597",219
"2483","59320","593",224
"2484","67819","678",518
"2485","77960","779",390
"2486","67475","674",460
"2487","59759","597",219
"2488","49434","494",645
"2489","49074","490",658
"2490","79274","792",502
"2491","26203","262",798
"2492","47533","475",212
"2493","41844","418",313
"2494","52441","524",1095
"2495","47906","479",207
"2496","47918","479",207
"2497","41236","412",284
"2498","66693","666",249
"2499","47803","478",208
"2500","47799","477",209
"2501","41464","414",324
"2502","47178","471",215
"2503","54523","545",234
"2504","40219","402",1012
"2505","40215","402",1012
"2506","40229","402",1012
"2507","40882","408",1059
"2508","40625","406",1062
"2509","51063","510",1097
"2510","45138","451",160
"2511","48455","484",197
"2512","66299","662",259
"2513","53177","531",294
"2514","45889","458",189
"2515","26506","265",789
"2516","42349","423",230
"2517","45699","456",153
"2518","53840","538",334
"2519","26529","265",789
"2520","48727","487",191
"2521","55491","554",435
"2522","26826","268",784
"2523","56645","566",349
"2524","56626","566",349
"2525","59399","593",223
"2526","56589","565",350
"2527","66907","669",297
"2528","79367","793",501
"2529","79594","795",495
"2530","67701","677",447
"2531","56249","562",368
"2532","77963","779",390
"2533","56422","564",351
"2534","58840","588",101
"2535","56594","565",350
"2536","04910","049",857
"2537","15738","157",912
"2538","15746","157",912
"2539","01169","011",813
"2540","01159","011",813
"2541","94089","940",1179
"2542","01731","017",804
"2543","15370","153",914
"2544","15562","155",913
"2545","01259","012",811
"2546","01324","013",810
"2547","17424","174",716
"2548","82547","825",12
"2549","81249","812",44
"2550","29478","294",726
"2551","81245","812",44
"2552","07768","077",741
"2553","91230","912",897
"2554","23974","239",589
"2555","95361","953",156
"2556","95445","954",154
"2557","85778","857",1051
"2558","80337","803",825
"2559","85283","852",1004
"2560","81543","815",41
"2561","92355","923",851
"2562","85748","857",1049
"2563","83679","836",129
"2564","06425","064",687
"2565","06246","062",690
"2566","85405","854",1060
"2567","85467","854",1060
"2568","95237","952",92
"2569","92269","922",852
"2570","92449","924",849
"2571","95676","956",143
"2572","08543","085",730
"2573","07987","079",739
"2574","93095","930",28
"2575","93092","930",28
"2576","84149","841",45
"2577","14828","148",771
"2578","14793","147",772
"2579","83253","832",135
"2580","04179","041",870
"2581","04565","045",862
"2582","84164","841",45
"2583","04289","042",868
"2584","18334","183",697
"2585","04329","043",867
"2586","04683","046",861
"2587","83349","833",133
"2588","16837","168",871
"2589","83373","833",133
"2590","17252","172",719
"2591","09243","092",1130
"2592","94371","943",26
"2593","09399","093",1126
"2594","09217","092",1130
"2595","84489","844",82
"2596","84337","843",83
"2597","09228","092",1130
"2598","94526","945",21
"2599","04774","047",859
"2600","94577","945",22
"2601","09405","094",1123
"2602","18435","184",696
"2603","14480","144",777
"2604","94086","940",1176
"2605","13585","135",820
"2606","13599","135",820
"2607","17279","172",721
"2608","13469","134",822
"2609","10707","107",437
"2610","16552","165",874
"2611","12307","123",523
"2612","73116","731",974
"2613","24358","243",546
"2614","89616","896",315
"2615","88456","884",1071
"2616","24972","249",564
"2617","97950","979",1072
"2618","24340","243",546
"2619","73557","735",1041
"2620","21129","211",491
"2621","97762","977",1079
"2622","37079","370",639
"2623","97249","972",1020
"2624","36163","361",561
"2625","74575","745",969
"2626","73574","735",1041
"2627","22607","226",391
"2628","97209","972",1020
"2629","24631","246",538
"2630","24251","242",552
"2631","20144","201",622
"2632","29229","292",728
"2633","24161","241",557
"2634","22391","223",400
"2635","89291","892",327
"2636","97724","977",1079
"2637","24147","241",557
"2638","97424","974",1018
"2639","97334","973",1019
"2640","91607","916",883
"2641","97517","975",1088
"2642","97421","974",1018
"2643","99988","999",1168
"2644","97526","975",1086
"2645","73495","734",1042
"2646","24306","243",547
"2647","21339","213",478
"2648","38543","385",613
"2649","87671","876",1166
"2650","29367","293",727
"2651","38239","382",617
"2652","89426","894",323
"2653","99846","998",1169
"2654","91611","916",883
"2655","97437","974",1018
"2656","21403","214",471
"2657","87459","874",1136
"2658","87657","876",1166
"2659","29549","295",725
"2660","33333","333",509
"2661","78655","786",262
"2662","65812","658",361
"2663","35586","355",574
"2664","78176","781",273
"2665","78658","786",262
"2666","79807","798",484
"2667","64665","646",1100
"2668","68542","685",389
"2669","76709","767",1114
"2670","69514","695",173
"2671","78661","786",262
"2672","75331","753",1121
"2673","60431","604",61
"2674","25881","258",830
"2675","69121","691",187
"2676","60320","603",62
"2677","78594","785",265
"2678","61184","611",962
"2679","64397","643",1035
"2680","60386","603",62
"2681","27729","277",920
"2682","75038","750",1131
"2683","63065","630",1106
"2684","64405","644",1032
"2685","28201","282",902
"2686","35110","351",583
"2687","63456","634",1164
"2688","27305","273",925
"2689","63486","634",1164
"2690","28307","283",901
"2691","74934","749",964
"2692","25719","257",834
"2693","33014","330",513
"2694","63683","636",1161
"2695","71065","710",78
"2696","64750","647",1099
"2697","31715","317",671
"2698","63937","639",1152
"2699","74366","743",929
"2700","31688","316",675
"2701","31840","318",665
"2702","70794","707",4
"2703","74177","741",941
"2704","63840","638",1156
"2705","31626","316",677
"2706","34396","343",412
"2707","63633","636",1161
"2708","31860","318",665
"2709","25596","255",846
"2710","74255","742",934
"2711","34633","346",406
"2712","31542","315",678
"2713","74740","747",967
"2714","72584","725",70
"2715","21683","216",529
"2716","73249","732",971
"2717","29693","296",724
"2718","30890","308",600
"2719","27419","274",923
"2720","97836","978",1077
"2721","85132","851",1005
"2722","91795","917",879
"2723","06567","065",683
"2724","90443","904",760
"2725","82299","822",19
"2726","96257","962",57
"2727","99625","996",1141
"2728","39164","391",713
"2729","82205","822",19
"2730","82402","824",16
"2731","82347","823",17
"2732","90610","906",751
"2733","85110","851",1005
"2734","82275","822",19
"2735","07330","073",747
"2736","06469","064",687
"2737","92334","923",851
"2738","86736","867",982
"2739","29575","295",725
"2740","97483","974",1018
"2741","21354","213",478
"2742","23558","235",569
"2743","29584","295",725
"2744","91590","915",889
"2745","86486","864",943
"2746","86869","868",981
"2747","96184","961",58
"2748","96194","961",58
"2749","29413","294",726
"2750","86859","868",981
"2751","86987","869",980
"2752","90556","905",756
"2753","38474","384",614
"2754","86511","865",990
"2755","29410","294",726
"2756","82442","824",13
"2757","86643","866",988
"2758","91807","918",875
"2759","96123","961",58
"2760","86554","865",996
"2761","86666","866",988
"2762","90431","904",760
"2763","91330","913",895
"2764","86551","865",996
"2765","91094","910",900
"2766","65594","655",307
"2767","26382","263",797
"2768","49176","491",654
"2769","77756","777",397
"2770","57392","573",169
"2771","55239","552",439
"2772","76877","768",1109
"2773","67590","675",455
"2774","55120","551",445
"2775","67229","672",469
"2776","26135","261",800
"2777","79848","798",482
"2778","67363","673",463
"2779","67126","671",476
"2780","79843","798",482
"2781","27798","277",919
"2782","35690","356",572
"2783","76777","767",1111
"2784","67227","672",469
"2785","67374","673",463
"2786","76344","763",1047
"2787","61479","614",1028
"2788","67354","673",463
"2789","74749","747",967
"2790","71573","715",118
"2791","73269","732",971
"2792","24890","248",531
"2793","88525","885",1068
"2794","34320","343",414
"2795","73349","733",1043
"2796","21643","216",528
"2797","24809","248",531
"2798","36211","362",560
"2799","94116","941",1175
"2800","01640","016",806
"2801","94151","941",1175
"2802","94107","941",1175
"2803","01734","017",804
"2804","17335","173",718
"2805","17309","173",718
"2806","17459","174",716
"2807","01477","014",809
"2808","33428","334",505
"2809","78148","781",273
"2810","55257","552",442
"2811","76530","765",1044
"2812","26125","261",800
"2813","25946","259",827
"2814","76187","761",1056
"2815","72275","722",76
"2816","78126","781",273
"2817","67346","673",463
"2818","76661","766",1115
"2819","79677","796",492
"2820","77731","777",397
"2821","79211","792",502
"2822","67691","676",451
"2823","55218","552",442
"2824","48361","483",202
"2825","01917","019",853
"2826","17329","173",718
"2827","03048","030",908
"2828","03052","030",908
"2829","02829","028",767
"2830","02826","028",767
"2831","85305","853",1000
"2832","82166","821",20
"2833","19063","190",766
"2834","39171","391",713
"2835","99518","995",1145
"2836","06317","063",688
"2837","81539","815",41
"2838","80939","809",814
"2839","85354","853",999
"2840","06618","066",681
"2841","93309","933",51
"2842","92277","922",852
"2843","92366","923",851
"2844","85586","855",1057
"2845","85560","855",1057
"2846","59348","593",223
"2847","48366","483",199
"2848","66901","669",297
"2849","48485","484",197
"2850","56299","562",365
"2851","58454","584",106
"2852","45279","452",159
"2853","49835","498",638
"2854","45886","458",189
"2855","56856","568",425
"2856","42853","428",274
"2857","42283","422",232
"2858","53604","536",341
"2859","66885","668",302
"2860","48308","483",199
"2861","44135","441",340
"2862","79588","795",495
"2863","55569","555",433
"2864","90562","905",758
"2865","29462","294",726
"2866","99098","990",1158
"2867","96167","961",58
"2868","90475","904",760
"2869","96224","962",57
"2870","90592","905",755
"2871","98743","987",1013
"2872","96355","963",56
"2873","86564","865",996
"2874","82541","825",12
"2875","84101","841",46
"2876","06217","062",690
"2877","16949","169",869
"2878","95632","956",143
"2879","06108","061",692
"2880","84095","840",47
"2881","92708","927",835
"2882","39539","395",705
"2883","07973","079",739
"2884","84432","844",81
"2885","92536","925",847
"2886","04420","044",865
"2887","18292","182",698
"2888","93087","930",28
"2889","93101","931",54
"2890","04109","041",870
"2891","94348","943",26
"2892","84163","841",45
"2893","94344","943",26
"2894","08371","083",733
"2895","04567","045",862
"2896","93464","934",50
"2897","04651","046",861
"2898","83313","833",133
"2899","04828","048",858
"2900","04687","046",861
"2901","84333","843",83
"2902","14669","146",774
"2903","94267","942",27
"2904","06925","069",664
"2905","83410","834",132
"2906","83471","834",132
"2907","16775","167",873
"2908","94557","945",21
"2909","04758","047",859
"2910","14467","144",777
"2911","14055","140",783
"2912","17034","170",723
"2913","10777","107",437
"2914","13407","134",822
"2915","13159","131",826
"2916","10435","104",369
"2917","18551","185",695
"2918","35614","356",571
"2919","68307","683",394
"2920","26919","269",781
"2921","68169","681",401
"2922","65835","658",361
"2923","35510","355",575
"2924","32339","323",626
"2925","72172","721",33
"2926","64673","646",1100
"2927","32278","322",627
"2928","69221","692",184
"2929","75180","751",1128
"2930","28197","281",904
"2931","35390","353",577
"2932","60322","603",62
"2933","69242","692",179
"2934","28259","282",903
"2935","75248","752",1124
"2936","72355","723",74
"2937","28857","288",894
"2938","75382","753",1121
"2939","69245","692",182
"2940","69259","692",185
"2941","64407","644",1032
"2942","32425","324",625
"2943","35288","352",580
"2944","63667","636",1161
"2945","25856","258",830
"2946","75050","750",1131
"2947","31592","315",679
"2948","63543","635",1163
"2949","74912","749",964
"2950","72076","720",40
"2951","34471","344",409
"2952","63853","638",1156
"2953","74078","740",942
"2954","63785","637",1159
"2955","88639","886",1064
"2956","74206","742",936
"2957","74348","743",929
"2958","72827","728",65
"2959","25712","257",834
"2960","74172","741",941
"2961","74074","740",942
"2962","31553","315",678
"2963","70372","703",10
"2964","74743","747",967
"2965","25584","255",846
"2966","72660","726",67
"2967","21522","215",465
"2968","38100","381",618
"2969","99894","998",1169
"2970","87660","876",1166
"2971","86877","868",981
"2972","98646","986",1016
"2973","89434","894",323
"2974","38875","388",606
"2975","38442","384",614
"2976","96176","961",58
"2977","23758","237",566
"2978","29571","295",725
"2979","23923","239",589
"2980","86984","869",980
"2981","86663","866",988
"2982","91350","913",895
"2983","99189","991",1154
"2984","86940","869",980
"2985","82389","823",17
"2986","96146","961",58
"2987","23779","237",566
"2988","23936","239",589
"2989","90427","904",760
"2990","99084","990",1158
"2991","99086","990",1158
"2992","79576","795",495
"2993","66969","669",298
"2994","56112","561",381
"2995","26849","268",784
"2996","48165","481",206
"2997","56077","560",385
"2998","59427","594",222
"2999","55590","555",433
"3000","79410","794",496
"3001","56204","562",367
"3002","58802","588",101
"3003","79279","792",502
"3004","73114","731",975
"3005","30880","308",599
"3006","37284","372",636
"3007","89134","891",332
"3008","73340","733",1043
"3009","24351","243",546
"3010","88480","884",1071
"3011","37176","371",637
"3012","21075","210",493
"3013","24558","245",540
"3014","89174","891",332
"3015","89171","891",332
"3016","89551","895",320
"3017","87547","875",1135
"3018","23826","238",591
"3019","24118","241",557
"3020","91616","916",883
"3021","38685","386",610
"3022","91593","915",892
"3023","89441","894",323
"3024","97511","975",1089
"3025","89355","893",325
"3026","52068","520",1027
"3027","52080","520",1027
"3028","54611","546",290
"3029","47807","478",208
"3030","47798","477",209
"3031","40667","406",1063
"3032","41460","414",324
"3033","53902","539",330
"3034","46354","463",95
"3035","49849","498",638
"3036","40217","402",1012
"3037","40212","402",1012
"3038","50935","509",955
"3039","53359","533",292
"3040","46240","462",98
"3041","45964","459",188
"3042","66111","661",260
"3043","51381","513",1148
"3044","56841","568",424
"3045","74214","742",934
"3046","25578","255",846
"3047","37640","376",631
"3048","37620","376",631
"3049","89611","896",316
"3050","73110","731",972
"3051","89150","891",332
"3052","36088","360",563
"3053","73098","730",978
"3054","47551","475",212
"3055","52477","524",1095
"3056","52382","523",1023
"3057","47506","475",211
"3058","54647","546",288
"3059","54316","543",244
"3060","47139","471",215
"3061","50259","502",961
"3062","40468","404",1070
"3063","40470","404",1070
"3064","40599","405",1066
"3065","45475","454",157
"3066","50739","507",957
"3067","66636","666",249
"3068","66117","661",260
"3069","50968","509",954
"3070","56825","568",425
"3071","53125","531",294
"3072","48720","487",191
"3073","79822","798",482
"3074","35759","357",570
"3075","76437","764",1045
"3076","49143","491",654
"3077","26122","261",800
"3078","79790","797",488
"3079","55252","552",444
"3080","76764","767",1111
"3081","35684","356",572
"3082","76189","761",1056
"3083","67577","675",455
"3084","26936","269",781
"3085","67365","673",463
"3086","59557","595",221
"3087","27801","278",916
"3088","59602","596",220
"3089","67117","671",476
"3090","66862","668",303
"3091","55596","555",433
"3092","67732","677",447
"3093","79429","794",496
"3094","56349","563",357
"3095","67697","676",451
"3096","49497","494",644
"3097","49536","495",643
"3098","67728","677",450
"3099","59469","594",222
"3100","65582","655",307
"3101","65626","656",375
"3102","59519","595",221
"3103","59823","598",218
"3104","57234","572",170
"3105","67308","673",464
"3106","77787","777",397
"3107","67157","671",476
"3108","26903","269",779
"3109","26465","264",793
"3110","66504","665",252
"3111","56323","563",354
"3112","58515","585",105
"3113","48159","481",206
"3114","56743","567",346
"3115","55776","557",514
"3116","56751","567",346
"3117","24783","247",534
"3118","73054","730",978
"3119","73113","731",977
"3120","36277","362",560
"3121","37120","371",637
"3122","30629","306",602
"3123","29649","296",724
"3124","88260","882",1078
"3125","31137","311",662
"3126","37075","370",639
"3127","97657","976",1082
"3128","20359","203",620
"3129","73434","734",1042
"3130","97647","976",1082
"3131","23812","238",591
"3132","73433","734",1042
"3133","97534","975",1085
"3134","22159","221",404
"3135","89520","895",320
"3136","87779","877",1165
"3137","87752","877",1165
"3138","89567","895",320
"3139","89428","894",323
"3140","24638","246",539
"3141","98639","986",1016
"3142","89358","893",325
"3143","24238","242",550
"3144","86735","867",982
"3145","96160","961",58
"3146","89365","893",325
"3147","87742","877",1165
"3148","91463","914",893
"3149","38114","381",618
"3150","67061","670",480
"3151","32361","323",626
"3152","33154","331",511
"3153","35585","355",574
"3154","64683","646",1100
"3155","78662","786",262
"3156","75196","751",1129
"3157","75045","750",1131
"3158","33161","331",511
"3159","69469","694",176
"3160","28719","287",896
"3161","27616","276",921
"3162","60594","605",60
"3163","61118","611",962
"3164","33175","331",511
"3165","61206","612",1031
"3166","27245","272",926
"3167","63150","631",1105
"3168","32429","324",625
"3169","32547","325",624
"3170","64853","648",1098
"3171","31595","315",679
"3172","25774","257",834
"3173","71106","711",126
"3174","28325","283",901
"3175","21785","217",525
"3176","27412","274",923
"3177","71739","717",110
"3178","74252","742",935
"3179","35279","352",580
"3180","63679","636",1161
"3181","25866","258",830
"3182","31719","317",671
"3183","25785","257",834
"3184","70806","708",3
"3185","63768","637",1160
"3186","71640","716",116
"3187","63857","638",1156
"3188","71332","713",122
"3189","31867","318",665
"3190","74736","747",967
"3191","73230","732",971
"3192","91459","914",893
"3193","91622","916",883
"3194","38162","381",618
"3195","38319","383",615
"3196","38165","381",618
"3197","29389","293",727
"3198","91737","917",878
"3199","91586","915",889
"3200","86685","866",988
"3201","96188","961",58
"3202","86485","864",948
"3203","99100","991",1154
"3204","86925","869",980
"3205","96190","961",58
"3206","86507","865",989
"3207","86179","861",953
"3208","91336","913",895
"3209","90441","904",760
"3210","24867","248",531
"3211","73262","732",971
"3212","36364","363",559
"3213","34327","343",414
"3214","24819","248",531
"3215","73101","731",972
"3216","21646","216",528
"3217","73087","730",978
"3218","34286","342",421
"3219","73344","733",1043
"3220","97854","978",1077
"3221","25336","253",850
"3222","97959","979",1072
"3223","92348","923",851
"3224","19053","190",766
"3225","85077","850",1009
"3226","80634","806",818
"3227","85391","853",1001
"3228","85386","853",999
"3229","80538","805",821
"3230","39112","391",713
"3231","06638","066",682
"3232","95233","952",92
"3233","85579","855",1058
"3234","85414","854",1060
"3235","92237","922",852
"3236","83703","837",128
"3237","06198","061",692
"3238","95686","956",143
"3239","84091","840",49
"3240","83737","837",128
"3241","85368","853",1003
"3242","92286","922",852
"3243","39590","395",705
"3244","93161","931",53
"3245","06258","062",690
"3246","83075","830",87
"3247","85659","856",1055
"3248","84098","840",49
"3249","83558","835",131
"3250","83527","835",131
"3251","83131","831",84
"3252","14728","147",773
"3253","04639","046",860
"3254","04275","042",868
"3255","08115","081",737
"3256","04347","043",867
"3257","04299","042",868
"3258","08147","081",737
"3259","14797","147",772
"3260","92557","925",847
"3261","84550","845",79
"3262","08315","083",732
"3263","09224","092",1130
"3264","83413","834",132
"3265","93476","934",50
"3266","94447","944",23
"3267","09484","094",1123
"3268","94486","944",23
"3269","17109","171",722
"3270","18516","185",694
"3271","94501","945",22
"3272","14482","144",777
"3273","94551","945",22
"3274","94137","941",1171
"3275","09514","095",1119
"3276","18574","185",695
"3277","09618","096",1116
"3278","94169","941",1175
"3279","17036","170",723
"3280","10713","107",437
"3281","10625","106",438
"3282","12247","122",524
"3283","94481","944",25
"3284","99099","990",1158
"3285","86495","864",946
"3286","90461","904",760
"3287","90489","904",760
"3288","82418","824",13
"3289","86701","867",984
"3290","19075","190",766
"3291","91355","913",895
"3292","95359","953",156
"3293","06571","065",683
"3294","82110","821",20
"3295","29491","294",726
"3296","91242","912",897
"3297","01833","018",856
"3298","01906","019",853
"3299","03149","031",906
"3300","02727","027",768
"3301","94121","941",1175
"3302","94545","945",22
"3303","03238","032",905
"3304","01468","014",809
"3305","17389","173",718
"3306","01945","019",853
"3307","49844","498",638
"3308","49832","498",638
"3309","95100","951",93
"3310","06686","066",681
"3311","83109","831",86
"3312","95186","951",93
"3313","92703","927",837
"3314","84088","840",49
"3315","83115","831",84
"3316","06766","067",674
"3317","18184","181",699
"3318","84419","844",81
"3319","92436","924",849
"3320","04442","044",864
"3321","06774","067",674
"3322","84109","841",45
"3323","08066","080",738
"3324","84177","841",45
"3325","14823","148",771
"3326","94363","943",26
"3327","04680","046",861
"3328","09353","093",1126
"3329","08359","083",732
"3330","16816","168",871
"3331","16831","168",871
"3332","94374","943",26
"3333","94505","945",21
"3334","09235","092",1130
"3335","93458","934",50
"3336","94533","945",21
"3337","17217","172",720
"3338","14612","146",774
"3339","13593","135",820
"3340","13589","135",820
"3341","18556","185",695
"3342","94258","942",27
"3343","14050","140",783
"3344","94081","940",1176
"3345","13509","135",820
"3346","94513","945",22
"3347","12207","122",524
"3348","10823","108",432
"3349","10178","101",387
"3350","15938","159",907
"3351","12529","125",521
"3352","95326","953",156
"3353","85221","852",1004
"3354","95512","955",147
"3355","92367","923",851
"3356","93336","933",51
"3357","07743","077",742
"3358","95448","954",154
"3359","80469","804",823
"3360","80807","808",815
"3361","81669","816",39
"3362","39221","392",710
"3363","19374","193",763
"3364","84048","840",49
"3365","18225","182",698
"3366","92249","922",852
"3367","85665","856",1052
"3368","85419","854",1060
"3369","85435","854",1060
"3370","86570","865",996
"3371","86529","865",996
"3372","82481","824",13
"3373","82343","823",17
"3374","85051","850",1009
"3375","25938","259",828
"3376","68642","686",388
"3377","78086","780",275
"3378","49453","494",645
"3379","68161","681",401
"3380","61273","612",1030
"3381","75389","753",1121
"3382","72160","721",33
"3383","65934","659",353
"3384","33719","337",554
"3385","60489","604",61
"3386","35094","350",586
"3387","27619","276",921
"3388","60437","604",61
"3389","69198","691",187
"3390","75173","751",1128
"3391","69168","691",186
"3392","27721","277",920
"3393","75056","750",1131
"3394","78592","785",265
"3395","71120","711",126
"3396","35114","351",583
"3397","64760","647",1099
"3398","78256","782",270
"3399","32423","324",625
"3400","63450","634",1164
"3401","74921","749",964
"3402","71034","710",78
"3403","71093","710",78
"3404","31691","316",675
"3405","63699","636",1161
"3406","72124","721",36
"3407","31749","317",670
"3408","27324","273",925
"3409","88630","886",1064
"3410","70190","701",11
"3411","74722","747",967
"3412","34379","343",412
"3413","34388","343",412
"3414","25786","257",834
"3415","63637","636",1161
"3416","74746","747",967
"3417","36093","360",563
"3418","73079","730",978
"3419","21629","216",528
"3420","97267","972",1020
"3421","74429","744",970
"3422","25499","254",848
"3423","97204","972",1020
"3424","97262","972",1020
"3425","22081","220",405
"3426","97502","975",1087
"3427","73432","734",1042
"3428","91625","916",883
"3429","22147","221",404
"3430","22885","228",456
"3431","24148","241",557
"3432","87730","877",1165
"3433","87463","874",1136
"3434","23867","238",591
"3435","23795","237",565
"3436","38176","381",618
"3437","38539","385",613
"3438","91613","916",883
"3439","97499","974",1018
"3440","29369","293",727
"3441","89435","894",323
"3442","99759","997",1170
"3443","91725","917",878
"3444","86871","868",981
"3445","38550","385",613
"3446","23556","235",569
"3447","86733","867",982
"3448","91462","914",893
"3449","98528","985",959
"3450","87645","876",1166
"3451","96191","961",58
"3452","29597","295",725
"3453","29499","294",726
"3454","19260","192",765
"3455","86943","869",980
"3456","86316","863",952
"3457","38486","384",614
"3458","82435","824",13
"3459","82272","822",19
"3460","01689","016",806
"3461","16356","163",880
"3462","15745","157",912
"3463","16225","162",888
"3464","94145","941",1175
"3465","01189","011",812
"3466","15528","155",913
"3467","01825","018",856
"3468","01819","018",856
"3469","34277","342",419
"3470","88527","885",1068
"3471","25489","254",848
"3472","34346","343",412
"3473","97941","979",1072
"3474","29643","296",724
"3475","88287","882",1078
"3476","88131","881",1080
"3477","15306","153",914
"3478","02625","026",769
"3479","15295","152",915
"3480","02791","027",768
"3481","41169","411",285
"3482","54439","544",240
"3483","47877","478",208
"3484","46399","463",96
"3485","54308","543",244
"3486","47805","478",208
"3487","40545","405",1067
"3488","54427","544",241
"3489","50769","507",957
"3490","66839","668",301
"3491","45481","454",157
"3492","40627","406",1062
"3493","54349","543",247
"3494","50825","508",956
"3495","46286","462",98
"3496","45966","459",188
"3497","45149","451",160
"3498","51377","513",1148
"3499","45899","458",189
"3500","66280","662",259
"3501","44225","442",339
"3502","48161","481",206
"3503","58579","585",105
"3504","26434","264",792
"3505","49610","496",642
"3506","57078","570",172
"3507","49078","490",658
"3508","49596","495",643
"3509","48336","483",202
"3510","55435","554",436
"3511","65347","653",309
"3512","57271","572",170
"3513","79725","797",488
"3514","67473","674",460
"3515","56182","561",382
"3516","56322","563",354
"3517","26670","266",788
"3518","59077","590",227
"3519","79238","792",502
"3520","49586","495",643
"3521","56377","563",354
"3522","55624","556",430
"3523","44894","448",417
"3524","53804","538",335
"3525","56295","562",365
"3526","58313","583",109
"3527","53577","535",345
"3528","55619","556",429
"3529","45276","452",159
"3530","51145","511",1096
"3531","66606","666",249
"3532","66564","665",250
"3533","56812","568",425
"3534","42279","422",232
"3535","48488","484",197
"3536","42897","428",274
"3537","65614","656",377
"3538","59505","595",221
"3539","55122","551",445
"3540","26939","269",781
"3541","95145","951",93
"3542","08538","085",730
"3543","92700","927",835
"3544","19386","193",763
"3545","93352","933",51
"3546","18109","181",701
"3547","95199","951",93
"3548","84061","840",49
"3549","08529","085",730
"3550","93096","930",28
"3551","93093","930",28
"3552","08645","086",729
"3553","08428","084",731
"3554","92648","926",843
"3555","93104","931",55
"3556","08496","084",731
"3557","84152","841",45
"3558","83224","832",135
"3559","84562","845",80
"3560","18375","183",697
"3561","08134","081",737
"3562","84577","845",79
"3563","09356","093",1126
"3564","94372","943",26
"3565","84552","845",79
"3566","04889","048",858
"3567","84378","843",83
"3568","83416","834",132
"3569","04746","047",859
"3570","14621","146",774
"3571","09488","094",1123
"3572","14471","144",777
"3573","94255","942",27
"3574","93462","934",50
"3575","94166","941",1171
"3576","04749","047",859
"3577","17089","170",723
"3578","17033","170",723
"3579","13597","135",820
"3580","94072","940",1176
"3581","14165","141",778
"3582","13507","135",820
"3583","09634","096",1116
"3584","01665","016",806
"3585","10961","109",431
"3586","13187","131",826
"3587","10249","102",383
"3588","94160","941",1175
"3589","91238","912",897
"3590","92339","923",851
"3591","82061","820",1167
"3592","82049","820",1167
"3593","81379","813",43
"3594","07366","073",747
"3595","95356","953",156
"3596","93349","933",51
"3597","95502","955",148
"3598","06636","066",682
"3599","95509","955",148
"3600","83666","836",129
"3601","85649","856",1052
"3602","83627","836",129
"3603","95519","955",149
"3604","18236","182",698
"3605","06193","061",692
"3606","07927","079",739
"3607","06255","062",690
"3608","93326","933",51
"3609","07639","076",744
"3610","07586","075",745
"3611","83052","830",87
"3612","12459","124",522
"3613","17291","172",721
"3614","15711","157",912
"3615","01217","012",811
"3616","01458","014",809
"3617","15864","158",910
"3618","17326","173",718
"3619","02742","027",768
"3620","55494","554",435
"3621","67748","677",449
"3622","79346","793",501
"3623","79112","791",506
"3624","67699","676",451
"3625","59067","590",227
"3626","79244","792",502
"3627","77955","779",390
"3628","79276","792",502
"3629","41179","411",285
"3630","66706","667",305
"3631","47661","476",210
"3632","50181","501",928
"3633","46487","464",94
"3634","52391","523",1023
"3635","41569","415",321
"3636","54290","542",248
"3637","48691","486",193
"3638","47053","470",217
"3639","66809","668",301
"3640","54534","545",234
"3641","50859","508",956
"3642","50858","508",956
"3643","40595","405",1066
"3644","46284","462",98
"3645","50969","509",954
"3646","50674","506",958
"3647","42699","426",280
"3648","66121","661",260
"3649","56746","567",348
"3650","53343","533",292
"3651","51688","516",1140
"3652","53809","538",335
"3653","56588","565",350
"3654","66892","668",303
"3655","26607","266",788
"3656","53842","538",334
"3657","42117","421",233
"3658","55768","557",514
"3659","42369","423",230
"3660","45657","456",153
"3661","45739","457",144
"3662","42289","422",232
"3663","44787","447",422
"3664","53619","536",341
"3665","49770","497",641
"3666","90439","904",760
"3667","39359","393",708
"3668","86919","869",980
"3669","82449","824",13
"3670","90403","904",760
"3671","82407","824",16
"3672","90482","904",760
"3673","96515","965",88
"3674","38828","388",606
"3675","90473","904",760
"3676","96524","965",88
"3677","90542","905",758
"3678","86571","865",996
"3679","86561","865",996
"3680","85117","851",1005
"3681","91286","912",897
"3682","79802","798",485
"3683","64579","645",1101
"3684","27572","275",922
"3685","34508","345",408
"3686","68526","685",389
"3687","78609","786",262
"3688","69502","695",173
"3689","69190","691",186
"3690","63329","633",1103
"3691","27751","277",919
"3692","75228","752",1124
"3693","64287","642",1037
"3694","78549","785",265
"3695","60306","603",62
"3696","32105","321",628
"3697","21765","217",525
"3698","69518","695",173
"3699","75057","750",1131
"3700","28209","282",902
"3701","71134","711",126
"3702","75395","753",1121
"3703","72149","721",34
"3704","27432","274",923
"3705","25813","258",830
"3706","74363","743",929
"3707","70839","708",1
"3708","63814","638",1157
"3709","27446","274",923
"3710","74226","742",932
"3711","31707","317",670
"3712","71144","711",127
"3713","25876","258",830
"3714","34311","343",410
"3715","72667","726",67
"3716","63933","639",1151
"3717","31702","317",671
"3718","72800","728",63
"3719","72585","725",70
"3720","63872","638",1156
"3721","63846","638",1156
"3722","72661","726",67
"3723","34281","342",419
"3724","72581","725",70
"3725","24863","248",531
"3726","71570","715",118
"3727","97834","978",1077
"3728","21647","216",528
"3729","36282","362",560
"3730","24790","247",534
"3731","97769","977",1079
"3732","97780","977",1079
"3733","97776","977",1079
"3734","24796","247",534
"3735","24632","246",536
"3736","21256","212",487
"3737","74572","745",969
"3738","36169","361",561
"3739","97450","974",1018
"3740","20257","202",621
"3741","29352","293",727
"3742","20539","205",640
"3743","22303","223",400
"3744","97659","976",1082
"3745","87561","875",1135
"3746","73463","734",1042
"3747","91608","916",883
"3748","73441","734",1042
"3749","21358","213",478
"3750","91596","915",889
"3751","21481","214",475
"3752","29525","295",725
"3753","86473","864",943
"3754","29399","293",727
"3755","38835","388",606
"3756","29591","295",725
"3757","23611","236",568
"3758","87672","876",1166
"3759","23564","235",569
"3760","86199","861",953
"3761","86944","869",980
"3762","90513","905",756
"3763","82488","824",13
"3764","99091","990",1158
"3765","99631","996",1141
"3766","39356","393",708
"3767","07426","074",746
"3768","90429","904",760
"3769","99096","990",1158
"3770","67280","672",469
"3771","77886","778",392
"3772","77728","777",397
"3773","49214","492",651
"3774","57339","573",169
"3775","78098","780",277
"3776","76767","767",1111
"3777","67361","673",463
"3778","76461","764",1045
"3779","33449","334",503
"3780","67125","671",476
"3781","32351","323",626
"3782","25996","259",829
"3783","67376","673",463
"3784","79780","797",488
"3785","25999","259",829
"3786","67547","675",455
"3787","76185","761",1056
"3788","65439","654",308
"3789","64560","645",1101
"3790","67063","670",480
"3791","77948","779",390
"3792","56414","564",352
"3793","55597","555",434
"3794","79252","792",502
"3795","26452","264",792
"3796","57076","570",172
"3797","65399","653",309
"3798","49086","490",658
"3799","36381","363",559
"3800","72587","725",70
"3801","73614","736",1039
"3802","25358","253",850
"3803","73275","732",971
"3804","21640","216",528
"3805","73660","736",1039
"3806","73655","736",1039
"3807","73099","730",979
"3808","37633","376",631
"3809","29699","296",724
"3810","21255","212",487
"3811","24808","248",531
"3812","92263","922",852
"3813","39261","392",711
"3814","07549","075",745
"3815","08525","085",730
"3816","92706","927",835
"3817","84186","841",45
"3818","18146","181",701
"3819","93149","931",53
"3820","83122","831",84
"3821","93073","930",28
"3822","84144","841",45
"3823","08499","084",731
"3824","08223","082",735
"3825","84100","841",45
"3826","95671","956",143
"3827","84183","841",45
"3828","04600","046",860
"3829","94369","943",26
"3830","94339","943",26
"3831","83342","833",133
"3832","83339","833",133
"3833","93489","934",50
"3834","17139","171",722
"3835","94360","943",26
"3836","08280","082",736
"3837","94569","945",21
"3838","83451","834",132
"3839","09119","091",1132
"3840","94554","945",21
"3841","09477","094",1123
"3842","14943","149",770
"3843","13591","135",820
"3844","94252","942",27
"3845","01683","016",806
"3846","13629","136",819
"3847","10709","107",437
"3848","10629","106",438
"3849","09629","096",1116
"3850","13435","134",822
"3851","10999","109",431
"3852","61250","612",1030
"3853","76228","762",1048
"3854","76229","762",1048
"3855","33613","336",499
"3856","64653","646",1100
"3857","60549","605",60
"3858","28816","288",894
"3859","35112","351",581
"3860","75399","753",1121
"3861","35066","350",587
"3862","72184","721",33
"3863","75249","752",1124
"3864","78259","782",270
"3865","69483","694",178
"3866","78585","785",265
"3867","74933","749",964
"3868","35325","353",578
"3869","78343","783",267
"3870","74389","743",929
"3871","25693","256",845
"3872","88605","886",1064
"3873","21730","217",525
"3874","72147","721",35
"3875","31619","316",677
"3876","72127","721",36
"3877","31708","317",670
"3878","31693","316",675
"3879","25878","258",830
"3880","34599","345",407
"3881","70619","706",7
"3882","74360","743",929
"3883","21712","217",525
"3884","74861","748",966
"3885","63599","635",1163
"3886","25594","255",846
"3887","73732","737",1038
"3888","72669","726",67
"3889","88677","886",1064
"3890","71384","713",122
"3891","71404","714",121
"3892","37697","376",631
"3893","88289","882",1078
"3894","31073","310",663
"3895","30451","304",605
"3896","97237","972",1020
"3897","30177","301",596
"3898","24360","243",546
"3899","97261","972",1020
"3900","22525","225",393
"3901","73486","734",1042
"3902","97222","972",1020
"3903","97285","972",1020
"3904","89185","891",332
"3905","97078","970",1024
"3906","99837","998",1169
"3907","97076","970",1024
"3908","97230","972",1020
"3909","89269","892",327
"3910","97729","977",1079
"3911","21388","213",478
"3912","89284","892",327
"3913","37339","373",635
"3914","97346","973",1019
"3915","38678","386",610
"3916","87755","877",1165
"3917","97447","974",1018
"3918","22965","229",453
"3919","87776","877",1165
"3920","97488","974",1018
"3921","97503","975",1085
"3922","91598","915",889
"3923","87769","877",1165
"3924","29393","293",727
"3925","21483","214",475
"3926","91572","915",889
"3927","97528","975",1093
"3928","98553","985",959
"3929","87656","876",1166
"3930","96193","961",58
"3931","23562","235",569
"3932","86709","867",987
"3933","23683","236",568
"3934","96120","961",58
"3935","96135","961",58
"3936","96103","961",58
"3937","90587","905",756
"3938","96274","962",57
"3939","86978","869",980
"3940","82467","824",13
"3941","86153","861",953
"3942","23942","239",589
"3943","38379","383",616
"3944","90547","905",756
"3945","86438","864",945
"3946","86935","869",980
"3947","99195","991",1154
"3948","82297","822",19
"3949","86922","869",980
"3950","41749","417",314
"3951","41065","410",286
"3952","41363","413",282
"3953","47802","478",208
"3954","54585","545",235
"3955","47809","478",208
"3956","54343","543",245
"3957","54341","543",245
"3958","47057","470",217
"3959","46049","460",100
"3960","54524","545",234
"3961","45473","454",157
"3962","45355","453",158
"3963","42697","426",280
"3964","51061","510",1097
"3965","66125","661",260
"3966","48527","485",196
"3967","53508","535",343
"3968","26736","267",786
"3969","51109","511",1096
"3970","34246","342",420
"3971","24944","249",564
"3972","24975","249",564
"3973","74535","745",969
"3974","25593","255",846
"3975","97737","977",1079
"3976","97944","979",1072
"3977","74420","744",970
"3978","37216","372",636
"3979","95488","954",154
"3980","19300","193",762
"3981","81241","812",44
"3982","39326","393",708
"3983","95131","951",93
"3984","19089","190",766
"3985","95444","954",154
"3986","81547","815",41
"3987","81549","815",41
"3988","06628","066",681
"3989","83607","836",129
"3990","85774","857",1049
"3991","81739","817",32
"3992","92655","926",841
"3993","83707","837",128
"3994","06249","062",690
"3995","93176","931",53
"3996","92284","922",852
"3997","85604","856",1052
"3998","39596","395",705
"3999","57635","576",161
"4000","44263","442",339
"4001","49774","497",641
"4002","66919","669",296
"4003","57258","572",171
"4004","26486","264",795
"4005","79350","793",501
"4006","67814","678",518
"4007","77836","778",392
"4008","57299","572",170
"4009","67297","672",470
"4010","65623","656",373
"4011","65345","653",309
"4012","26386","263",797
"4013","58540","585",105
"4014","79295","792",502
"4015","67718","677",446
"4016","77975","779",390
"4017","79232","792",502
"4018","59065","590",227
"4019","57482","574",168
"4020","65552","655",307
"4021","55291","552",441
"4022","79871","798",482
"4023","35686","356",572
"4024","72270","722",76
"4025","67574","675",455
"4026","65529","655",307
"4027","67240","672",469
"4028","76351","763",1047
"4029","76133","761",1056
"4030","51469","514",1146
"4031","48465","484",197
"4032","42111","421",233
"4033","66540","665",250
"4034","42119","421",233
"4035","26907","269",780
"4036","53639","536",341
"4037","42287","422",232
"4038","56821","568",425
"4039","53579","535",345
"4040","58256","582",112
"4041","55756","557",515
"4042","96465","964",89
"4043","82266","822",19
"4044","82281","822",19
"4045","07427","074",746
"4046","06463","064",687
"4047","06449","064",687
"4048","09544","095",1119
"4049","10245","102",383
"4050","10318","103",379
"4051","18586","185",695
"4052","01471","014",809
"4053","17379","173",718
"4054","01109","011",813
"4055","01239","012",811
"4056","01309","013",810
"4057","01993","019",853
"4058","01816","018",856
"4059","17373","173",718
"4060","01824","018",856
"4061","03096","030",908
"4062","03119","031",906
"4063","02699","026",769
"4064","16307","163",881
"4065","03050","030",908
"4066","02747","027",768
"4067","47509","475",211
"4068","54589","545",235
"4069","54655","546",288
"4070","47447","474",213
"4071","46117","461",99
"4072","46119","461",99
"4073","40699","406",1062
"4074","46282","462",98
"4075","45359","453",158
"4076","51371","513",1148
"4077","50931","509",955
"4078","54497","544",242
"4079","51103","511",1096
"4080","45136","451",160
"4081","66129","661",260
"4082","45309","453",158
"4083","85131","851",1005
"4084","90571","905",758
"4085","07422","074",746
"4086","82327","823",17
"4087","29494","294",726
"4088","06343","063",688
"4089","82140","821",20
"4090","19069","190",766
"4091","83661","836",129
"4092","56581","565",350
"4093","58097","580",120
"4094","51588","515",1142
"4095","66507","665",253
"4096","59394","593",223
"4097","56333","563",355
"4098","88263","882",1078
"4099","25585","255",846
"4100","88361","883",1074
"4101","36275","362",560
"4102","24878","248",531
"4103","21644","216",528
"4104","71566","715",118
"4105","30989","309",597
"4106","21641","216",528
"4107","36148","361",561
"4108","77889","778",392
"4109","65195","651",311
"4110","65618","656",378
"4111","55116","551",445
"4112","76287","762",1048
"4113","55283","552",443
"4114","67105","671",476
"4115","65719","657",371
"4116","76199","761",1056
"4117","76137","761",1056
"4118","44319","443",336
"4119","58642","586",104
"4120","57610","576",161
"4121","48157","481",206
"4122","79369","793",501
"4123","67700","677",447
"4124","57577","575",167
"4125","79227","792",502
"4126","79585","795",495
"4127","79359","793",501
"4128","55487","554",435
"4129","53557","535",344
"4130","44359","443",336
"4131","44357","443",336
"4132","53489","534",291
"4133","85459","854",1060
"4134","85669","856",1055
"4135","92690","926",841
"4136","95195","951",93
"4137","93345","933",51
"4138","06110","061",692
"4139","95704","957",138
"4140","06385","063",689
"4141","92253","922",852
"4142","84085","840",49
"4143","84424","844",81
"4144","06679","066",681
"4145","93049","930",28
"4146","84097","840",49
"4147","18273","182",698
"4148","92660","926",841
"4149","92699","926",843
"4150","83549","835",131
"4151","93089","930",28
"4152","83229","832",135
"4153","93090","930",28
"4154","08258","082",735
"4155","06785","067",674
"4156","06869","068",669
"4157","93179","931",53
"4158","83119","831",85
"4159","06773","067",674
"4160","93194","931",53
"4161","18337","183",697
"4162","84574","845",79
"4163","92554","925",847
"4164","08304","083",732
"4165","04425","044",866
"4166","84570","845",79
"4167","84518","845",79
"4168","83368","833",133
"4169","93455","934",50
"4170","83374","833",133
"4171","84556","845",79
"4172","94436","944",23
"4173","18461","184",696
"4174","94563","945",21
"4175","18442","184",696
"4176","83435","834",132
"4177","09114","091",1132
"4178","04736","047",859
"4179","18507","185",694
"4180","84385","843",83
"4181","14959","149",770
"4182","09579","095",1119
"4183","14052","140",783
"4184","13405","134",822
"4185","13403","134",822
"4186","10719","107",437
"4187","10555","105",363
"4188","12249","122",524
"4189","17391","173",718
"4190","10829","108",432
"4191","12309","123",523
"4192","07349","073",747
"4193","96367","963",56
"4194","95355","953",156
"4195","19079","190",766
"4196","81475","814",42
"4197","39629","396",704
"4198","29493","294",726
"4199","80993","809",814
"4200","95473","954",154
"4201","91275","912",897
"4202","80933","809",814
"4203","23992","239",589
"4204","82054","820",1167
"4205","95517","955",151
"4206","07924","079",739
"4207","85652","856",1054
"4208","18246","182",698
"4209","07607","076",744
"4210","93152","931",53
"4211","88099","880",1084
"4212","30851","308",601
"4213","88447","884",1071
"4214","74673","746",968
"4215","31061","310",663
"4216","36157","361",561
"4217","22869","228",458
"4218","97244","972",1020
"4219","97299","972",1020
"4220","97282","972",1020
"4221","88416","884",1071
"4222","73453","734",1042
"4223","73540","735",1041
"4224","20457","204",619
"4225","74585","745",969
"4226","21107","211",491
"4227","20251","202",621
"4228","97199","971",1022
"4229","21272","212",487
"4230","20537","205",640
"4231","22393","223",400
"4232","87740","877",1165
"4233","24105","241",557
"4234","91635","916",883
"4235","24253","242",550
"4236","29353","293",727
"4237","29578","295",725
"4238","89367","893",325
"4239","21386","213",478
"4240","24256","242",550
"4241","21357","213",478
"4242","91634","916",884
"4243","21526","215",466
"4244","23858","238",591
"4245","29365","293",727
"4246","38640","386",612
"4247","23715","237",566
"4248","91604","916",883
"4249","38118","381",618
"4250","32139","321",629
"4251","68775","687",386
"4252","78727","787",261
"4253","78736","787",261
"4254","35117","351",582
"4255","72189","721",33
"4256","33106","331",511
"4257","72218","722",76
"4258","35392","353",577
"4259","78669","786",264
"4260","27251","272",926
"4261","35415","354",576
"4262","60599","605",60
"4263","34497","344",409
"4264","72359","723",74
"4265","75443","754",1117
"4266","71083","710",77
"4267","35274","352",580
"4268","64823","648",1098
"4269","72406","724",72
"4270","63452","634",1164
"4271","72379","723",75
"4272","63691","636",1161
"4273","63546","635",1163
"4274","25724","257",834
"4275","63526","635",1163
"4276","64850","648",1098
"4277","63517","635",1163
"4278","72144","721",35
"4279","25541","255",846
"4280","74936","749",964
"4281","72135","721",38
"4282","31712","317",671
"4283","74865","748",966
"4284","21734","217",525
"4285","71636","716",116
"4286","74388","743",929
"4287","25572","255",846
"4288","70327","703",10
"4289","74199","741",938
"4290","27386","273",925
"4291","88367","883",1074
"4292","34131","341",423
"4293","34292","342",420
"4294","36323","363",559
"4295","72644","726",67
"4296","88529","885",1069
"4297","25348","253",850
"4298","72582","725",70
"4299","21682","216",529
"4300","86756","867",982
"4301","21400","214",474
"4302","19258","192",765
"4303","38547","385",613
"4304","98529","985",959
"4305","89443","894",323
"4306","91489","914",893
"4307","38477","384",614
"4308","90574","905",756
"4309","38489","384",614
"4310","38373","383",616
"4311","38378","383",616
"4312","38458","384",614
"4313","96163","961",58
"4314","96114","961",58
"4315","96199","961",58
"4316","86928","869",980
"4317","38838","388",606
"4318","82405","824",14
"4319","23775","237",566
"4320","86676","866",988
"4321","59063","590",227
"4322","79249","792",502
"4323","79098","790",510
"4324","65385","653",309
"4325","49219","492",650
"4326","59846","598",218
"4327","65375","653",309
"4328","56462","564",352
"4329","79261","792",502
"4330","67472","674",460
"4331","59821","598",218
"4332","79872","798",482
"4333","49451","494",645
"4334","76779","767",1111
"4335","77796","777",397
"4336","15926","159",907
"4337","18609","186",693
"4338","12526","125",521
"4339","16359","163",880
"4340","01936","019",853
"4341","17358","173",718
"4342","15890","158",911
"4343","02788","027",768
"4344","02929","029",803
"4345","39279","392",712
"4346","85465","854",1060
"4347","08539","085",730
"4348","93133","931",53
"4349","07950","079",739
"4350","95111","951",93
"4351","39307","393",709
"4352","84172","841",45
"4353","95707","957",141
"4354","08626","086",729
"4355","95689","956",143
"4356","83101","831",84
"4357","92712","927",835
"4358","84028","840",47
"4359","06796","067",674
"4360","08239","082",735
"4361","84103","841",45
"4362","18347","183",697
"4363","94333","943",26
"4364","83259","832",135
"4365","18195","181",699
"4366","84175","841",45
"4367","83257","832",135
"4368","84180","841",45
"4369","08144","081",737
"4370","84546","845",80
"4371","84140","841",45
"4372","04643","046",861
"4373","94327","943",26
"4374","09212","092",1130
"4375","06895","068",669
"4376","84561","845",79
"4377","09221","092",1130
"4378","09326","093",1127
"4379","04779","047",859
"4380","09423","094",1123
"4381","09126","091",1132
"4382","94256","942",27
"4383","18437","184",696
"4384","09496","094",1123
"4385","16767","167",873
"4386","01616","016",806
"4387","10711","107",437
"4388","13409","134",822
"4389","01561","015",808
"4390","01662","016",806
"4391","85258","852",1004
"4392","39628","396",704
"4393","82515","825",12
"4394","85241","852",1004
"4395","23970","239",589
"4396","81375","813",43
"4397","95369","953",156
"4398","85296","852",1004
"4399","91249","912",897
"4400","39439","394",706
"4401","95362","953",156
"4402","19412","194",761
"4403","39128","391",713
"4404","07747","077",742
"4405","81673","816",39
"4406","92331","923",851
"4407","85630","856",1052
"4408","95189","951",93
"4409","82276","822",19
"4410","90480","904",760
"4411","85135","851",1005
"4412","96264","962",57
"4413","85137","851",1005
"4414","91171","911",898
"4415","92342","923",851
"4416","82223","822",19
"4417","85247","852",1004
"4418","99441","994",1147
"4419","91480","914",893
"4420","90619","906",752
"4421","91486","914",893
"4422","23730","237",566
"4423","96173","961",58
"4424","87642","876",1166
"4425","96148","961",58
"4426","98673","986",1016
"4427","86695","866",988
"4428","99718","997",1170
"4429","91325","913",895
"4430","38368","383",616
"4431","86492","864",944
"4432","82383","823",17
"4433","96472","964",89
"4434","99089","990",1158
"4435","86573","865",996
"4436","02994","029",802
"4437","01848","018",856
"4438","02979","029",802
"4439","01904","019",854
"4440","02681","026",769
"4441","13086","130",833
"4442","12359","123",523
"4443","12687","126",516
"4444","01744","017",804
"4445","52074","520",1027
"4446","52511","525",1094
"4447","47647","476",210
"4448","53937","539",330
"4449","46499","464",94
"4450","54584","545",235
"4451","54459","544",240
"4452","46562","465",90
"4453","47443","474",213
"4454","40239","402",1012
"4455","66687","666",249
"4456","46244","462",98
"4457","46047","460",100
"4458","40764","407",1061
"4459","66115","661",260
"4460","66119","661",260
"4461","45329","453",158
"4462","51067","510",1097
"4463","45883","458",189
"4464","53507","535",343
"4465","42113","421",233
"4466","51515","515",1144
"4467","42275","422",232
"4468","24405","244",544
"4469","30457","304",605
"4470","89143","891",332
"4471","88138","881",1080
"4472","97947","979",1072
"4473","88267","882",1078
"4474","24589","245",543
"4475","74549","745",969
"4476","30627","306",602
"4477","21224","212",487
"4478","36289","362",560
"4479","73575","735",1041
"4480","37269","372",636
"4481","20253","202",621
"4482","97993","979",1072
"4483","22850","228",459
"4484","29225","292",728
"4485","88319","883",1076
"4486","89186","891",332
"4487","24620","246",539
"4488","38723","387",608
"4489","37299","372",636
"4490","87700","877",1165
"4491","24114","241",557
"4492","87737","877",1165
"4493","73466","734",1042
"4494","87787","877",1165
"4495","29362","293",727
"4496","23827","238",594
"4497","29574","295",725
"4498","91471","914",893
"4499","91483","914",893
"4500","97539","975",1085
"4501","86739","867",982
"4502","87782","877",1165
"4503","86748","867",982
"4504","21380","213",478
"4505","96181","961",58
"4506","23719","237",566
"4507","59590","595",221
"4508","68794","687",386
"4509","35578","355",574
"4510","35116","351",582
"4511","33659","336",499
"4512","35583","355",574
"4513","33602","336",499
"4514","33604","336",499
"4515","33607","336",499
"4516","35398","353",577
"4517","60486","604",61
"4518","69124","691",187
"4519","60326","603",62
"4520","28757","287",896
"4521","32107","321",628
"4522","60598","605",60
"4523","27232","272",926
"4524","25927","259",829
"4525","25836","258",830
"4526","64372","643",1035
"4527","78595","785",265
"4528","75433","754",1117
"4529","71263","712",124
"4530","78239","782",270
"4531","28203","282",902
"4532","72364","723",74
"4533","75446","754",1117
"4534","21775","217",525
"4535","63454","634",1164
"4536","32689","326",656
"4537","35285","352",580
"4538","71277","712",124
"4539","25889","258",830
"4540","63695","636",1161
"4541","36320","363",559
"4542","24969","249",564
"4543","31633","316",677
"4544","25729","257",834
"4545","63773","637",1160
"4546","31582","315",680
"4547","72793","727",66
"4548","70191","701",11
"4549","32676","326",655
"4550","31714","317",671
"4551","73760","737",1038
"4552","21706","217",525
"4553","88633","886",1064
"4554","88718","887",1134
"4555","31634","316",677
"4556","74246","742",934
"4557","34369","343",412
"4558","24955","249",564
"4559","97909","979",1073
"4560","25573","255",846
"4561","74259","742",934
"4562","24806","248",531
"4563","97859","978",1077
"4564","24817","248",531
"4565","51674","516",1139
"4566","48477","484",197
"4567","56587","565",350
"4568","26817","268",784
"4569","49757","497",641
"4570","56179","561",382
"4571","55592","555",433
"4572","26639","266",788
"4573","66981","669",295
"4574","26676","266",788
"4575","67716","677",446
"4576","67705","677",446
"4577","48346","483",203
"4578","77743","777",397
"4579","79331","793",501
"4580","79689","796",492
"4581","79285","792",502
"4582","57580","575",166
"4583","65232","652",310
"4584","55263","552",442
"4585","35708","357",570
"4586","79862","798",482
"4587","79804","798",481
"4588","76479","764",1045
"4589","59581","595",221
"4590","65520","655",307
"4591","65205","652",310
"4592","67366","673",463
"4593","76773","767",1111
"4594","25524","255",846
"4595","27389","273",925
"4596","88370","883",1074
"4597","97845","978",1077
"4598","73271","732",971
"4599","24881","248",531
"4600","24866","248",531
"4601","88250","882",1078
"4602","72535","725",70
"4603","57648","576",163
"4604","55559","555",434
"4605","57555","575",166
"4606","65556","655",307
"4607","26388","263",797
"4608","67434","674",460
"4609","67310","673",464
"4610","44581","445",328
"4611","66914","669",297
"4612","49838","498",638
"4613","79379","793",500
"4614","55568","555",433
"4615","59439","594",222
"4616","49479","494",644
"4617","48317","483",201
"4618","48145","481",206
"4619","26446","264",792
"4620","56357","563",354
"4621","58675","586",104
"4622","55583","555",434
"4623","76549","765",1044
"4624","26384","263",797
"4625","77883","778",392
"4626","67278","672",469
"4627","67281","672",469
"4628","35781","357",570
"4629","55127","551",445
"4630","26121","261",800
"4631","33378","333",509
"4632","49326","493",648
"4633","77776","777",397
"4634","49429","494",645
"4635","65189","651",311
"4636","76756","767",1111
"4637","76593","765",1044
"4638","76316","763",1046
"4639","35789","357",570
"4640","35689","356",572
"4641","35756","357",570
"4642","59909","599",216
"4643","45701","457",144
"4644","53229","532",293
"4645","42857","428",274
"4646","26759","267",786
"4647","56818","568",425
"4648","66538","665",250
"4649","44797","447",422
"4650","56754","567",346
"4651","48612","486",193
"4652","54689","546",288
"4653","47929","479",207
"4654","54595","545",236
"4655","41189","411",285
"4656","52355","523",1023
"4657","54666","546",288
"4658","54586","545",235
"4659","41564","415",322
"4660","47137","471",215
"4661","54550","545",238
"4662","45479","454",157
"4663","46145","461",99
"4664","54492","544",243
"4665","53347","533",292
"4666","45721","457",144
"4667","49751","497",641
"4668","26603","266",788
"4669","26427","264",792
"4670","66954","669",295
"4671","56075","560",385
"4672","56073","560",385
"4673","26897","268",784
"4674","44287","442",339
"4675","56305","563",356
"4676","67817","678",518
"4677","79254","792",502
"4678","79183","791",508
"4679","67307","673",464
"4680","49597","495",643
"4681","49186","491",654
"4682","79733","797",488
"4683","65326","653",309
"4684","49088","490",658
"4685","66424","664",255
"4686","56642","566",349
"4687","66482","664",255
"4688","44388","443",336
"4689","56630","566",349
"4690","49740","497",641
"4691","55490","554",435
"4692","24989","249",564
"4693","29683","296",724
"4694","24361","243",546
"4695","24996","249",564
"4696","73084","730",978
"4697","30559","305",604
"4698","30521","305",604
"4699","37133","371",637
"4700","74582","745",969
"4701","22605","226",391
"4702","25486","254",848
"4703","22523","225",393
"4704","24214","242",552
"4705","89547","895",320
"4706","22846","228",459
"4707","74564","745",969
"4708","87534","875",1135
"4709","88316","883",1075
"4710","97717","977",1079
"4711","24404","244",545
"4712","89129","891",332
"4713","22337","223",400
"4714","97337","973",1019
"4715","22359","223",400
"4716","89290","892",327
"4717","23816","238",591
"4718","24235","242",550
"4719","73499","734",1042
"4720","87781","877",1165
"4721","91478","914",893
"4722","38536","385",613
"4723","91601","916",883
"4724","91484","914",893
"4725","97357","973",1019
"4726","86476","864",943
"4727","91438","914",893
"4728","97516","975",1089
"4729","86505","865",994
"4730","24257","242",550
"4731","91632","916",885
"4732","97478","974",1018
"4733","83673","836",129
"4734","92318","923",851
"4735","92364","923",851
"4736","80636","806",818
"4737","07381","073",747
"4738","07356","073",747
"4739","85375","853",999
"4740","95466","954",154
"4741","06408","064",687
"4742","92256","922",852
"4743","92260","922",852
"4744","92245","922",852
"4745","93180","931",53
"4746","85457","854",1060
"4747","90419","904",760
"4748","39649","396",703
"4749","98744","987",1013
"4750","91361","913",895
"4751","82287","822",19
"4752","82237","822",19
"4753","96317","963",56
"4754","95515","955",145
"4755","85080","850",1009
"4756","39444","394",706
"4757","26935","269",781
"4758","78048","780",276
"4759","67141","671",476
"4760","67059","670",480
"4761","35647","356",571
"4762","75323","753",1121
"4763","28777","287",896
"4764","27809","278",917
"4765","35102","351",581
"4766","60488","604",61
"4767","60438","604",61
"4768","27749","277",919
"4769","60433","604",61
"4770","69115","691",187
"4771","28237","282",902
"4772","78247","782",270
"4773","64678","646",1100
"4774","27257","272",926
"4775","61197","611",962
"4776","64832","648",1098
"4777","28309","283",901
"4778","71272","712",124
"4779","25704","257",834
"4780","78476","784",266
"4781","74862","748",966
"4782","72475","724",72
"4783","31710","317",670
"4784","74864","748",966
"4785","74831","748",966
"4786","70193","701",11
"4787","34479","344",409
"4788","31718","317",671
"4789","36329","363",559
"4790","31556","315",678
"4791","72768","727",66
"4792","72519","725",70
"4793","72505","725",68
"4794","72517","725",70
"4795","73765","737",1038
"4796","25794","257",834
"4797","31559","315",678
"4798","63930","639",1153
"4799","71364","713",123
"4800","71522","715",118
"4801","21684","216",529
"4802","88377","883",1074
"4803","91481","914",893
"4804","38871","388",606
"4805","91468","914",893
"4806","86866","868",981
"4807","23628","236",567
"4808","86647","866",988
"4809","86399","863",950
"4810","91728","917",878
"4811","87662","876",1166
"4812","86687","866",988
"4813","98716","987",1015
"4814","38384","383",616
"4815","91738","917",878
"4816","86932","869",980
"4817","91781","917",878
"4818","86923","869",980
"4819","39365","393",707
"4820","31863","318",665
"4821","34121","341",423
"4822","36137","361",561
"4823","24860","248",531
"4824","73235","732",971
"4825","73272","732",971
"4826","74523","745",969
"4827","74635","746",968
"4828","31089","310",663
"4829","07952","079",739
"4830","83043","830",87
"4831","06116","061",692
"4832","08527","085",730
"4833","92521","925",847
"4834","93055","930",28
"4835","93105","931",53
"4836","92715","927",839
"4837","93098","930",28
"4838","04539","045",862
"4839","92696","926",844
"4840","83132","831",85
"4841","84555","845",79
"4842","93167","931",53
"4843","83358","833",133
"4844","14806","148",771
"4845","14770","147",772
"4846","14550","145",775
"4847","18469","184",696
"4848","83364","833",133
"4849","09241","092",1130
"4850","09387","093",1126
"4851","04703","047",859
"4852","14552","145",775
"4853","09577","095",1119
"4854","94550","945",22
"4855","94094","940",1176
"4856","01587","015",807
"4857","04924","049",857
"4858","17126","171",722
"4859","15838","158",909
"4860","09619","096",1116
"4861","13156","131",826
"4862","12355","123",523
"4863","94136","941",1175
"4864","01705","017",804
"4865","16247","162",888
"4866","15910","159",907
"4867","15907","159",907
"4868","17429","174",716
"4869","15848","158",910
"4870","17419","174",716
"4871","02997","029",802
"4872","02708","027",768
"4873","82433","824",13
"4874","91356","913",895
"4875","91359","913",895
"4876","91177","911",898
"4877","99438","994",1147
"4878","82441","824",13
"4879","82216","822",19
"4880","06543","065",685
"4881","82234","822",19
"4882","23996","239",589
"4883","95349","953",156
"4884","39340","393",708
"4885","91239","912",897
"4886","23972","239",589
"4887","82538","825",12
"4888","91235","912",897
"4889","92283","922",852
"4890","06648","066",681
"4891","07343","073",747
"4892","81479","814",42
"4893","85119","851",1007
"4894","80797","807",817
"4895","82008","820",1167
"4896","07774","077",743
"4897","39124","391",713
"4898","84072","840",48
"4899","95188","951",93
"4900","95478","954",154
"4901","06122","061",692
"4902","95168","951",93
"4903","84079","840",47
"4904","93186","931",53
"4905","92702","927",835
"4906","06688","066",681
"4907","83064","830",87
"4908","93047","930",28
"4909","92551","925",847
"4910","04435","044",865
"4911","83547","835",131
"4912","17209","172",719
"4913","06749","067",674
"4914","08485","084",731
"4915","18190","181",699
"4916","04519","045",863
"4917","04177","041",870
"4918","93199","931",53
"4919","84559","845",79
"4920","17194","171",722
"4921","08248","082",735
"4922","04288","042",868
"4923","06886","068",669
"4924","04654","046",861
"4925","84529","845",79
"4926","09122","091",1132
"4927","14624","146",774
"4928","94491","944",23
"4929","94547","945",22
"4930","09603","096",1116
"4931","14513","145",776
"4932","13465","134",822
"4933","10717","107",437
"4934","09638","096",1116
"4935","10779","107",437
"4936","01612","016",806
"4937","17491","174",717
"4938","12051","120",530
"4939","86825","868",981
"4940","98663","986",1016
"4941","96106","961",58
"4942","38173","381",618
"4943","86744","867",982
"4944","23883","238",595
"4945","91719","917",878
"4946","23626","236",568
"4947","90579","905",756
"4948","91757","917",878
"4949","91097","910",900
"4950","86700","867",987
"4951","38889","388",606
"4952","29465","294",726
"4953","38471","384",614
"4954","91091","910",900
"4955","90522","905",756
"4956","91187","911",898
"4957","29479","294",726
"4958","19249","192",765
"4959","96155","961",58
"4960","13088","130",833
"4961","12489","124",522
"4962","12627","126",516
"4963","01454","014",809
"4964","01796","017",805
"4965","01829","018",856
"4966","01996","019",853
"4967","03044","030",908
"4968","03197","031",906
"4969","15232","152",915
"4970","52070","520",1027
"4971","52224","522",1025
"4972","47589","475",212
"4973","47627","476",210
"4974","52428","524",1095
"4975","54668","546",288
"4976","46419","464",94
"4977","41238","412",284
"4978","54634","546",288
"4979","54294","542",248
"4980","54296","542",248
"4981","47228","472",214
"4982","54320","543",245
"4983","53919","539",331
"4984","40210","402",1012
"4985","45472","454",157
"4986","48712","487",191
"4987","45131","451",160
"4988","54486","544",243
"4989","42329","423",230
"4990","48739","487",191
"4991","42651","426",280
"4992","45661","456",153
"4993","26725","267",786
"4994","73037","730",978
"4995","73102","731",974
"4996","74417","744",970
"4997","74542","745",969
"4998","22589","225",393
"4999","97265","972",1020
"5000","21149","211",491
"5001","88444","884",1071
"5002","37215","372",636
"5003","21266","212",487
"5004","37154","371",637
"5005","22527","225",393
"5006","21077","210",493
"5007","37077","370",639
"5008","97255","972",1020
"5009","36414","364",558
"5010","97253","972",1020
"5011","20249","202",621
"5012","21438","214",472
"5013","22177","221",404
"5014","22111","221",403
"5015","24145","241",557
"5016","97720","977",1079
"5017","22045","220",405
"5018","31226","312",661
"5019","36469","364",558
"5020","74579","745",969
"5021","89294","892",327
"5022","38271","382",617
"5023","37359","373",635
"5024","97711","977",1079
"5025","99976","999",1168
"5026","98597","985",959
"5027","89335","893",325
"5028","23869","238",591
"5029","97469","974",1018
"5030","23843","238",591
"5031","36456","364",558
"5032","97353","973",1019
"5033","22927","229",453
"5034","38275","382",617
"5035","38707","387",609
"5036","86742","867",982
"5037","38179","381",618
"5038","96157","961",58
"5039","98593","985",959
"5040","87745","877",1165
"5041","89438","894",323
"5042","91717","917",878
"5043","76131","761",1056
"5044","76359","763",1046
"5045","76297","762",1048
"5046","78078","780",275
"5047","78667","786",262
"5048","68229","682",395
"5049","75328","753",1121
"5050","64297","642",1037
"5051","69226","692",180
"5052","72202","722",76
"5053","60389","603",62
"5054","28239","282",902
"5055","75438","754",1117
"5056","78583","785",265
"5057","31606","316",676
"5058","78601","786",263
"5059","35447","354",576
"5060","33184","331",511
"5061","74924","749",964
"5062","78357","783",269
"5063","63791","637",1160
"5064","64747","647",1099
"5065","25715","257",834
"5066","70563","705",8
"5067","74080","740",942
"5068","31855","318",665
"5069","74254","742",936
"5070","25872","258",830
"5071","25887","258",830
"5072","70188","701",11
"5073","24992","249",564
"5074","74229","742",937
"5075","24997","249",564
"5076","72622","726",67
"5077","88719","887",1133
"5078","31848","318",665
"5079","34225","342",419
"5080","34576","345",407
"5081","88693","886",1064
"5082","31868","318",665
"5083","27383","273",925
"5084","59069","590",227
"5085","57572","575",166
"5086","55543","555",434
"5087","67677","676",451
"5088","79102","791",506
"5089","79199","791",507
"5090","57567","575",166
"5091","59755","597",219
"5092","49692","496",642
"5093","49082","490",658
"5094","57074","570",172
"5095","79856","798",482
"5096","59889","598",218
"5097","44532","445",329
"5098","59192","591",226
"5099","56341","563",354
"5100","48151","481",206
"5101","56276","562",367
"5102","79597","795",495
"5103","51702","517",1138
"5104","79639","796",492
"5105","67706","677",446
"5106","57636","576",161
"5107","56133","561",381
"5108","67707","677",446
"5109","58791","587",102
"5110","79650","796",492
"5111","67821","678",519
"5112","57439","574",168
"5113","34119","341",423
"5114","37627","376",631
"5115","31020","310",663
"5116","34260","342",419
"5117","34359","343",412
"5118","24882","248",531
"5119","97842","978",1077
"5120","21635","216",528
"5121","49191","491",654
"5122","79853","798",482
"5123","35794","357",570
"5124","65606","656",378
"5125","26127","261",800
"5126","67592","675",455
"5127","55128","551",445
"5128","59597","595",221
"5129","67550","675",455
"5130","78144","781",273
"5131","79787","797",488
"5132","53560","535",345
"5133","44892","448",417
"5134","56294","562",365
"5135","44379","443",336
"5136","56330","563",355
"5137","59379","593",223
"5138","07570","075",745
"5139","19399","193",763
"5140","85456","854",1060
"5141","06184","061",692
"5142","08541","085",730
"5143","04249","042",868
"5144","06800","068",667
"5145","93189","931",53
"5146","04129","041",870
"5147","94368","943",26
"5148","93185","931",53
"5149","83355","833",133
"5150","84543","845",79
"5151","84558","845",79
"5152","93495","934",50
"5153","04880","048",858
"5154","93437","934",50
"5155","17153","171",722
"5156","94562","945",21
"5157","09116","091",1132
"5158","94469","944",23
"5159","09120","091",1132
"5160","09487","094",1123
"5161","04769","047",859
"5162","93453","934",50
"5163","94239","942",27
"5164","84359","843",83
"5165","84364","843",83
"5166","14089","140",782
"5167","17129","171",722
"5168","18528","185",695
"5169","12165","121",527
"5170","10789","107",437
"5171","13349","133",824
"5172","10825","108",432
"5173","01609","016",806
"5174","10781","107",437
"5175","16348","163",880
"5176","13127","131",826
"5177","17495","174",717
"5178","97280","972",1020
"5179","36037","360",563
"5180","88368","883",1074
"5181","97259","972",1020
"5182","88436","884",1071
"5183","25495","254",848
"5184","24622","246",537
"5185","30655","306",602
"5186","97291","972",1020
"5187","97723","977",1079
"5188","24646","246",538
"5189","37214","372",636
"5190","31275","312",661
"5191","31177","311",662
"5192","37581","375",632
"5193","21228","212",487
"5194","24534","245",541
"5195","36404","364",558
"5196","24247","242",551
"5197","89073","890",337
"5198","97228","972",1020
"5199","89189","891",332
"5200","20097","200",623
"5201","88481","884",1071
"5202","74589","745",969
"5203","24641","246",536
"5204","87480","874",1136
"5205","21035","210",494
"5206","87758","877",1165
"5207","31234","312",661
"5208","97342","973",1019
"5209","89340","893",325
"5210","97493","974",1018
"5211","29358","293",727
"5212","87487","874",1136
"5213","22949","229",453
"5214","89192","891",332
"5215","87767","877",1165
"5216","89537","895",320
"5217","86498","864",943
"5218","97525","975",1085
"5219","87549","875",1135
"5220","23824","238",594
"5221","87541","875",1135
"5222","23823","238",594
"5223","89415","894",323
"5224","91617","916",883
"5225","87499","874",1136
"5226","97491","974",1018
"5227","98630","986",1016
"5228","29386","293",727
"5229","87654","876",1166
"5230","91460","914",893
"5231","99991","999",1168
"5232","52525","525",1094
"5233","52076","520",1027
"5234","52064","520",1027
"5235","46459","464",94
"5236","54636","546",288
"5237","52372","523",1023
"5238","54455","544",240
"5239","50126","501",928
"5240","54576","545",235
"5241","54338","543",245
"5242","54429","544",241
"5243","66352","663",257
"5244","40591","405",1066
"5245","40629","406",1062
"5246","66620","666",249
"5247","45219","452",159
"5248","50737","507",957
"5249","54484","544",243
"5250","53340","533",292
"5251","50996","509",954
"5252","26723","267",786
"5253","66130","661",260
"5254","53225","532",293
"5255","42555","425",281
"5256","45527","455",155
"5257","53572","535",345
"5258","66877","668",303
"5259","67685","676",451
"5260","85276","852",1004
"5261","95365","953",156
"5262","85293","852",1004
"5263","81377","813",43
"5264","80335","803",825
"5265","39443","394",706
"5266","39576","395",705
"5267","81541","815",41
"5268","85609","856",1053
"5269","92289","922",852
"5270","93343","933",51
"5271","85598","855",1057
"5272","83734","837",128
"5273","83727","837",128
"5274","09623","096",1116
"5275","01776","017",804
"5276","03246","032",905
"5277","01307","013",810
"5278","01987","019",853
"5279","01328","013",810
"5280","03229","032",905
"5281","02991","029",802
"5282","03116","031",906
"5283","03051","030",908
"5284","15898","158",911
"5285","03159","031",906
"5286","91154","911",898
"5287","91790","917",878
"5288","96196","961",58
"5289","82346","823",17
"5290","96260","962",57
"5291","07429","074",746
"5292","90537","905",755
"5293","86673","866",988
"5294","96328","963",56
"5295","96342","963",56
"5296","85302","853",1000
"5297","92361","923",851
"5298","78087","780",276
"5299","68159","681",401
"5300","67122","671",476
"5301","72293","722",76
"5302","75334","753",1121
"5303","72294","722",76
"5304","35584","355",574
"5305","75210","752",1124
"5306","68789","687",386
"5307","64390","643",1035
"5308","78607","786",262
"5309","78554","785",265
"5310","64283","642",1037
"5311","60596","605",60
"5312","28717","287",896
"5313","60313","603",62
"5314","78588","785",265
"5315","35418","354",576
"5316","32108","321",628
"5317","63067","630",1106
"5318","32758","327",653
"5319","69256","692",182
"5320","35469","354",576
"5321","64354","643",1035
"5322","75449","754",1117
"5323","69436","694",175
"5324","72119","721",37
"5325","78579","785",265
"5326","27246","272",926
"5327","34630","346",406
"5328","74847","748",966
"5329","72479","724",72
"5330","31618","316",677
"5331","78355","783",269
"5332","21745","217",525
"5333","63579","635",1163
"5334","27337","273",925
"5335","32816","328",646
"5336","72419","724",72
"5337","72138","721",36
"5338","70178","701",11
"5339","78464","784",266
"5340","25782","257",834
"5341","72760","727",66
"5342","88682","886",1064
"5343","72666","726",67
"5344","63636","636",1161
"5345","31700","317",671
"5346","74196","741",941
"5347","34295","342",419
"5348","21717","217",525
"5349","34393","343",412
"5350","24855","248",531
"5351","73779","737",1038
"5352","97843","978",1077
"5353","73268","732",971
"5354","21397","213",478
"5355","38106","381",618
"5356","90616","906",752
"5357","86660","866",988
"5358","86860","868",981
"5359","91710","917",878
"5360","86500","865",995
"5361","38327","383",615
"5362","96151","961",58
"5363","99734","997",1170
"5364","86807","868",981
"5365","87677","876",1166
"5366","38479","384",614
"5367","38448","384",614
"5368","86920","869",980
"5369","86456","864",948
"5370","91564","915",889
"5371","86391","863",951
"5372","38836","388",606
"5373","98667","986",1016
"5374","86956","869",980
"5375","29456","294",726
"5376","38462","384",614
"5377","86674","866",988
"5378","91804","918",875
"5379","91166","911",898
"5380","99095","990",1158
"5381","86949","869",980
"5382","91080","910",900
"5383","67737","677",447
"5384","26683","266",788
"5385","79362","793",501
"5386","58849","588",101
"5387","77933","779",390
"5388","77694","776",312
"5389","49492","494",644
"5390","55545","555",434
"5391","79688","796",492
"5392","26340","263",796
"5393","67729","677",450
"5394","55457","554",435
"5395","57399","573",169
"5396","49134","491",654
"5397","59269","592",225
"5398","77839","778",392
"5399","65549","655",307
"5400","65343","653",309
"5401","79875","798",482
"5402","74747","747",967
"5403","36286","362",560
"5404","30926","309",597
"5405","73095","730",978
"5406","97791","977",1079
"5407","30900","309",598
"5408","74653","746",968
"5409","37127","371",637
"5410","67598","675",455
"5411","67159","671",476
"5412","76776","767",1111
"5413","67599","675",455
"5414","67595","675",455
"5415","35687","356",572
"5416","67585","675",455
"5417","67245","672",469
"5418","67133","671",476
"5419","55246","552",444
"5420","67578","675",455
"5421","79805","798",486
"5422","91796","917",878
"5423","90408","904",760
"5424","96242","962",57
"5425","96279","962",57
"5426","86668","866",988
"5427","85122","851",1005
"5428","96361","963",56
"5429","95490","954",154
"5430","88448","884",1071
"5431","73342","733",1043
"5432","30982","309",597
"5433","30179","301",596
"5434","73527","735",1041
"5435","97772","977",1079
"5436","97274","972",1020
"5437","97990","979",1072
"5438","37297","372",636
"5439","88178","881",1080
"5440","22459","224",398
"5441","20355","203",620
"5442","20146","201",622
"5443","97294","972",1020
"5444","24254","242",551
"5445","22083","220",405
"5446","89275","892",327
"5447","24111","241",556
"5448","22049","220",405
"5449","73460","734",1042
"5450","29328","293",727
"5451","31188","311",662
"5452","22395","223",400
"5453","97523","975",1085
"5454","89522","895",320
"5455","91628","916",883
"5456","97537","975",1085
"5457","24223","242",550
"5458","73450","734",1042
"5459","38274","382",617
"5460","91592","915",889
"5461","89362","893",325
"5462","37431","374",634
"5463","89350","893",325
"5464","21524","215",466
"5465","21337","213",478
"5466","38116","381",618
"5467","97486","974",1018
"5468","91522","915",889
"5469","99998","999",1168
"5470","03058","030",908
"5471","15328","153",914
"5472","02748","027",768
"5473","49201","492",651
"5474","26349","263",796
"5475","77709","777",397
"5476","76477","764",1045
"5477","67593","675",455
"5478","67454","674",461
"5479","57319","573",169
"5480","55129","551",445
"5481","79877","798",482
"5482","78112","781",273
"5483","76771","767",1111
"5484","27793","277",918
"5485","76135","761",1056
"5486","76706","767",1111
"5487","25591","255",846
"5488","24879","248",531
"5489","30826","308",601
"5490","37643","376",631
"5491","88524","885",1068
"5492","25590","255",846
"5493","74545","745",969
"5494","74638","746",968
"5495","89597","895",319
"5496","25492","254",848
"5497","65366","653",309
"5498","79736","797",488
"5499","77770","777",397
"5500","65329","653",309
"5501","67317","673",464
"5502","65555","655",307
"5503","48149","481",206
"5504","26901","269",779
"5505","48153","481",206
"5506","49509","495",643
"5507","79599","795",495
"5508","49477","494",644
"5509","67735","677",447
"5510","67659","676",451
"5511","56235","562",367
"5512","67663","676",451
"5513","57489","574",168
"5514","51643","516",1139
"5515","51545","515",1142
"5516","55627","556",428
"5517","26835","268",784
"5518","67756","677",447
"5519","61389","613",1029
"5520","35649","356",571
"5521","68199","681",401
"5522","76337","763",1046
"5523","27639","276",921
"5524","27628","276",921
"5525","76689","766",1115
"5526","68809","688",384
"5527","76707","767",1113
"5528","64319","643",1035
"5529","69123","691",187
"5530","27574","275",922
"5531","72348","723",74
"5532","60329","603",62
"5533","33104","331",511
"5534","78234","782",270
"5535","69517","695",173
"5536","64807","648",1098
"5537","64401","644",1032
"5538","75392","753",1122
"5539","25923","259",829
"5540","28279","282",902
"5541","28359","283",901
"5542","25764","257",834
"5543","21762","217",525
"5544","61209","612",1030
"5545","74930","749",964
"5546","63457","634",1164
"5547","64720","647",1099
"5548","78597","785",265
"5549","28870","288",894
"5550","71088","710",78
"5551","31613","316",677
"5552","63811","638",1157
"5553","25770","257",834
"5554","70771","707",4
"5555","71732","717",110
"5556","74821","748",966
"5557","34466","344",409
"5558","31609","316",677
"5559","63776","637",1160
"5560","25727","257",834
"5561","74382","743",929
"5562","70184","701",11
"5563","88690","886",1064
"5564","72654","726",67
"5565","31698","316",675
"5566","25554","255",846
"5567","71729","717",111
"5568","73770","737",1038
"5569","97904","979",1073
"5570","24850","248",531
"5571","37619","376",631
"5572","39317","393",709
"5573","18198","181",700
"5574","93059","930",28
"5575","07957","079",739
"5576","06711","067",673
"5577","95666","956",143
"5578","83123","831",85
"5579","14789","147",772
"5580","04107","041",870
"5581","08236","082",735
"5582","04571","045",862
"5583","14798","147",772
"5584","08058","080",738
"5585","08393","083",733
"5586","94356","943",26
"5587","83376","833",133
"5588","04849","048",858
"5589","08373","083",733
"5590","94377","943",26
"5591","84576","845",79
"5592","09350","093",1126
"5593","84508","845",79
"5594","83317","833",133
"5595","09249","092",1130
"5596","93485","934",50
"5597","84389","843",83
"5598","09468","094",1123
"5599","83457","834",132
"5600","09392","093",1126
"5601","17235","172",719
"5602","14473","144",777
"5603","94264","942",27
"5604","13581","135",820
"5605","17087","170",723
"5606","10585","105",363
"5607","10783","107",437
"5608","10969","109",431
"5609","10119","101",387
"5610","41379","413",283
"5611","52062","520",1027
"5612","41334","413",283
"5613","54616","546",288
"5614","54675","546",288
"5615","47665","476",210
"5616","54332","543",244
"5617","53894","538",333
"5618","47441","474",213
"5619","66798","667",304
"5620","54293","542",248
"5621","46485","464",94
"5622","50374","503",960
"5623","49824","498",638
"5624","47169","471",215
"5625","47051","470",217
"5626","50827","508",956
"5627","53505","535",343
"5628","46359","463",95
"5629","66113","661",260
"5630","51105","511",1096
"5631","45134","451",160
"5632","42327","423",230
"5633","55777","557",514
"5634","45731","457",144
"5635","66386","663",256
"5636","48249","482",204
"5637","44653","446",326
"5638","48629","486",193
"5639","42285","422",232
"5640","91740","917",878
"5641","23617","236",568
"5642","86863","868",981
"5643","91448","914",893
"5644","23554","235",569
"5645","29378","293",727
"5646","96172","961",58
"5647","91560","915",889
"5648","29594","295",725
"5649","86368","863",951
"5650","38446","384",614
"5651","38464","384",614
"5652","86672","866",988
"5653","86165","861",953
"5654","86163","861",953
"5655","38372","383",616
"5656","86510","865",993
"5657","29416","294",726
"5658","94556","945",22
"5659","16341","163",880
"5660","12619","126",516
"5661","94164","941",1175
"5662","16259","162",888
"5663","06642","066",682
"5664","82544","825",12
"5665","80997","809",814
"5666","82065","820",1167
"5667","96365","963",56
"5668","06311","063",688
"5669","39606","396",704
"5670","95511","955",146
"5671","81476","814",42
"5672","91289","912",897
"5673","80798","807",817
"5674","95493","954",154
"5675","85625","856",1052
"5676","95183","951",93
"5677","93164","931",53
"5678","85139","851",1005
"5679","85238","852",1004
"5680","91287","912",897
"5681","95346","953",156
"5682","39615","396",704
"5683","95364","953",156
"5684","80796","807",817
"5685","83714","837",128
"5686","85646","856",1055
"5687","92271","922",852
"5688","92272","922",852
"5689","06259","062",690
"5690","95697","956",143
"5691","06237","062",690
"5692","93051","930",28
"5693","95688","956",143
"5694","83544","835",131
"5695","18196","181",699
"5696","07580","075",745
"5697","92548","925",847
"5698","06844","068",668
"5699","14712","147",772
"5700","08648","086",729
"5701","04159","041",870
"5702","16909","169",869
"5703","83530","835",131
"5704","08209","082",735
"5705","14774","147",772
"5706","04349","043",867
"5707","84549","845",79
"5708","94431","944",23
"5709","93482","934",50
"5710","93449","934",50
"5711","08301","083",734
"5712","14929","149",770
"5713","83417","834",132
"5714","09232","092",1130
"5715","93444","934",50
"5716","09439","094",1123
"5717","09557","095",1119
"5718","18519","185",694
"5719","01591","015",807
"5720","14199","141",778
"5721","94538","945",22
"5722","13437","134",822
"5723","17506","175",714
"5724","12109","121",527
"5725","04932","049",857
"5726","01723","017",804
"5727","10407","104",369
"5728","01737","017",804
"5729","16321","163",880
"5730","13055","130",833
"5731","10315","103",379
"5732","15755","157",912
"5733","12629","126",516
"5734","15741","157",912
"5735","17367","173",718
"5736","02633","026",769
"5737","85235","852",1004
"5738","82396","823",17
"5739","82290","822",19
"5740","82229","822",19
"5741","29497","294",726
"5742","82494","824",13
"5743","19288","192",765
"5744","19309","193",762
"5745","86706","867",985
"5746","83671","836",129
"5747","96358","963",56
"5748","52072","520",1027
"5749","41751","417",314
"5750","47475","474",213
"5751","52351","523",1023
"5752","54664","546",288
"5753","46535","465",90
"5754","46514","465",90
"5755","46325","463",95
"5756","40223","402",1012
"5757","50765","507",957
"5758","53913","539",331
"5759","49846","498",638
"5760","53506","535",343
"5761","50670","506",958
"5762","45143","451",160
"5763","54539","545",234
"5764","45968","459",188
"5765","66589","665",250
"5766","53121","531",294
"5767","51647","516",1139
"5768","26847","268",784
"5769","67686","676",451
"5770","42499","424",228
"5771","42477","424",228
"5772","58452","584",106
"5773","53567","535",345
"5774","26789","267",785
"5775","45884","458",189
"5776","48624","486",193
"5777","44649","446",326
"5778","26548","265",790
"5779","49779","497",641
"5780","42281","422",232
"5781","26831","268",784
"5782","44629","446",326
"5783","53498","534",291
"5784","67165","671",476
"5785","27777","277",919
"5786","27239","272",926
"5787","27243","272",926
"5788","72285","722",76
"5789","68309","683",394
"5790","64331","643",1035
"5791","61348","613",1029
"5792","75203","752",1124
"5793","35083","350",586
"5794","35435","354",576
"5795","35096","350",586
"5796","64367","643",1035
"5797","33178","331",511
"5798","60311","603",62
"5799","35394","353",577
"5800","69509","695",173
"5801","31603","316",676
"5802","35099","350",587
"5803","35043","350",586
"5804","78244","782",270
"5805","32602","326",656
"5806","33165","331",511
"5807","63075","630",1106
"5808","71149","711",125
"5809","28277","282",902
"5810","69239","692",185
"5811","35282","352",580
"5812","71296","712",124
"5813","21763","217",525
"5814","72459","724",72
"5815","72411","724",73
"5816","71254","712",124
"5817","71229","712",124
"5818","21769","217",525
"5819","72131","721",35
"5820","63697","636",1161
"5821","63868","638",1156
"5822","31655","316",675
"5823","74394","743",929
"5824","74257","742",936
"5825","31812","318",665
"5826","31623","316",677
"5827","31638","316",677
"5828","31515","315",678
"5829","97903","979",1073
"5830","63628","636",1161
"5831","74245","742",933
"5832","24976","249",564
"5833","71579","715",118
"5834","24939","249",564
"5835","97782","977",1079
"5836","30167","301",596
"5837","88279","882",1078
"5838","25497","254",848
"5839","89155","891",332
"5840","73577","735",1041
"5841","73550","735",1040
"5842","89610","896",317
"5843","25462","254",848
"5844","97289","972",1020
"5845","74541","745",969
"5846","89079","890",337
"5847","89558","895",320
"5848","24376","243",546
"5849","22763","227",462
"5850","31303","313",660
"5851","31134","311",662
"5852","97236","972",1020
"5853","22335","223",400
"5854","88489","884",1071
"5855","22297","222",402
"5856","89182","891",332
"5857","22299","222",402
"5858","21385","213",478
"5859","73479","734",1042
"5860","22047","220",405
"5861","89278","892",327
"5862","37520","375",632
"5863","37115","371",637
"5864","97247","972",1020
"5865","29361","293",727
"5866","21509","215",468
"5867","24222","242",550
"5868","21449","214",472
"5869","24217","242",550
"5870","21529","215",466
"5871","29582","295",725
"5872","87733","877",1165
"5873","86757","867",982
"5874","38122","381",618
"5875","23623","236",568
"5876","38533","385",613
"5877","38531","385",613
"5878","38108","381",618
"5879","97514","975",1090
"5880","91629","916",883
"5881","38324","383",615
"5882","38553","385",613
"5883","91487","914",893
"5884","87640","876",1166
"5885","96138","961",58
"5886","98544","985",959
"5887","23689","236",568
"5888","87669","876",1166
"5889","98527","985",959
"5890","99768","997",1170
"5891","90613","906",750
"5892","98711","987",1014
"5893","86462","864",948
"5894","86698","866",988
"5895","86692","866",988
"5896","86934","869",980
"5897","38364","383",616
"5898","86684","866",988
"5899","82497","824",13
"5900","99326","993",1149
"5901","82487","824",13
"5902","29451","294",726
"5903","57518","575",166
"5904","26188","261",800
"5905","57562","575",166
"5906","49681","496",642
"5907","77767","777",397
"5908","49661","496",642
"5909","49196","491",654
"5910","76744","767",1111
"5911","67152","671",476
"5912","33442","334",505
"5913","79777","797",488
"5914","25997","259",829
"5915","26937","269",781
"5916","76726","767",1111
"5917","65428","654",308
"5918","78733","787",261
"5919","36110","361",561
"5920","36272","362",560
"5921","24791","247",534
"5922","37586","375",632
"5923","24857","248",531
"5924","89601","896",318
"5925","73033","730",978
"5926","34329","343",415
"5927","25548","255",846
"5928","36039","360",563
"5929","59174","591",226
"5930","51597","515",1142
"5931","58638","586",104
"5932","56130","561",381
"5933","55413","554",435
"5934","59199","591",226
"5935","55425","554",435
"5936","26655","266",788
"5937","25488","254",848
"5938","25337","253",850
"5939","24354","243",546
"5940","89188","891",332
"5941","97797","977",1079
"5942","88433","884",1071
"5943","24367","243",546
"5944","37124","371",637
"5945","97297","972",1020
"5946","24395","243",546
"5947","74423","744",970
"5948","22549","225",393
"5949","21079","210",493
"5950","97072","970",1024
"5951","97725","977",1079
"5952","24539","245",541
"5953","97218","972",1020
"5954","89233","892",327
"5955","97440","974",1018
"5956","24626","246",539
"5957","24229","242",552
"5958","21445","214",472
"5959","24159","241",557
"5960","21441","214",472
"5961","29342","293",727
"5962","87751","877",1165
"5963","22926","229",453
"5964","97506","975",1085
"5965","38272","382",617
"5966","23829","238",591
"5967","87439","874",1136
"5968","89447","894",323
"5969","87739","877",1165
"5970","99974","999",1168
"5971","91567","915",889
"5972","91443","914",893
"5973","22959","229",453
"5974","87653","876",1166
"5975","64584","645",1101
"5976","65795","657",370
"5977","68165","681",401
"5978","61350","613",1029
"5979","68259","682",396
"5980","32369","323",626
"5981","72213","722",76
"5982","60529","605",60
"5983","68535","685",389
"5984","64342","643",1035
"5985","78266","782",271
"5986","27711","277",920
"5987","32791","327",653
"5988","33098","330",512
"5989","78262","782",270
"5990","69250","692",185
"5991","61138","611",962
"5992","34516","345",407
"5993","63179","631",1105
"5994","28205","282",902
"5995","74374","743",929
"5996","25870","258",830
"5997","28355","283",901
"5998","78567","785",265
"5999","25917","259",829
"6000","21772","217",525
"6001","63796","637",1160
"6002","25858","258",830
"6003","71701","717",110
"6004","70197","701",11
"6005","63843","638",1156
"6006","36325","363",559
"6007","72820","728",63
"6008","70469","704",9
"6009","25855","258",830
"6010","63839","638",1156
"6011","63920","639",1151
"6012","63856","638",1156
"6013","24983","249",564
"6014","63927","639",1151
"6015","72649","726",67
"6016","72531","725",70
"6017","24988","249",564
"6018","31555","315",678
"6019","36280","362",560
"6020","25569","255",846
"6021","73277","732",971
"6022","49638","496",642
"6023","55450","554",435
"6024","79194","791",506
"6025","77749","777",397
"6026","48231","482",205
"6027","76857","768",1107
"6028","79286","792",502
"6029","65624","656",375
"6030","65589","655",307
"6031","77704","777",397
"6032","65629","656",374
"6033","79837","798",482
"6034","65554","655",307
"6035","65550","655",307
"6036","49179","491",654
"6037","65396","653",309
"6038","77740","777",397
"6039","26123","261",800
"6040","76456","764",1045
"6041","35685","356",572
"6042","35683","356",572
"6043","49324","493",648
"6044","26931","269",781
"6045","77773","777",397
"6046","61276","612",1030
"6047","76597","765",1044
"6048","67065","670",480
"6049","36154","361",561
"6050","97906","979",1073
"6051","24991","249",564
"6052","97846","978",1077
"6053","88085","880",1084
"6054","25551","255",846
"6055","36391","363",559
"6056","97837","978",1077
"6057","97799","977",1079
"6058","97264","972",1020
"6059","51709","517",1137
"6060","44141","441",340
"6061","66509","665",253
"6062","56291","562",364
"6063","56076","560",385
"6064","66953","669",295
"6065","79589","795",495
"6066","49699","496",642
"6067","56598","565",350
"6068","26605","266",788
"6069","06484","064",687
"6070","82284","822",19
"6071","91364","913",895
"6072","91322","913",895
"6073","07407","074",746
"6074","96268","962",57
"6075","91349","913",895
"6076","39624","396",704
"6077","91327","913",895
"6078","85049","850",1009
"6079","82340","823",17
"6080","91245","912",897
"6081","91282","912",897
"6082","93348","933",51
"6083","85617","856",1052
"6084","85469","854",1060
"6085","39319","393",709
"6086","07545","075",745
"6087","84069","840",49
"6088","18055","180",702
"6089","93173","931",53
"6090","83134","831",85
"6091","84169","841",45
"6092","84171","841",45
"6093","93170","931",53
"6094","83564","835",131
"6095","83536","835",131
"6096","92431","924",849
"6097","08451","084",731
"6098","93086","930",28
"6099","04157","041",870
"6100","93191","931",53
"6101","08056","080",738
"6102","92693","926",842
"6103","83308","833",133
"6104","93488","934",50
"6105","93413","934",50
"6106","94365","943",26
"6107","84323","843",83
"6108","09322","093",1127
"6109","94354","943",26
"6110","83362","833",133
"6111","08340","083",732
"6112","09419","094",1123
"6113","04861","048",858
"6114","94542","945",22
"6115","14974","149",770
"6116","94496","944",24
"6117","94535","945",22
"6118","94148","941",1172
"6119","14195","141",778
"6120","14167","141",778
"6121","09599","095",1120
"6122","14059","140",783
"6123","94518","945",22
"6124","13467","134",822
"6125","10553","105",363
"6126","94152","941",1174
"6127","12053","120",530
"6128","54536","545",234
"6129","45892","458",189
"6130","45879","458",189
"6131","53175","531",294
"6132","53113","531",294
"6133","48607","486",193
"6134","53173","531",294
"6135","42107","421",233
"6136","42855","428",274
"6137","53797","537",338
"6138","44628","446",326
"6139","44803","448",417
"6140","56659","566",349
"6141","47652","476",210
"6142","52457","524",1095
"6143","47495","474",213
"6144","66780","667",304
"6145","41472","414",324
"6146","54314","543",244
"6147","47167","471",215
"6148","40233","402",1012
"6149","41539","415",321
"6150","45145","451",160
"6151","66133","661",260
"6152","85057","850",1009
"6153","99510","995",1145
"6154","85304","853",1001
"6155","83646","836",129
"6156","83623","836",129
"6157","80992","809",814
"6158","95339","953",156
"6159","85126","851",1008
"6160","07806","078",740
"6161","93333","933",51
"6162","85406","854",1060
"6163","85445","854",1060
"6164","85417","854",1060
"6165","95191","951",93
"6166","18239","182",698
"6167","06388","063",689
"6168","95508","955",152
"6169","06120","061",692
"6170","93342","933",51
"6171","98587","985",959
"6172","38102","381",618
"6173","38524","385",613
"6174","23560","235",569
"6175","38700","387",607
"6176","91743","917",878
"6177","87659","876",1166
"6178","38170","381",618
"6179","96170","961",58
"6180","23744","237",566
"6181","23569","235",569
"6182","86983","869",980
"6183","21371","213",478
"6184","91086","910",900
"6185","98693","986",1017
"6186","96049","960",59
"6187","38382","383",616
"6188","86694","866",988
"6189","86931","869",980
"6190","82409","824",13
"6191","96231","962",57
"6192","90765","907",748
"6193","99638","996",1141
"6194","82380","823",17
"6195","10369","103",379
"6196","94078","940",1178
"6197","12555","125",521
"6198","01156","011",813
"6199","01445","014",809
"6200","15748","157",912
"6201","01809","018",856
"6202","01237","012",811
"6203","17321","173",718
"6204","02959","029",802
"6205","02923","029",803
"6206","84076","840",49
"6207","93195","931",53
"6208","92711","927",835
"6209","93138","931",53
"6210","84427","844",81
"6211","18147","181",701
"6212","95685","956",143
"6213","04626","046",860
"6214","08412","084",731
"6215","18311","183",697
"6216","83233","832",135
"6217","84187","841",45
"6218","84155","841",45
"6219","83370","833",133
"6220","83236","832",135
"6221","08237","082",735
"6222","04319","043",867
"6223","94315","943",26
"6224","04451","044",866
"6225","04824","048",858
"6226","84503","845",79
"6227","09376","093",1126
"6228","09306","093",1127
"6229","94527","945",21
"6230","14656","146",774
"6231","04886","048",858
"6232","09127","091",1132
"6233","17091","170",723
"6234","93474","934",50
"6235","16727","167",873
"6236","94249","942",27
"6237","04931","049",857
"6238","14193","141",778
"6239","15806","158",909
"6240","17268","172",721
"6241","12157","121",527
"6242","15827","158",909
"6243","10117","101",387
"6244","17392","173",718
"6245","76307","763",1046
"6246","68782","687",386
"6247","68167","681",401
"6248","27612","276",921
"6249","65843","658",361
"6250","65760","657",372
"6251","61381","613",1029
"6252","27259","272",926
"6253","75179","751",1128
"6254","35457","354",576
"6255","27624","276",921
"6256","60316","603",62
"6257","75242","752",1125
"6258","32549","325",624
"6259","25842","258",830
"6260","78564","785",265
"6261","32545","325",624
"6262","28357","283",901
"6263","72365","723",74
"6264","32657","326",656
"6265","63165","631",1105
"6266","61130","611",962
"6267","35315","353",578
"6268","25797","257",834
"6269","28876","288",894
"6270","21789","217",525
"6271","25795","257",834
"6272","27318","273",925
"6273","33034","330",513
"6274","63931","639",1150
"6275","31629","316",677
"6276","34613","346",406
"6277","63571","635",1163
"6278","63925","639",1151
"6279","27283","272",927
"6280","63808","638",1156
"6281","63607","636",1161
"6282","34582","345",407
"6283","63934","639",1151
"6284","72555","725",70
"6285","73728","737",1038
"6286","63619","636",1161
"6287","71737","717",111
"6288","72636","726",67
"6289","72539","725",70
"6290","74626","746",968
"6291","63639","636",1161
"6292","25560","255",846
"6293","34639","346",406
"6294","86926","869",980
"6295","23747","237",566
"6296","82386","823",17
"6297","85111","851",1005
"6298","06556","065",683
"6299","86565","865",996
"6300","82319","823",17
"6301","91233","912",897
"6302","06313","063",688
"6303","82067","820",1167
"6304","80638","806",818
"6305","06347","063",688
"6306","39116","391",713
"6307","85402","854",1060
"6308","80799","807",817
"6309","80801","808",815
"6310","06420","064",687
"6311","84089","840",49
"6312","85551","855",1057
"6313","19370","193",763
"6314","07819","078",740
"6315","95176","951",93
"6316","12437","124",522
"6317","03249","032",905
"6318","94051","940",1178
"6319","94146","941",1175
"6320","12587","125",521
"6321","94118","941",1175
"6322","12589","125",521
"6323","01990","019",853
"6324","01067","010",816
"6325","01129","011",813
"6326","01108","011",813
"6327","01847","018",856
"6328","01877","018",856
"6329","01844","018",856
"6330","03042","030",908
"6331","02794","027",768
"6332","02785","027",768
"6333","57632","576",161
"6334","44265","442",339
"6335","55629","556",428
"6336","56584","565",350
"6337","66849","668",303
"6338","56317","563",356
"6339","56170","561",382
"6340","55496","554",435
"6341","48653","486",192
"6342","45772","457",144
"6343","55779","557",514
"6344","26524","265",789
"6345","42389","423",231
"6346","56253","562",365
"6347","58456","584",106
"6348","44575","445",328
"6349","56869","568",426
"6350","66869","668",302
"6351","26556","265",789
"6352","66882","668",303
"6353","30669","306",603
"6354","89191","891",332
"6355","97783","977",1079
"6356","73565","735",1041
"6357","30173","301",596
"6358","21261","212",487
"6359","73568","735",1041
"6360","89608","896",317
"6361","73329","733",1043
"6362","97957","979",1072
"6363","30539","305",604
"6364","97234","972",1020
"6365","88161","881",1080
"6366","97727","977",1079
"6367","97074","970",1024
"6368","89194","891",332
"6369","29320","293",727
"6370","89250","892",327
"6371","22339","223",400
"6372","88486","884",1071
"6373","97318","973",1019
"6374","37199","371",637
"6375","97616","976",1082
"6376","89346","893",325
"6377","22941","229",453
"6378","24226","242",550
"6379","97422","974",1018
"6380","37351","373",635
"6381","91605","916",883
"6382","38268","382",617
"6383","98574","985",959
"6384","89352","893",325
"6385","89429","894",323
"6386","89431","894",323
"6387","38226","382",617
"6388","21436","214",472
"6389","87488","874",1136
"6390","98596","985",959
"6391","87634","876",1166
"6392","99820","998",1169
"6393","91599","915",889
"6394","91744","917",878
"6395","89344","893",325
"6396","38304","383",615
"6397","97494","974",1018
"6398","89361","893",325
"6399","86868","868",981
"6400","23684","236",568
"6401","87668","876",1166
"6402","29590","295",725
"6403","86494","864",943
"6404","87675","876",1166
"6405","23627","236",567
"6406","91475","914",893
"6407","91729","917",878
"6408","91723","917",878
"6409","86875","868",981
"6410","91085","910",900
"6411","96164","961",58
"6412","86679","866",988
"6413","86152","861",953
"6414","06502","065",686
"6415","99634","996",1141
"6416","96117","961",58
"6417","96528","965",88
"6418","90766","907",748
"6419","23777","237",566
"6420","19243","192",765
"6421","86453","864",947
"6422","91301","913",895
"6423","23948","239",589
"6424","52078","520",1027
"6425","47638","476",210
"6426","52393","523",1023
"6427","46509","465",91
"6428","54612","546",288
"6429","41066","410",286
"6430","47839","478",208
"6431","41352","413",282
"6432","53947","539",330
"6433","54574","545",235
"6434","54529","545",234
"6435","46569","465",90
"6436","50354","503",960
"6437","40885","408",1059
"6438","40231","402",1012
"6439","66822","668",301
"6440","66346","663",257
"6441","45470","454",157
"6442","45357","453",158
"6443","46236","462",98
"6444","40723","407",1061
"6445","54487","544",242
"6446","45239","452",159
"6447","50679","506",958
"6448","53859","538",334
"6449","66123","661",260
"6450","51149","511",1096
"6451","42657","426",280
"6452","66271","662",258
"6453","34314","343",412
"6454","73650","736",1039
"6455","74639","746",968
"6456","88373","883",1074
"6457","37639","376",631
"6458","73635","736",1039
"6459","34125","341",423
"6460","30823","308",601
"6461","88422","884",1071
"6462","74632","746",968
"6463","74676","746",968
"6464","88142","881",1080
"6465","79206","792",502
"6466","67734","677",447
"6467","48155","481",206
"6468","49624","496",642
"6469","26409","264",792
"6470","79291","792",502
"6471","56206","562",367
"6472","79282","792",502
"6473","79219","792",502
"6474","26689","266",788
"6475","56335","563",359
"6476","79618","796",492
"6477","79111","791",506
"6478","77972","779",390
"6479","55593","555",434
"6480","59227","592",225
"6481","77876","778",392
"6482","67146","671",476
"6483","76870","768",1108
"6484","77830","778",392
"6485","77793","777",397
"6486","55268","552",441
"6487","65527","655",307
"6488","65207","652",310
"6489","25980","259",829
"6490","67582","675",455
"6491","76774","767",1111
"6492","79801","798",483
"6493","78713","787",261
"6494","67471","674",460
"6495","59457","594",222
"6496","49593","495",643
"6497","67319","673",464
"6498","67304","673",464
"6499","65604","656",376
"6500","67466","674",460
"6501","77716","777",397
"6502","85664","856",1055
"6503","92720","927",835
"6504","18276","182",698
"6505","93080","930",28
"6506","93128","931",53
"6507","07552","075",745
"6508","93158","931",53
"6509","84416","844",81
"6510","95173","951",93
"6511","07546","075",745
"6512","83022","830",87
"6513","84051","840",49
"6514","06849","068",668
"6515","04178","041",870
"6516","04613","046",860
"6517","83555","835",131
"6518","83129","831",85
"6519","08427","084",731
"6520","04229","042",868
"6521","04155","041",870
"6522","93099","930",29
"6523","04103","041",870
"6524","84494","844",81
"6525","93492","934",50
"6526","09355","093",1126
"6527","84307","843",83
"6528","93468","934",50
"6529","06917","069",664
"6530","14547","145",775
"6531","08352","083",732
"6532","09380","093",1126
"6533","09390","093",1126
"6534","13595","135",820
"6535","01594","015",807
"6536","13505","135",820
"6537","17498","174",717
"6538","04938","049",857
"6539","94163","941",1175
"6540","09548","095",1119
"6541","12047","120",530
"6542","94032","940",1177
"6543","85309","853",1002
"6544","85101","851",1005
"6545","95367","953",156
"6546","92345","923",851
"6547","82041","820",1167
"6548","39130","391",713
"6549","39120","391",713
"6550","80539","805",821
"6551","91281","912",897
"6552","39106","391",713
"6553","81827","818",31
"6554","83626","836",129
"6555","07619","076",744
"6556","19406","194",761
"6557","85416","854",1060
"6558","85410","854",1060
"6559","16928","169",869
"6560","06721","067",673
"6561","13129","131",826
"6562","13053","130",833
"6563","12681","126",516
"6564","12621","126",516
"6565","01896","018",856
"6566","03226","032",905
"6567","17328","173",718
"6568","02694","026",769
"6569","02953","029",802
"6570","02906","029",803
"6571","57080","570",172
"6572","57368","573",169
"6573","77790","777",397
"6574","65553","655",307
"6575","25364","253",850
"6576","36043","360",563
"6577","36199","361",562
"6578","74405","744",970
"6579","29323","293",727
"6580","30519","305",604
"6581","30657","306",602
"6582","36129","361",561
"6583","36205","362",560
"6584","24259","242",551
"6585","31319","313",659
"6586","37318","373",635
"6587","37130","371",637
"6588","89077","890",337
"6589","24239","242",551
"6590","31135","311",662
"6591","24598","245",541
"6592","21217","212",487
"6593","37589","375",632
"6594","22417","224",399
"6595","24244","242",552
"6596","87538","875",1135
"6597","73430","734",1042
"6598","24106","241",557
"6599","89264","892",327
"6600","24103","241",557
"6601","97464","974",1018
"6602","31185","311",662
"6603","24211","242",550
"6604","91465","914",893
"6605","73485","734",1042
"6606","89561","895",320
"6607","89437","894",323
"6608","89364","893",325
"6609","86381","863",949
"6610","23818","238",593
"6611","37355","373",635
"6612","21395","213",478
"6613","21382","213",478
"6614","29587","295",725
"6615","97631","976",1083
"6616","87484","874",1136
"6617","91474","914",893
"6618","86657","866",988
"6619","29439","294",726
"6620","86938","869",980
"6621","82496","824",13
"6622","90596","905",755
"6623","86669","866",988
"6624","91358","913",895
"6625","29488","294",726
"6626","91207","912",897
"6627","99439","994",1147
"6628","29484","294",726
"6629","82404","824",15
"6630","99423","994",1147
"6631","35239","352",579
"6632","35579","355",574
"6633","72280","722",76
"6634","35576","355",574
"6635","35232","352",579
"6636","33617","336",499
"6637","72178","721",33
"6638","35581","355",574
"6639","28779","287",896
"6640","25826","258",830
"6641","35108","351",584
"6642","63263","632",1104
"6643","61352","613",1029
"6644","78194","781",273
"6645","76703","767",1112
"6646","69120","691",187
"6647","35516","355",575
"6648","78665","786",264
"6649","69234","692",179
"6650","72356","723",74
"6651","78604","786",262
"6652","75223","752",1124
"6653","31600","316",676
"6654","32427","324",625
"6655","78570","785",265
"6656","74867","748",966
"6657","63505","635",1163
"6658","32683","326",656
"6659","69427","694",177
"6660","24980","249",564
"6661","63867","638",1157
"6662","21787","217",525
"6663","70195","701",11
"6664","74399","743",929
"6665","70567","705",8
"6666","25885","258",830
"6667","27367","273",925
"6668","70180","701",11
"6669","70182","701",11
"6670","72501","725",70
"6671","74395","743",929
"6672","70329","703",10
"6673","71723","717",111
"6674","34270","342",419
"6675","74189","741",939
"6676","34305","343",410
"6677","74251","742",933
"6678","71543","715",118
"6679","26802","268",784
"6680","49809","498",638
"6681","53578","535",345
"6682","51766","517",1137
"6683","44369","443",336
"6684","48431","484",198
"6685","45891","458",189
"6686","48531","485",196
"6687","53844","538",334
"6688","53111","531",294
"6689","45549","455",155
"6690","45665","456",153
"6691","56736","567",346
"6692","45711","457",144
"6693","44147","441",340
"6694","87650","876",1166
"6695","96132","961",58
"6696","86450","864",943
"6697","38126","381",618
"6698","97475","974",1018
"6699","21514","215",467
"6700","86637","866",988
"6701","91595","915",889
"6702","87666","876",1166
"6703","86759","867",982
"6704","91746","917",878
"6705","29588","295",725
"6706","86650","866",988
"6707","86856","868",981
"6708","86482","864",943
"6709","91575","915",889
"6710","19217","192",765
"6711","99765","997",1170
"6712","86989","869",980
"6713","99334","993",1149
"6714","29459","294",726
"6715","86947","869",980
"6716","98701","987",1013
"6717","91334","913",895
"6718","82269","822",19
"6719","86911","869",980
"6720","29482","294",726
"6721","86941","869",980
"6722","47559","475",212
"6723","52146","521",1026
"6724","41836","418",313
"6725","52459","524",1095
"6726","41239","412",284
"6727","52399","523",1023
"6728","54306","543",245
"6729","54313","543",245
"6730","26757","267",787
"6731","54318","543",245
"6732","40549","405",1067
"6733","47249","472",214
"6734","47138","471",215
"6735","47279","472",214
"6736","40589","405",1066
"6737","50829","508",956
"6738","50321","503",960
"6739","42579","425",281
"6740","50389","503",960
"6741","51143","511",1096
"6742","48619","486",193
"6743","45139","451",160
"6744","71554","715",118
"6745","34117","341",423
"6746","97828","978",1077
"6747","97922","979",1072
"6748","24768","247",534
"6749","89607","896",315
"6750","97292","972",1020
"6751","48143","481",206
"6752","57639","576",162
"6753","58636","586",104
"6754","67311","673",464
"6755","76473","764",1045
"6756","49401","494",645
"6757","26129","261",800
"6758","65203","652",310
"6759","67161","671",476
"6760","55296","552",443
"6761","76571","765",1044
"6762","67071","670",480
"6763","67112","671",476
"6764","85661","856",1055
"6765","85461","854",1060
"6766","95700","957",138
"6767","06132","061",692
"6768","92729","927",835
"6769","06130","061",692
"6770","93077","930",28
"6771","08606","086",729
"6772","06188","061",692
"6773","18119","181",701
"6774","06780","067",674
"6775","83550","835",131
"6776","83026","830",87
"6777","84184","841",45
"6778","07985","079",739
"6779","95703","957",137
"6780","06809","068",666
"6781","83128","831",85
"6782","83112","831",84
"6783","14827","148",771
"6784","84137","841",45
"6785","83209","832",135
"6786","95695","956",143
"6787","84453","844",81
"6788","83346","833",133
"6789","83371","833",133
"6790","84339","843",83
"6791","09328","093",1127
"6792","83334","833",133
"6793","94362","943",26
"6794","84547","845",79
"6795","83454","834",132
"6796","93473","934",50
"6797","83367","833",133
"6798","14913","149",770
"6799","83486","834",132
"6800","94250","942",27
"6801","17219","172",720
"6802","17111","171",722
"6803","09244","092",1130
"6804","09113","091",1132
"6805","83395","833",134
"6806","13583","135",820
"6807","17094","170",723
"6808","16792","167",873
"6809","01619","016",806
"6810","12161","121",527
"6811","13355","133",824
"6812","13089","130",833
"6813","39167","391",713
"6814","85716","857",1051
"6815","80809","808",815
"6816","80336","803",825
"6817","80333","803",825
"6818","80937","809",814
"6819","39118","391",713
"6820","83708","837",128
"6821","81737","817",32
"6822","81735","817",32
"6823","95192","951",93
"6824","07616","076",744
"6825","95469","954",154
"6826","85356","853",999
"6827","92676","926",841
"6828","84094","840",49
"6829","85667","856",1052
"6830","92242","922",852
"6831","90425","904",760
"6832","90459","904",760
"6833","86559","865",996
"6834","82256","822",19
"6835","90552","905",758
"6836","85229","852",1004
"6837","85123","851",1006
"6838","10317","103",379
"6839","17390","173",718
"6840","15566","155",913
"6841","94110","941",1175
"6842","15859","158",910
"6843","16248","162",888
"6844","01994","019",853
"6845","17454","174",716
"6846","15234","152",915
"6847","46446","464",94
"6848","41366","413",283
"6849","52396","523",1023
"6850","41199","411",285
"6851","52349","523",1023
"6852","41517","415",321
"6853","54311","543",244
"6854","41515","415",321
"6855","46414","464",94
"6856","47226","472",214
"6857","66709","667",306
"6858","66265","662",259
"6859","40883","408",1059
"6860","48599","485",195
"6861","45326","453",158
"6862","45257","452",159
"6863","56575","565",350
"6864","48429","484",198
"6865","48282","482",205
"6866","26904","269",779
"6867","56154","561",380
"6868","56072","560",385
"6869","44329","443",336
"6870","58566","585",105
"6871","66399","663",256
"6872","42103","421",233
"6873","44651","446",326
"6874","44793","447",422
"6875","44809","448",417
"6876","42277","422",232
"6877","51789","517",1137
"6878","58332","583",108
"6879","44149","441",340
"6880","59939","599",216
"6881","67166","671",476
"6882","35080","350",586
"6883","33415","334",504
"6884","72226","722",76
"6885","68163","681",401
"6886","75335","753",1121
"6887","59929","599",216
"6888","78054","780",275
"6889","78056","780",275
"6890","33611","336",499
"6891","68723","687",386
"6892","27570","275",922
"6893","78187","781",273
"6894","61191","611",962
"6895","69231","692",179
"6896","60308","603",62
"6897","69126","691",187
"6898","78606","786",262
"6899","64658","646",1100
"6900","64846","648",1098
"6901","74889","748",965
"6902","71299","712",124
"6903","28865","288",894
"6904","27249","272",926
"6905","34477","344",409
"6906","27339","273",925
"6907","63512","635",1162
"6908","63500","635",1162
"6909","34454","344",409
"6910","74397","743",929
"6911","21770","217",525
"6912","71032","710",78
"6913","63755","637",1160
"6914","71101","711",127
"6915","27333","273",925
"6916","31683","316",675
"6917","31547","315",678
"6918","70597","705",8
"6919","78462","784",266
"6920","21732","217",525
"6921","70736","707",5
"6922","31552","315",678
"6923","31636","316",677
"6924","72574","725",70
"6925","74243","742",934
"6926","29664","296",724
"6927","88048","880",1084
"6928","73666","736",1039
"6929","37603","376",631
"6930","88400","884",1071
"6931","30449","304",605
"6932","25421","254",848
"6933","89614","896",317
"6934","88410","884",1071
"6935","73569","735",1041
"6936","88437","884",1071
"6937","24647","246",537
"6938","97996","979",1072
"6939","24644","246",537
"6940","31139","311",662
"6941","24649","246",537
"6942","22761","227",462
"6943","97283","972",1020
"6944","37287","372",636
"6945","88484","884",1071
"6946","73572","735",1041
"6947","22455","224",398
"6948","73563","735",1041
"6949","89179","891",332
"6950","20259","202",621
"6951","97286","972",1020
"6952","21439","214",472
"6953","20099","200",623
"6954","24628","246",536
"6955","88459","884",1071
"6956","22149","221",404
"6957","29565","295",725
"6958","89176","891",332
"6959","99817","998",1169
"6960","98590","985",959
"6961","87766","877",1165
"6962","87545","875",1135
"6963","89423","894",323
"6964","87435","874",1136
"6965","99986","999",1168
"6966","91578","915",889
"6967","22964","229",453
"6968","89356","893",325
"6969","79591","795",495
"6970","56340","563",354
"6971","57589","575",167
"6972","56191","561",382
"6973","56237","562",367
"6974","55430","554",435
"6975","57537","575",166
"6976","79341","793",501
"6977","58809","588",101
"6978","79224","792",502
"6979","77974","779",390
"6980","67826","678",519
"6981","86741","867",982
"6982","89420","894",323
"6983","38302","383",615
"6984","29579","295",725
"6985","86865","868",981
"6986","21398","213",478
"6987","86497","864",943
"6988","38556","385",613
"6989","23909","239",588
"6990","23568","235",569
"6991","86681","866",988
"6992","21369","213",478
"6993","38473","384",614
"6994","86986","869",980
"6995","90617","906",754
"6996","86156","861",953
"6997","96052","960",59
"6998","86916","869",980
"6999","38461","384",614
"7000","96450","964",89
"7001","23743","237",566
"7002","86703","867",986
"7003","86415","864",945
"7004","96489","964",89
"7005","58710","587",103
"7006","76846","768",1110
"7007","79299","792",502
"7008","59229","592",225
"7009","56459","564",352
"7010","26219","262",798
"7011","49170","491",654
"7012","49205","492",652
"7013","65346","653",309
"7014","49084","490",658
"7015","77784","777",397
"7016","65344","653",309
"7017","67147","671",476
"7018","49163","491",654
"7019","67149","671",476
"7020","33829","338",549
"7021","67134","671",476
"7022","55131","551",445
"7023","67259","672",469
"7024","49356","493",649
"7025","35619","356",571
"7026","67583","675",455
"7027","65474","654",308
"7028","73274","732",971
"7029","34376","343",412
"7030","36103","361",561
"7031","72537","725",70
"7032","34326","343",413
"7033","97855","978",1077
"7034","37632","376",631
"7035","24816","248",531
"7036","30827","308",601
"7037","89613","896",315
"7038","85567","855",1057
"7039","95615","956",143
"7040","83539","835",131
"7041","83533","835",131
"7042","92717","927",837
"7043","19395","193",763
"7044","06861","068",668
"7045","83512","835",131
"7046","83137","831",85
"7047","93177","931",53
"7048","17213","172",719
"7049","92526","925",847
"7050","84478","844",81
"7051","08060","080",738
"7052","17166","171",722
"7053","04328","043",867
"7054","04552","045",862
"7055","94351","943",26
"7056","08132","081",737
"7057","14662","146",774
"7058","08141","081",737
"7059","93483","934",50
"7060","94419","944",23
"7061","84579","845",79
"7062","94375","943",26
"7063","94336","943",26
"7064","18513","185",694
"7065","84332","843",83
"7066","94262","942",27
"7067","94560","945",21
"7068","09123","091",1132
"7069","83404","834",132
"7070","94539","945",21
"7071","17121","171",722
"7072","09471","094",1123
"7073","16798","167",873
"7074","09432","094",1123
"7075","94530","945",22
"7076","94508","945",22
"7077","94575","945",22
"7078","94060","940",1176
"7079","09526","095",1119
"7080","13627","136",819
"7081","12205","122",524
"7082","14197","141",778
"7083","94154","941",1175
"7084","10785","107",437
"7085","10967","109",431
"7086","85055","850",1009
"7087","91247","912",897
"7088","19067","190",766
"7089","80686","806",818
"7090","80637","806",818
"7091","83674","836",129
"7092","92259","922",852
"7093","07929","079",739
"7094","81677","816",39
"7095","95119","951",93
"7096","81929","819",30
"7097","85521","855",1058
"7098","85737","857",1049
"7099","85640","856",1052
"7100","85653","856",1052
"7101","83700","837",128
"7102","85658","856",1052
"7103","85462","854",1060
"7104","92274","922",852
"7105","95032","950",97
"7106","07955","079",739
"7107","96237","962",57
"7108","96247","962",57
"7109","82285","822",19
"7110","91369","913",895
"7111","29472","294",726
"7112","86556","865",996
"7113","29476","294",726
"7114","91346","913",895
"7115","86562","865",996
"7116","99427","994",1147
"7117","91227","912",897
"7118","96337","963",56
"7119","86558","865",996
"7120","07333","073",747
"7121","23896","238",595
"7122","38104","381",618
"7123","91722","917",878
"7124","99706","997",1170
"7125","99867","998",1169
"7126","29379","293",727
"7127","23879","238",595
"7128","23717","237",566
"7129","86502","865",998
"7130","86405","864",948
"7131","86678","866",988
"7132","23738","237",566
"7133","86972","869",980
"7134","99090","990",1158
"7135","86688","866",988
"7136","91792","917",878
"7137","86159","861",953
"7138","86167","861",953
"7139","96253","962",57
"7140","19205","192",765
"7141","91096","910",900
"7142","90763","907",748
"7143","90449","904",760
"7144","98724","987",1013
"7145","12055","120",530
"7146","01558","015",808
"7147","10365","103",379
"7148","17509","175",715
"7149","13051","130",833
"7150","01762","017",804
"7151","15754","157",912
"7152","16227","162",888
"7153","03185","031",906
"7154","02692","026",769
"7155","02782","027",768
"7156","02739","027",768
"7157","67580","675",455
"7158","68305","683",394
"7159","65451","654",308
"7160","61267","612",1030
"7161","76356","763",1046
"7162","76327","763",1046
"7163","64546","645",1101
"7164","27607","276",921
"7165","75305","753",1121
"7166","79798","797",490
"7167","75339","753",1121
"7168","25924","259",829
"7169","33699","336",499
"7170","65933","659",353
"7171","64293","642",1037
"7172","69207","692",181
"7173","78250","782",270
"7174","33181","331",511
"7175","27474","274",924
"7176","72186","721",33
"7177","72351","723",74
"7178","74918","749",963
"7179","78573","785",265
"7180","69253","692",185
"7181","28219","282",902
"7182","61200","612",1030
"7183","74909","749",964
"7184","71126","711",125
"7185","32760","327",653
"7186","35410","354",576
"7187","72361","723",74
"7188","75031","750",1131
"7189","74937","749",964
"7190","71287","712",124
"7191","27254","272",926
"7192","88631","886",1065
"7193","34513","345",407
"7194","74869","748",966
"7195","25746","257",834
"7196","72116","721",35
"7197","74928","749",964
"7198","72474","724",72
"7199","72514","725",69
"7200","63743","637",1160
"7201","63911","639",1151
"7202","25864","258",830
"7203","74834","748",966
"7204","70173","701",11
"7205","71711","717",111
"7206","72805","728",63
"7207","74850","748",966
"7208","31535","315",678
"7209","34621","346",406
"7210","24899","248",531
"7211","31787","317",672
"7212","24963","249",564
"7213","97833","978",1077
"7214","73240","732",971
"7215","24870","248",531
"7216","88521","885",1068
"7217","24885","248",531
"7218","41068","410",287
"7219","54610","546",289
"7220","47239","472",214
"7221","47259","472",214
"7222","41466","414",324
"7223","66793","667",304
"7224","53534","535",342
"7225","53539","535",342
"7226","50933","509",955
"7227","46242","462",98
"7228","66126","661",260
"7229","49828","498",638
"7230","51373","513",1148
"7231","42553","425",281
"7232","45881","458",189
"7233","22880","228",457
"7234","97857","978",1077
"7235","21279","212",487
"7236","97225","972",1020
"7237","24793","247",535
"7238","31028","310",663
"7239","74544","745",969
"7240","37213","372",636
"7241","97268","972",1020
"7242","73571","735",1041
"7243","97082","970",1024
"7244","24623","246",537
"7245","88299","882",1078
"7246","37073","370",639
"7247","97535","975",1087
"7248","22301","223",400
"7249","73491","734",1042
"7250","22307","223",400
"7251","98634","986",1016
"7252","37434","374",633
"7253","36466","364",558
"7254","37281","372",636
"7255","31241","312",661
"7256","89359","893",325
"7257","38709","387",608
"7258","22967","229",453
"7259","29556","295",725
"7260","87719","877",1165
"7261","96152","961",58
"7262","86747","867",982
"7263","67722","677",450
"7264","79280","792",502
"7265","58739","587",103
"7266","77746","777",397
"7267","59071","590",227
"7268","79104","791",506
"7269","59514","595",221
"7270","77799","777",397
"7271","77723","777",397
"7272","49080","490",658
"7273","26316","263",796
"7274","65627","656",377
"7275","49685","496",642
"7276","26131","261",800
"7277","78141","781",273
"7278","76474","764",1045
"7279","67378","673",463
"7280","76476","764",1045
"7281","35638","356",571
"7282","67459","674",461
"7283","33334","333",509
"7284","65817","658",362
"7285","76599","765",1044
"7286","76275","762",1048
"7287","25992","259",829
"7288","65779","657",371
"7289","27804","278",917
"7290","97907","979",1073
"7291","74744","747",967
"7292","88069","880",1084
"7293","88079","880",1084
"7294","73642","736",1039
"7295","21649","216",528
"7296","31008","310",663
"7297","73345","733",1043
"7298","51427","514",1146
"7299","53129","531",294
"7300","56727","567",346
"7301","56651","566",349
"7302","51503","515",1143
"7303","66453","664",255
"7304","45525","455",155
"7305","55743","557",514
"7306","53773","537",338
"7307","79592","795",495
"7308","58644","586",104
"7309","55571","555",433
"7310","49637","496",642
"7311","56428","564",351
"7312","26632","266",788
"7313","49811","498",638
"7314","66904","669",297
"7315","58135","581",114
"7316","26487","264",792
"7317","67749","677",447
"7318","83730","837",128
"7319","92546","925",847
"7320","08547","085",730
"7321","06846","068",668
"7322","04509","045",863
"7323","92447","924",849
"7324","84431","844",81
"7325","84544","845",79
"7326","08267","082",735
"7327","08064","080",738
"7328","14776","147",772
"7329","08112","081",737
"7330","17179","171",722
"7331","04668","046",861
"7332","08118","081",737
"7333","17159","171",722
"7334","09481","094",1123
"7335","14548","145",775
"7336","18510","185",694
"7337","09112","091",1132
"7338","09111","091",1132
"7339","09128","091",1132
"7340","09661","096",1116
"7341","09429","094",1123
"7342","94474","944",24
"7343","12279","122",524
"7344","12103","121",527
"7345","15834","158",909
"7346","17348","173",718
"7347","17098","170",723
"7348","24392","243",546
"7349","73337","733",1043
"7350","88364","883",1074
"7351","25373","253",850
"7352","37574","375",632
"7353","22587","225",393
"7354","37218","372",636
"7355","24634","246",537
"7356","37242","372",636
"7357","25479","254",848
"7358","24398","243",546
"7359","97084","970",1024
"7360","97653","976",1082
"7361","22529","225",393
"7362","36142","361",561
"7363","37296","372",636
"7364","22419","224",399
"7365","88453","884",1071
"7366","37276","372",636
"7367","22087","220",405
"7368","20535","205",640
"7369","73447","734",1042
"7370","97645","976",1082
"7371","97279","972",1020
"7372","24250","242",550
"7373","24143","241",557
"7374","89296","892",327
"7375","21031","210",494
"7376","91583","915",889
"7377","29345","293",727
"7378","24248","242",550
"7379","97350","973",1019
"7380","89297","892",327
"7381","38228","382",617
"7382","86480","864",943
"7383","87471","874",1136
"7384","37345","373",635
"7385","97519","975",1092
"7386","89343","893",325
"7387","91749","917",878
"7388","38528","385",613
"7389","91472","914",893
"7390","38315","383",615
"7391","86745","867",982
"7392","38667","386",611
"7393","85134","851",1005
"7394","91257","912",897
"7395","95500","955",147
"7396","85777","857",1051
"7397","95179","951",93
"7398","18233","182",698
"7399","81675","816",39
"7400","85104","851",1008
"7401","81825","818",31
"7402","95239","952",92
"7403","39245","392",712
"7404","06386","063",689
"7405","75337","753",1121
"7406","65479","654",308
"7407","78183","781",273
"7408","68766","687",386
"7409","68519","685",389
"7410","69493","694",176
"7411","35041","350",586
"7412","27248","272",926
"7413","63303","633",1102
"7414","60310","603",62
"7415","75181","751",1128
"7416","34431","344",409
"7417","63069","630",1106
"7418","64409","644",1034
"7419","63128","631",1105
"7420","33100","331",511
"7421","28195","281",904
"7422","75391","753",1121
"7423","28215","282",902
"7424","32756","327",653
"7425","74925","749",964
"7426","63674","636",1161
"7427","35321","353",578
"7428","64732","647",1099
"7429","27321","273",925
"7430","21782","217",525
"7431","71067","710",78
"7432","27327","273",925
"7433","72417","724",72
"7434","25840","258",830
"7435","72810","728",64
"7436","34596","345",407
"7437","71696","716",116
"7438","36304","363",559
"7439","74235","742",934
"7440","37688","376",631
"7441","72829","728",63
"7442","63828","638",1156
"7443","73733","737",1038
"7444","24861","248",531
"7445","24876","248",531
"7446","74706","747",967
"7447","97901","979",1073
"7448","37699","376",631
"7449","73630","736",1039
"7450","24937","249",564
"7451","87674","876",1166
"7452","99887","998",1169
"7453","38321","383",615
"7454","86754","867",982
"7455","90599","905",757
"7456","91580","915",889
"7457","86609","866",988
"7458","29562","295",725
"7459","91452","914",893
"7460","86477","864",943
"7461","38468","384",614
"7462","38476","384",614
"7463","91741","917",878
"7464","91720","917",878
"7465","96479","964",89
"7466","91799","917",878
"7467","96482","964",89
"7468","96149","961",58
"7469","96269","962",57
"7470","38822","388",606
"7471","86974","869",980
"7472","96129","961",58
"7473","90453","904",760
"7474","91088","910",900
"7475","90402","904",760
"7476","91161","911",898
"7477","85072","850",1010
"7478","96272","962",57
"7479","06577","065",683
"7480","96277","962",57
"7481","91367","913",895
"7482","82392","823",17
"7483","19057","190",766
"7484","12357","123",523
"7485","04934","049",857
"7486","12689","126",516
"7487","15366","153",914
"7488","15713","157",912
"7489","01099","010",816
"7490","01279","012",811
"7491","01998","019",853
"7492","15868","158",910
"7493","03130","031",906
"7494","02730","027",768
"7495","41812","418",313
"7496","66663","666",249
"7497","54568","545",235
"7498","50171","501",928
"7499","54662","546",288
"7500","46397","463",96
"7501","47199","471",215
"7502","47198","471",215
"7503","41542","415",321
"7504","54531","545",234
"7505","40476","404",1070
"7506","54346","543",245
"7507","40878","408",1059
"7508","40822","408",1059
"7509","42781","427",279
"7510","53117","531",294
"7511","51465","514",1146
"7512","49744","497",641
"7513","49762","497",641
"7514","42859","428",274
"7515","51491","514",1146
"7516","44627","446",326
"7517","77887","778",392
"7518","55271","552",441
"7519","26197","261",801
"7520","65611","656",378
"7521","79761","797",488
"7522","35799","357",570
"7523","76470","764",1045
"7524","76751","767",1111
"7525","65191","651",311
"7526","77761","777",397
"7527","79793","797",488
"7528","79771","797",488
"7529","72290","722",76
"7530","35768","357",570
"7531","61279","612",1030
"7532","24800","248",531
"7533","31832","318",665
"7534","71549","715",118
"7535","97892","978",1077
"7536","24811","248",531
"7537","36041","360",563
"7538","24977","249",564
"7539","25436","254",848
"7540","25597","255",846
"7541","21258","212",487
"7542","24813","248",531
"7543","73667","736",1039
"7544","36151","361",561
"7545","24784","247",534
"7546","66976","669",295
"7547","49626","496",642
"7548","79539","795",495
"7549","79268","792",502
"7550","79288","792",502
"7551","51598","515",1142
"7552","79294","792",502
"7553","49696","496",642
"7554","49688","496",642
"7555","79312","793",501
"7556","57645","576",165
"7557","57584","575",166
"7558","49565","495",643
"7559","49635","496",642
"7560","65321","653",309
"7561","79694","796",492
"7562","79682","796",492
"7563","49090","490",658
"7564","65599","655",307
"7565","26389","263",797
"7566","42399","423",231
"7567","48301","483",199
"7568","56656","566",349
"7569","55774","557",514
"7570","49777","497",641
"7571","55626","556",430
"7572","44143","441",340
"7573","66917","669",296
"7574","66506","665",253
"7575","58239","582",113
"7576","56321","563",354
"7577","41372","413",283
"7578","41468","414",324
"7579","50733","507",957
"7580","45127","451",160
"7581","29690","296",724
"7582","49584","495",643
"7583","58640","586",104
"7584","55444","554",435
"7585","79336","793",501
"7586","49577","495",643
"7587","59073","590",227
"7588","49424","494",645
"7589","26215","262",799
"7590","44536","445",329
"7591","44339","443",336
"7592","48565","485",194
"7593","66629","666",249
"7594","99085","990",1158
"7595","91320","913",895
"7596","99425","994",1147
"7597","85232","852",1004
"7598","85125","851",1005
"7599","82178","821",20
"7600","06366","063",689
"7601","06114","061",692
"7602","85643","856",1055
"7603","16945","169",869
"7604","92507","925",847
"7605","04207","042",868
"7606","04279","042",868
"7607","83256","832",135
"7608","92444","924",849
"7609","04838","048",858
"7610","18320","183",697
"7611","17207","172",719
"7612","04827","048",858
"7613","04860","048",858
"7614","04936","049",857
"7615","10589","105",363
"7616","10587","105",363
"7617","10965","109",431
"7618","13357","133",824
"7619","16244","162",888
"7620","33619","336",499
"7621","28790","287",896
"7622","33615","336",499
"7623","49419","494",645
"7624","27576","275",922
"7625","60325","603",62
"7626","64289","642",1037
"7627","33102","331",511
"7628","60388","603",62
"7629","71159","711",125
"7630","28207","282",902
"7631","72461","724",72
"7632","32825","328",646
"7633","31675","316",675
"7634","72488","724",72
"7635","88696","886",1064
"7636","72770","727",66
"7637","71679","716",116
"7638","70437","704",9
"7639","74072","740",942
"7640","70378","703",10
"7641","37671","376",631
"7642","73734","737",1038
"7643","36124","361",561
"7644","30966","309",597
"7645","25494","254",848
"7646","97246","972",1020
"7647","22305","223",400
"7648","22175","221",404
"7649","24116","241",557
"7650","22115","221",403
"7651","22143","221",404
"7652","24232","242",550
"7653","21407","214",471
"7654","38518","385",613
"7655","38120","381",618
"7656","99869","998",1169
"7657","81243","812",44
"7658","85757","857",1050
"7659","39110","391",713
"7660","39179","391",713
"7661","80804","808",815
"7662","83677","836",129
"7663","19336","193",764
"7664","99752","997",1170
"7665","38300","383",615
"7666","97500","975",1091
"7667","23669","236",568
"7668","96047","960",59
"7669","91189","911",899
"7670","91785","917",878
"7671","86150","861",953
"7672","23749","237",566
"7673","19230","192",765
"7674","16269","162",888
"7675","03172","031",906
"7676","12439","124",522
"7677","47669","476",210
"7678","53881","538",333
"7679","47166","471",215
"7680","40547","405",1067
"7681","49843","498",638
"7682","40593","405",1066
"7683","53332","533",292
"7684","45356","453",158
"7685","51379","513",1148
"7686","42799","427",278
"7687","45130","451",160
"7688","51069","510",1097
"7689","44866","448",418
"7690","51429","514",1146
"7691","44625","446",326
"7692","44789","447",422
"7693","26892","268",784
"7694","24864","248",531
"7695","29308","293",727
"7696","24568","245",540
"7697","97080","970",1024
"7698","97070","970",1024
"7699","31162","311",662
"7700","21376","213",478
"7701","31311","313",660
"7702","22119","221",403
"7703","24635","246",539
"7704","91550","915",889
"7705","38704","387",608
"7706","29553","295",725
"7707","99947","999",1168
"7708","99880","998",1169
"7709","89407","894",323
"7710","33647","336",499
"7711","33739","337",554
"7712","68799","687",386
"7713","64295","642",1037
"7714","60439","604",61
"7715","60314","603",62
"7716","28199","281",904
"7717","63073","630",1106
"7718","78224","782",270
"7719","34414","344",409
"7720","74906","749",964
"7721","70569","705",8
"7722","63897","638",1155
"7723","71634","716",116
"7724","71691","716",116
"7725","71642","716",116
"7726","71334","713",122
"7727","26180","261",800
"7728","26969","269",781
"7729","59555","595",221
"7730","68623","686",388
"7731","74629","746",968
"7732","24960","249",564
"7733","72589","725",70
"7734","24594","245",542
"7735","24894","248",531
"7736","30455","304",605
"7737","30453","304",605
"7738","77656","776",312
"7739","49076","490",658
"7740","79541","795",495
"7741","26169","261",800
"7742","67806","678",518
"7743","79114","791",506
"7744","44137","441",340
"7745","48480","484",197
"7746","06128","061",692
"7747","06712","067",673
"7748","06792","067",674
"7749","08062","080",738
"7750","83278","832",136
"7751","84533","845",79
"7752","14554","145",775
"7753","14109","141",778
"7754","94227","942",27
"7755","14053","140",783
"7756","14979","149",770
"7757","13351","133",824
"7758","85244","852",1004
"7759","85256","852",1004
"7760","81247","812",44
"7761","06295","062",691
"7762","80639","806",818
"7763","81371","813",43
"7764","39108","391",713
"7765","81925","819",30
"7766","06179","061",692
"7767","85452","854",1060
"7768","24327","243",547
"7769","38895","388",606
"7770","86929","869",980
"7771","90762","907",748
"7772","99087","990",1158
"7773","90451","904",760
"7774","12524","125",521
"7775","01157","011",813
"7776","15526","155",913
"7777","02827","028",767
"7778","52531","525",1094
"7779","47626","476",210
"7780","47804","478",208
"7781","47829","478",208
"7782","46045","460",100
"7783","50677","506",958
"7784","45147","451",160
"7785","51375","513",1148
"7786","59302","593",224
"7787","42653","426",280
"7788","53474","534",291
"7789","42929","429",272
"7790","44791","447",422
"7791","26624","266",788
"7792","49545","495",643
"7793","67824","678",519
"7794","48499","484",197
"7795","26810","268",784
"7796","44227","442",339
"7797","25482","254",848
"7798","97980","979",1072
"7799","30175","301",596
"7800","30625","306",602
"7801","97250","972",1020
"7802","25451","254",848
"7803","20354","203",620
"7804","22043","220",405
"7805","99830","998",1169
"7806","97453","974",1018
"7807","22952","229",453
"7808","21365","213",478
"7809","29392","293",727
"7810","38124","381",618
"7811","64521","645",1101
"7812","64569","645",1101
"7813","76227","762",1048
"7814","65929","659",353
"7815","27580","275",922
"7816","32051","320",630
"7817","60528","605",60
"7818","63225","632",1104
"7819","64291","642",1037
"7820","75175","751",1128
"7821","60385","603",62
"7822","35423","354",576
"7823","35091","350",586
"7824","35085","350",586
"7825","63477","634",1164
"7826","71297","712",124
"7827","78359","783",268
"7828","34549","345",407
"7829","63741","637",1160
"7830","74081","740",942
"7831","71638","716",116
"7832","25557","255",846
"7833","23999","239",590
"7834","19065","190",766
"7835","81373","813",43
"7836","81369","813",43
"7837","92281","922",852
"7838","80805","808",815
"7839","83684","836",130
"7840","82393","823",17
"7841","23552","235",569
"7842","38440","384",614
"7843","38350","383",616
"7844","65197","651",311
"7845","65193","651",311
"7846","33824","338",549
"7847","68647","686",388
"7848","83104","831",86
"7849","93107","931",52
"7850","83242","832",135
"7851","84568","845",79
"7852","06889","068",669
"7853","14822","148",771
"7854","83329","833",133
"7855","09125","091",1132
"7856","17258","172",721
"7857","13439","134",822
"7858","13158","131",826
"7859","13189","131",826
"7860","12347","123",523
"7861","94065","940",1178
"7862","15712","157",912
"7863","15537","155",913
"7864","16303","163",881
"7865","25355","253",850
"7866","30659","306",602
"7867","29303","293",727
"7868","25474","254",848
"7869","29646","296",724
"7870","21109","211",491
"7871","21435","214",473
"7872","22179","221",404
"7873","22397","223",400
"7874","97702","977",1079
"7875","87509","875",1135
"7876","31228","312",661
"7877","22962","229",453
"7878","38259","382",617
"7879","21406","214",471
"7880","91726","917",878
"7881","82293","822",19
"7882","06526","065",684
"7883","91077","910",900
"7884","86633","866",988
"7885","19059","190",766
"7886","19086","190",766
"7887","18230","182",698
"7888","39122","391",713
"7889","39288","392",712
"7890","06124","061",692
"7891","92421","924",849
"7892","95679","956",143
"7893","07548","075",745
"7894","04209","042",868
"7895","04356","043",867
"7896","04357","043",867
"7897","06901","069",664
"7898","92726","927",838
"7899","94330","943",26
"7900","17248","172",719
"7901","14542","145",775
"7902","16766","167",873
"7903","04720","047",859
"7904","13503","135",820
"7905","10559","105",363
"7906","38855","388",606
"7907","38444","384",614
"7908","91074","910",900
"7909","99707","997",1170
"7910","91058","910",900
"7911","15749","157",912
"7912","12487","124",522
"7913","02736","027",768
"7914","61476","614",1028
"7915","64572","645",1101
"7916","65824","658",361
"7917","75217","752",1124
"7918","59964","599",216
"7919","60327","603",62
"7920","28759","287",896
"7921","75177","751",1128
"7922","27472","274",924
"7923","72181","721",33
"7924","75417","754",1117
"7925","25761","257",834
"7926","28327","283",901
"7927","78315","783",267
"7928","74336","743",929
"7929","74357","743",929
"7930","70825","708",2
"7931","78467","784",266
"7932","73730","737",1038
"7933","36396","363",559
"7934","52538","525",1094
"7935","53940","539",330
"7936","52385","523",1023
"7937","40670","406",1063
"7938","47059","470",217
"7939","47119","471",215
"7940","40225","402",1012
"7941","56767","567",347
"7942","45133","451",160
"7943","45144","451",160
"7944","66625","666",249
"7945","58706","587",103
"7946","55124","551",445
"7947","59556","595",221
"7948","55130","551",445
"7949","65462","654",308
"7950","67549","675",455
"7951","67575","675",455
"7952","26419","264",792
"7953","77871","778",392
"7954","30419","304",605
"7955","24782","247",534
"7956","51147","511",1096
"7957","45307","453",158
"7958","42115","421",233
"7959","49808","498",638
"7960","44807","448",417
"7961","48493","484",197
"7962","58300","583",109
"7963","53783","537",338
"7964","54646","546",288
"7965","41516","415",321
"7966","47800","478",208
"7967","50226","502",961
"7968","46348","463",95
"7969","40479","404",1070
"7970","40235","402",1012
"7971","40597","405",1066
"7972","46238","462",98
"7973","55422","554",435
"7974","55442","554",435
"7975","56564","565",350
"7976","79415","794",496
"7977","59368","593",223
"7978","53227","532",293
"7979","42109","421",233
"7980","66539","665",250
"7981","45663","456",153
"7982","44805","448",417
"7983","78050","780",276
"7984","59955","599",216
"7985","32130","321",629
"7986","27476","274",924
"7987","33758","337",553
"7988","76669","766",1115
"7989","32584","325",624
"7990","75172","751",1128
"7991","35396","353",577
"7992","74931","749",964
"7993","71155","711",126
"7994","63762","637",1160
"7995","63584","635",1163
"7996","63739","637",1160
"7997","70374","703",10
"7998","27308","273",925
"7999","27336","273",925
"8000","30169","301",596
"8001","89180","891",332
"8002","24576","245",541
"8003","30916","309",598
"8004","31141","311",662
"8005","22851","228",459
"8006","89518","895",320
"8007","22117","221",403
"8008","89312","893",325
"8009","36448","364",558
"8010","89349","893",325
"8011","24321","243",547
"8012","21379","213",478
"8013","86157","861",953
"8014","99092","990",1158
"8015","96050","960",59
"8016","99097","990",1158
"8017","99610","996",1141
"8018","49504","495",643
"8019","77652","776",312
"8020","67433","674",460
"8021","26209","262",798
"8022","76761","767",1111
"8023","35713","357",570
"8024","65239","652",310
"8025","67069","670",480
"8026","76332","763",1046
"8027","73035","730",978
"8028","24357","243",546
"8029","30855","308",601
"8030","85053","850",1009
"8031","80802","808",815
"8032","81927","819",30
"8033","39291","392",712
"8034","83629","836",129
"8035","07629","076",744
"8036","17214","172",719
"8037","04277","042",868
"8038","95698","956",143
"8039","08396","083",733
"8040","17192","171",722
"8041","04808","048",858
"8042","16827","168",871
"8043","14469","144",777
"8044","09518","095",1118
"8045","13587","135",820
"8046","16761","167",873
"8047","01589","015",807
"8048","18546","185",695
"8049","03222","032",905
"8050","90409","904",760
"8051","90478","904",760
"8052","39387","393",707
"8053","29471","294",726
"8054","82377","823",17
"8055","82549","825",12
"8056","80995","809",814
"8057","19306","193",762
"8058","80935","809",814
"8059","07749","077",742
"8060","81671","816",39
"8061","81829","818",31
"8062","92224","922",852
"8063","95709","957",140
"8064","82490","824",13
"8065","90469","904",760
"8066","90491","904",760
"8067","07318","073",747
"8068","99444","994",1147
"8069","91278","912",897
"8070","30853","308",601
"8071","97999","979",1072
"8072","24242","242",551
"8073","21271","212",487
"8074","22848","228",459
"8075","20357","203",620
"8076","97688","976",1081
"8077","24629","246",536
"8078","21037","210",494
"8079","87527","875",1135
"8080","21029","210",494
"8081","87724","877",1165
"8082","22955","229",453
"8083","38112","381",618
"8084","86720","867",982
"8085","29585","295",725
"8086","06112","061",692
"8087","93053","930",28
"8088","93083","930",28
"8089","04158","041",870
"8090","04105","041",870
"8091","04315","043",867
"8092","14478","144",777
"8093","14532","145",776
"8094","14129","141",778
"8095","16540","165",874
"8096","15936","159",907
"8097","15837","158",909
"8098","13353","133",824
"8099","10787","107",437
"8100","10557","105",363
"8101","12101","121",527
"8102","94568","945",22
"8103","10437","104",369
"8104","27211","272",926
"8105","64380","643",1035
"8106","28211","282",902
"8107","78253","782",270
"8108","35305","353",578
"8109","28832","288",894
"8110","33039","330",513
"8111","70499","704",9
"8112","70435","704",9
"8113","63924","639",1151
"8114","25791","257",834
"8115","24941","249",564
"8116","34130","341",423
"8117","12351","123",523
"8118","12527","125",521
"8119","01219","012",811
"8120","01277","012",811
"8121","01968","019",853
"8122","15517","155",913
"8123","15374","153",914
"8124","02977","029",802
"8125","15230","152",915
"8126","99735","997",1170
"8127","86842","868",981
"8128","38557","385",613
"8129","86830","868",981
"8130","96476","964",89
"8131","86444","864",948
"8132","96175","961",58
"8133","86161","861",953
"8134","88212","882",1078
"8135","30952","309",597
"8136","58513","585",105
"8137","77977","779",390
"8138","58708","587",103
"8139","48351","483",201
"8140","67725","677",450
"8141","26160","261",800
"8142","59510","595",221
"8143","26133","261",800
"8144","49152","491",654
"8145","33397","333",509
"8146","48163","481",206
"8147","44309","443",336
"8148","59387","593",223
"8149","53909","539",331
"8150","47229","472",214
"8151","49847","498",638
"8152","41469","414",324
"8153","41540","415",321
"8154","40880","408",1059
"8155","46149","461",99
"8156","50937","509",955
"8157","50997","509",954
"8158","40724","407",1061
"8159","50668","506",958
"8160","45141","451",160
"8161","45327","453",158
"8162","26871","268",784
"8163","45770","457",144
"8164","45888","458",189
"8165","53757","537",338
"8166","45659","456",153
"8167","44795","447",422
"8168","80689","806",818
"8169","39418","394",706
"8170","19417","194",761
"8171","82024","820",1167
"8172","06406","064",687
"8173","84104","841",46
"8174","85464","854",1060
"8175","83620","836",129
"8176","82499","824",13
"8177","19061","190",766
"8178","06682","066",681
"8179","06118","061",692
"8180","18258","182",698
"8181","06847","068",668
"8182","95643","956",143
"8183","04610","046",860
"8184","84539","845",80
"8185","04416","044",864
"8186","83324","833",133
"8187","04821","048",858
"8188","94253","942",27
"8189","09569","095",1119
"8190","14163","141",778
"8191","14169","141",778
"8192","12105","121",527
"8193","13359","133",824
"8194","12099","120",530
"8195","10439","104",369
"8196","12049","120",530
"8197","21259","212",487
"8198","30459","304",605
"8199","30165","301",596
"8200","30163","301",596
"8201","36145","361",561
"8202","30938","309",598
"8203","29633","296",724
"8204","20459","204",619
"8205","37293","372",636
"8206","22309","223",400
"8207","89257","892",327
"8208","98617","986",1016
"8209","31224","312",661
"8210","87437","874",1136
"8211","38690","386",611
"8212","65936","659",353
"8213","33729","337",554
"8214","64285","642",1037
"8215","60435","604",61
"8216","60318","603",62
"8217","32457","324",625
"8218","25779","257",834
"8219","31622","316",677
"8220","24852","248",531
"8221","37647","376",631
"8222","73207","732",971
"8223","97522","975",1090
"8224","23566","235",569
"8225","86343","863",950
"8226","86169","861",953
"8227","90768","907",748
"8228","99094","990",1158
"8229","91052","910",900
"8230","52249","522",1025
"8231","47608","476",210
"8232","46395","463",96
"8233","46483","464",94
"8234","50127","501",928
"8235","54292","542",248
"8236","50129","501",928
"8237","40221","402",1012
"8238","47269","472",214
"8239","40213","402",1012
"8240","40227","402",1012
"8241","45476","454",157
"8242","50823","508",956
"8243","50672","506",958
"8244","48734","487",190
"8245","66646","666",249
"8246","51065","510",1097
"8247","45894","458",189
"8248","42551","425",281
"8249","67714","677",446
"8250","12045","120",530
"8251","12057","120",530
"8252","13125","131",826
"8253","01920","019",853
"8254","03046","030",908
"8255","02999","029",802
"8256","44139","441",340
"8257","48268","482",205
"8258","57223","572",170
"8259","56470","564",352
"8260","77736","777",397
"8261","24837","248",531
"8262","65199","651",311
"8263","49393","493",649
"8264","58455","584",106
"8265","82057","820",1167
"8266","82064","820",1167
"8267","07745","077",742
"8268","92275","922",852
"8269","95447","954",154
"8270","81667","816",39
"8271","39218","392",710
"8272","39240","392",710
"8273","06126","061",692
"8274","39619","396",704
"8275","92353","923",851
"8276","59494","594",222
"8277","88339","883",1074
"8278","29614","296",724
"8279","24794","247",534
"8280","22559","225",393
"8281","22041","220",405
"8282","36433","364",558
"8283","21394","213",478
"8284","38229","382",617
"8285","86975","869",980
"8286","23570","235",569
"8287","38820","388",606
"8288","34134","341",423
"8289","88074","880",1084
"8290","25370","253",850
"8291","47624","476",210
"8292","66740","667",304
"8293","40474","404",1070
"8294","47058","470",217
"8295","45478","454",157
"8296","48683","486",193
"8297","79400","794",496
"8298","58509","585",105
"8299","51580","515",1142
"8300","79189","791",506
"8301","49549","495",643
"8302","67657","676",451
"8303","44229","442",339
"8304","65510","655",307
"8305","49377","493",649
"8306","65187","651",311
"8307","58285","582",112
"8308","58453","584",106
"8309","51399","513",1148
"8310","44879","448",416
"8311","95185","951",93
"8312","84107","841",46
"8313","18106","181",701
"8314","18057","180",702
"8315","92442","924",849
"8316","04317","043",867
"8317","04318","043",867
"8318","04316","043",867
"8319","08289","082",736
"8320","09337","093",1126
"8321","04916","049",857
"8322","09434","094",1123
"8323","16559","165",874
"8324","12203","122",524
"8325","10715","107",437
"8326","61462","614",1028
"8327","76139","761",1056
"8328","33605","336",499
"8329","27478","274",924
"8330","27753","277",919
"8331","75236","752",1124
"8332","33813","338",548
"8333","60487","604",61
"8334","75378","753",1121
"8335","75239","752",1124
"8336","32049","320",630
"8337","69257","692",182
"8338","28213","282",902
"8339","74193","741",940
"8340","63654","636",1161
"8341","27404","274",923
"8342","70192","701",11
"8343","70599","705",8
"8344","70376","703",10
"8345","36341","363",559
"8346","88090","880",1084
"8347","74182","741",939
"8348","13059","130",833
"8349","13057","130",833
"8350","01097","010",816
"8351","01326","013",810
"8352","15344","153",914
"8353","15913","159",907
"8354","03099","030",908
"8355","33689","336",499
"8356","64625","646",1100
"8357","61169","611",962
"8358","60323","603",62
"8359","76684","766",1115
"8360","61231","612",1030
"8361","78559","785",265
"8362","32805","328",646
"8363","64753","647",1099
"8364","72070","720",40
"8365","72072","720",40
"8366","72393","723",75
"8367","31711","317",670
"8368","70199","701",11
"8369","74223","742",931
"8370","31785","317",672
"8371","91623","916",887
"8372","96178","961",58
"8373","91183","911",898
"8374","99310","993",1149
"8375","96215","962",57
"8376","06537","065",683
"8377","34123","341",423
"8378","25587","255",846
"8379","25566","255",846
"8380","21614","216",528
"8381","67098","670",479
"8382","33775","337",555
"8383","65201","652",310
"8384","49439","494",645
"8385","33790","337",555
"8386","55276","552",443
"8387","58507","585",105
"8388","48147","481",206
"8389","58730","587",103
"8390","48291","482",205
"8391","49525","495",643
"8392","38829","388",606
"8393","82291","822",19
"8394","91362","913",895
"8395","23968","239",589
"8396","21147","211",491
"8397","88175","881",1080
"8398","22547","225",393
"8399","37081","370",639
"8400","24369","243",546
"8401","37083","370",639
"8402","21218","212",487
"8403","24537","245",541
"8404","89075","890",337
"8405","21073","210",493
"8406","89231","892",327
"8407","37308","373",635
"8408","22399","223",400
"8409","29227","292",728
"8410","24119","241",557
"8411","21033","210",494
"8412","24149","241",557
"8413","87448","874",1136
"8414","37327","373",635
"8415","38159","381",618
"8416","07937","079",739
"8417","95028","950",97
"8418","04205","042",868
"8419","08107","081",737
"8420","14772","147",772
"8421","14641","146",774
"8422","94405","944",23
"8423","17255","172",719
"8424","09648","096",1116
"8425","09131","091",1132
"8426","04741","047",859
"8427","16515","165",874
"8428","16547","165",874
"8429","12169","121",527
"8430","13347","133",824
"8431","12277","122",524
"8432","10115","101",387
"8433","10963","109",431
"8434","12349","123",523
"8435","10997","109",431
"8436","10409","104",369
"8437","52066","520",1027
"8438","41849","418",313
"8439","47546","475",212
"8440","66679","666",249
"8441","47055","470",217
"8442","46147","461",99
"8443","48703","487",191
"8444","51107","511",1096
"8445","58091","580",119
"8446","44145","441",340
"8447","56566","565",350
"8448","44269","442",339
"8449","49733","497",641
"8450","53426","534",291
"8451","44869","448",416
"8452","53424","534",291
"8453","82031","820",1167
"8454","80339","803",825
"8455","81679","816",39
"8456","39104","391",713
"8457","39126","391",713
"8458","39249","392",710
"8459","18209","182",698
"8460","92287","922",852
"8461","12435","124",522
"8462","10319","103",379
"8463","12683","126",516
"8464","01728","017",804
"8465","02763","027",768
"8466","02828","028",767
"8467","79100","791",506
"8468","59757","597",219
"8469","59320","593",224
"8470","77960","779",390
"8471","59759","597",219
"8472","47533","475",212
"8473","41844","418",313
"8474","52441","524",1095
"8475","47918","479",207
"8476","66693","666",249
"8477","47803","478",208
"8478","41464","414",324
"8479","40229","402",1012
"8480","40882","408",1059
"8481","40625","406",1062
"8482","51063","510",1097
"8483","45138","451",160
"8484","48455","484",197
"8485","45889","458",189
"8486","26506","265",789
"8487","42349","423",230
"8488","45699","456",153
"8489","48727","487",191
"8490","59399","593",223
"8491","15738","157",912
"8492","15746","157",912
"8493","01159","011",813
"8494","01259","012",811
"8495","01324","013",810
"8496","82547","825",12
"8497","81249","812",44
"8498","81245","812",44
"8499","07768","077",741
"8500","81543","815",41
"8501","92355","923",851
"8502","85748","857",1049
"8503","08543","085",730
"8504","04179","041",870
"8505","04289","042",868
"8506","18334","183",697
"8507","04329","043",867
"8508","16837","168",871
"8509","17252","172",719
"8510","04774","047",859
"8511","09405","094",1123
"8512","18435","184",696
"8513","14480","144",777
"8514","94086","940",1176
"8515","13599","135",820
"8516","17279","172",721
"8517","13469","134",822
"8518","12307","123",523
"8519","73116","731",974
"8520","24340","243",546
"8521","21129","211",491
"8522","22607","226",391
"8523","24631","246",538
"8524","29229","292",728
"8525","24161","241",557
"8526","22391","223",400
"8527","24147","241",557
"8528","97424","974",1018
"8529","97421","974",1018
"8530","24306","243",547
"8531","21339","213",478
"8532","97437","974",1018
"8533","29549","295",725
"8534","79807","798",484
"8535","68542","685",389
"8536","76709","767",1114
"8537","69514","695",173
"8538","60431","604",61
"8539","69121","691",187
"8540","60320","603",62
"8541","60386","603",62
"8542","27729","277",920
"8543","28201","282",902
"8544","35110","351",583
"8545","63456","634",1164
"8546","63486","634",1164
"8547","28307","283",901
"8548","33014","330",513
"8549","71065","710",78
"8550","73249","732",971
"8551","29693","296",724
"8552","27419","274",923
"8553","06567","065",683
"8554","96257","962",57
"8555","82347","823",17
"8556","82275","822",19
"8557","29575","295",725
"8558","21354","213",478
"8559","23558","235",569
"8560","90556","905",756
"8561","29410","294",726
"8562","90431","904",760
"8563","26382","263",797
"8564","57392","573",169
"8565","76877","768",1109
"8566","55120","551",445
"8567","26135","261",800
"8568","79843","798",482
"8569","27798","277",919
"8570","67227","672",469
"8571","73269","732",971
"8572","01640","016",806
"8573","01734","017",804
"8574","17335","173",718
"8575","17309","173",718
"8576","33428","334",505
"8577","55257","552",442
"8578","76530","765",1044
"8579","25946","259",827
"8580","76187","761",1056
"8581","72275","722",76
"8582","78126","781",273
"8583","67346","673",463
"8584","55218","552",442
"8585","03048","030",908
"8586","02829","028",767
"8587","02826","028",767
"8588","82166","821",20
"8589","19063","190",766
"8590","99518","995",1145
"8591","06317","063",688
"8592","81539","815",41
"8593","80939","809",814
"8594","06618","066",681
"8595","85586","855",1057
"8596","85560","855",1057
"8597","59348","593",223
"8598","45886","458",189
"8599","42853","428",274
"8600","42283","422",232
"8601","53604","536",341
"8602","48308","483",199
"8603","90475","904",760
"8604","82541","825",12
"8605","06217","062",690
"8606","95632","956",143
"8607","06108","061",692
"8608","84095","840",47
"8609","07973","079",739
"8610","04420","044",865
"8611","18292","182",698
"8612","04109","041",870
"8613","08371","083",733
"8614","04651","046",861
"8615","83313","833",133
"8616","04828","048",858
"8617","04687","046",861
"8618","14669","146",774
"8619","83471","834",132
"8620","16775","167",873
"8621","04758","047",859
"8622","14467","144",777
"8623","14055","140",783
"8624","17034","170",723
"8625","13407","134",822
"8626","13159","131",826
"8627","18551","185",695
"8628","68307","683",394
"8629","68169","681",401
"8630","75180","751",1128
"8631","28197","281",904
"8632","35390","353",577
"8633","28259","282",903
"8634","75248","752",1124
"8635","28857","288",894
"8636","75050","750",1131
"8637","74206","742",936
"8638","74172","741",941
"8639","74074","740",942
"8640","70372","703",10
"8641","21522","215",465
"8642","38100","381",618
"8643","99894","998",1169
"8644","98646","986",1016
"8645","38442","384",614
"8646","23758","237",566
"8647","86940","869",980
"8648","23779","237",566
"8649","23936","239",589
"8650","90427","904",760
"8651","99086","990",1158
"8652","79576","795",495
"8653","56112","561",381
"8654","48165","481",206
"8655","56077","560",385
"8656","30880","308",599
"8657","24351","243",546
"8658","21075","210",493
"8659","24118","241",557
"8660","52068","520",1027
"8661","52080","520",1027
"8662","47807","478",208
"8663","40667","406",1063
"8664","41460","414",324
"8665","53902","539",330
"8666","49849","498",638
"8667","40212","402",1012
"8668","50935","509",955
"8669","53359","533",292
"8670","46240","462",98
"8671","45964","459",188
"8672","66111","661",260
"8673","51381","513",1148
"8674","89150","891",332
"8675","36088","360",563
"8676","47551","475",212
"8677","52477","524",1095
"8678","47506","475",211
"8679","54647","546",288
"8680","47139","471",215
"8681","50259","502",961
"8682","40468","404",1070
"8683","40599","405",1066
"8684","45475","454",157
"8685","50739","507",957
"8686","66117","661",260
"8687","50968","509",954
"8688","79822","798",482
"8689","35759","357",570
"8690","76437","764",1045
"8691","49143","491",654
"8692","55252","552",444
"8693","76189","761",1056
"8694","59557","595",221
"8695","27801","278",916
"8696","67117","671",476
"8697","59519","595",221
"8698","67157","671",476
"8699","26903","269",779
"8700","26465","264",793
"8701","48159","481",206
"8702","73054","730",978
"8703","30629","306",602
"8704","29649","296",724
"8705","31137","311",662
"8706","37075","370",639
"8707","20359","203",620
"8708","22159","221",404
"8709","98639","986",1016
"8710","86735","867",982
"8711","96160","961",58
"8712","38114","381",618
"8713","67061","670",480
"8714","33154","331",511
"8715","75045","750",1131
"8716","33161","331",511
"8717","69469","694",176
"8718","28719","287",896
"8719","27616","276",921
"8720","60594","605",60
"8721","61118","611",962
"8722","33175","331",511
"8723","63150","631",1105
"8724","32429","324",625
"8725","28325","283",901
"8726","63679","636",1161
"8727","70806","708",3
"8728","63768","637",1160
"8729","71640","716",116
"8730","71332","713",122
"8731","73230","732",971
"8732","91586","915",889
"8733","91336","913",895
"8734","90441","904",760
"8735","73262","732",971
"8736","25336","253",850
"8737","19053","190",766
"8738","85077","850",1009
"8739","80634","806",818
"8740","80538","805",821
"8741","39112","391",713
"8742","85579","855",1058
"8743","83703","837",128
"8744","92286","922",852
"8745","93161","931",53
"8746","06258","062",690
"8747","83075","830",87
"8748","14728","147",773
"8749","04639","046",860
"8750","04275","042",868
"8751","04347","043",867
"8752","04299","042",868
"8753","14797","147",772
"8754","09224","092",1130
"8755","83413","834",132
"8756","17109","171",722
"8757","18516","185",694
"8758","14482","144",777
"8759","94551","945",22
"8760","94137","941",1171
"8761","18574","185",695
"8762","17036","170",723
"8763","10713","107",437
"8764","12247","122",524
"8765","94481","944",25
"8766","90461","904",760
"8767","90489","904",760
"8768","95359","953",156
"8769","82110","821",20
"8770","03149","031",906
"8771","03238","032",905
"8772","01468","014",809
"8773","17389","173",718
"8774","01945","019",853
"8775","49832","498",638
"8776","06686","066",681
"8777","04442","044",864
"8778","06774","067",674
"8779","08066","080",738
"8780","09353","093",1126
"8781","16816","168",871
"8782","16831","168",871
"8783","13593","135",820
"8784","13589","135",820
"8785","18556","185",695
"8786","94258","942",27
"8787","14050","140",783
"8788","94081","940",1176
"8789","13509","135",820
"8790","12207","122",524
"8791","12529","125",521
"8792","85221","852",1004
"8793","92367","923",851
"8794","07743","077",742
"8795","95448","954",154
"8796","80469","804",823
"8797","80807","808",815
"8798","81669","816",39
"8799","18225","182",698
"8800","85435","854",1060
"8801","82343","823",17
"8802","85051","850",1009
"8803","25938","259",828
"8804","68642","686",388
"8805","65934","659",353
"8806","33719","337",554
"8807","60489","604",61
"8808","27619","276",921
"8809","60437","604",61
"8810","75173","751",1128
"8811","69168","691",186
"8812","64760","647",1099
"8813","78256","782",270
"8814","32423","324",625
"8815","63450","634",1164
"8816","71093","710",78
"8817","27324","273",925
"8818","70190","701",11
"8819","34379","343",412
"8820","63637","636",1161
"8821","21629","216",528
"8822","25499","254",848
"8823","22147","221",404
"8824","22885","228",456
"8825","24148","241",557
"8826","23867","238",591
"8827","99759","997",1170
"8828","86871","868",981
"8829","23556","235",569
"8830","98528","985",959
"8831","29499","294",726
"8832","86316","863",952
"8833","38486","384",614
"8834","01689","016",806
"8835","16356","163",880
"8836","16225","162",888
"8837","15528","155",913
"8838","01819","018",856
"8839","34277","342",419
"8840","25489","254",848
"8841","34346","343",412
"8842","88131","881",1080
"8843","02625","026",769
"8844","15295","152",915
"8845","41169","411",285
"8846","54439","544",240
"8847","47877","478",208
"8848","46399","463",96
"8849","47805","478",208
"8850","40545","405",1067
"8851","54427","544",241
"8852","50769","507",957
"8853","45481","454",157
"8854","40627","406",1062
"8855","50825","508",956
"8856","45966","459",188
"8857","45149","451",160
"8858","51377","513",1148
"8859","45899","458",189
"8860","44225","442",339
"8861","48161","481",206
"8862","58579","585",105
"8863","26434","264",792
"8864","49610","496",642
"8865","49078","490",658
"8866","48336","483",202
"8867","59077","590",227
"8868","44894","448",417
"8869","53804","538",335
"8870","53577","535",345
"8871","45276","452",159
"8872","66606","666",249
"8873","56812","568",425
"8874","42279","422",232
"8875","48488","484",197
"8876","59505","595",221
"8877","55122","551",445
"8878","18109","181",701
"8879","08529","085",730
"8880","93096","930",28
"8881","93093","930",28
"8882","08428","084",731
"8883","83224","832",135
"8884","18375","183",697
"8885","83416","834",132
"8886","04746","047",859
"8887","14471","144",777
"8888","17089","170",723
"8889","17033","170",723
"8890","13597","135",820
"8891","94072","940",1176
"8892","14165","141",778
"8893","13507","135",820
"8894","10961","109",431
"8895","13187","131",826
"8896","10249","102",383
"8897","92339","923",851
"8898","81379","813",43
"8899","83666","836",129
"8900","85649","856",1052
"8901","83627","836",129
"8902","06193","061",692
"8903","07639","076",744
"8904","07586","075",745
"8905","12459","124",522
"8906","17291","172",721
"8907","15711","157",912
"8908","02742","027",768
"8909","55494","554",435
"8910","79112","791",506
"8911","59067","590",227
"8912","77955","779",390
"8913","41179","411",285
"8914","47661","476",210
"8915","50181","501",928
"8916","46487","464",94
"8917","41569","415",321
"8918","47053","470",217
"8919","50859","508",956
"8920","50858","508",956
"8921","50969","509",954
"8922","50674","506",958
"8923","66121","661",260
"8924","53343","533",292
"8925","66892","668",303
"8926","53842","538",334
"8927","42117","421",233
"8928","42369","423",230
"8929","45657","456",153
"8930","45739","457",144
"8931","44787","447",422
"8932","90439","904",760
"8933","90482","904",760
"8934","96515","965",88
"8935","90473","904",760
"8936","64579","645",1101
"8937","68526","685",389
"8938","64287","642",1037
"8939","32105","321",628
"8940","28209","282",902
"8941","27432","274",923
"8942","25813","258",830
"8943","70839","708",1
"8944","63814","638",1157
"8945","31707","317",670
"8946","34281","342",419
"8947","21647","216",528
"8948","24632","246",536
"8949","21256","212",487
"8950","29352","293",727
"8951","20539","205",640
"8952","22303","223",400
"8953","87561","875",1135
"8954","73441","734",1042
"8955","29525","295",725
"8956","29399","293",727
"8957","23611","236",568
"8958","23564","235",569
"8959","86199","861",953
"8960","82488","824",13
"8961","99091","990",1158
"8962","99631","996",1141
"8963","07426","074",746
"8964","90429","904",760
"8965","99096","990",1158
"8966","49214","492",651
"8967","25996","259",829
"8968","79780","797",488
"8969","25999","259",829
"8970","67547","675",455
"8971","76185","761",1056
"8972","65439","654",308
"8973","64560","645",1101
"8974","67063","670",480
"8975","49086","490",658
"8976","36381","363",559
"8977","72587","725",70
"8978","29699","296",724
"8979","21255","212",487
"8980","39261","392",711
"8981","07549","075",745
"8982","08525","085",730
"8983","92706","927",835
"8984","18146","181",701
"8985","08223","082",735
"8986","04600","046",860
"8987","83339","833",133
"8988","17139","171",722
"8989","09119","091",1132
"8990","13591","135",820
"8991","01683","016",806
"8992","13629","136",819
"8993","13435","134",822
"8994","10999","109",431
"8995","33613","336",499
"8996","35066","350",587
"8997","72184","721",33
"8998","74389","743",929
"8999","25693","256",845
"9000","88605","886",1064
"9001","70619","706",7
"9002","73732","737",1038
"9003","37697","376",631
"9004","30451","304",605
"9005","30177","301",596
"9006","24360","243",546
"9007","22525","225",393
"9008","73486","734",1042
"9009","89269","892",327
"9010","91598","915",889
"9011","98553","985",959
"9012","23562","235",569
"9013","23683","236",568
"9014","96103","961",58
"9015","82467","824",13
"9016","86153","861",953
"9017","23942","239",589
"9018","90547","905",756
"9019","41749","417",314
"9020","41065","410",286
"9021","41363","413",282
"9022","47802","478",208
"9023","47809","478",208
"9024","47057","470",217
"9025","46049","460",100
"9026","45355","453",158
"9027","42697","426",280
"9028","51061","510",1097
"9029","51109","511",1096
"9030","34246","342",420
"9031","74420","744",970
"9032","19300","193",762
"9033","81241","812",44
"9034","39326","393",708
"9035","19089","190",766
"9036","81547","815",41
"9037","81549","815",41
"9038","06628","066",681
"9039","85774","857",1049
"9040","83707","837",128
"9041","06249","062",690
"9042","44263","442",339
"9043","77836","778",392
"9044","26386","263",797
"9045","59065","590",227
"9046","57482","574",168
"9047","76133","761",1056
"9048","51469","514",1146
"9049","42111","421",233
"9050","42119","421",233
"9051","26907","269",780
"9052","53639","536",341
"9053","06463","064",687
"9054","06449","064",687
"9055","10245","102",383
"9056","10318","103",379
"9057","18586","185",695
"9058","01471","014",809
"9059","01109","011",813
"9060","01309","013",810
"9061","01993","019",853
"9062","01816","018",856
"9063","17373","173",718
"9064","03119","031",906
"9065","02699","026",769
"9066","03050","030",908
"9067","54589","545",235
"9068","47447","474",213
"9069","46117","461",99
"9070","46119","461",99
"9071","40699","406",1062
"9072","45359","453",158
"9073","51371","513",1148
"9074","50931","509",955
"9075","51103","511",1096
"9076","45136","451",160
"9077","45309","453",158
"9078","07422","074",746
"9079","82327","823",17
"9080","82140","821",20
"9081","19069","190",766
"9082","58097","580",120
"9083","59394","593",223
"9084","36275","362",560
"9085","65195","651",311
"9086","55116","551",445
"9087","76287","762",1048
"9088","55283","552",443
"9089","67105","671",476
"9090","65719","657",371
"9091","76199","761",1056
"9092","76137","761",1056
"9093","44319","443",336
"9094","57610","576",161
"9095","48157","481",206
"9096","44357","443",336
"9097","06110","061",692
"9098","06385","063",689
"9099","93049","930",28
"9100","18273","182",698
"9101","06785","067",674
"9102","06869","068",669
"9103","83119","831",85
"9104","04425","044",866
"9105","18442","184",696
"9106","09114","091",1132
"9107","18507","185",694
"9108","09579","095",1119
"9109","14052","140",783
"9110","13405","134",822
"9111","13403","134",822
"9112","10555","105",363
"9113","10829","108",432
"9114","81475","814",42
"9115","23992","239",589
"9116","07607","076",744
"9117","30851","308",601
"9118","22869","228",458
"9119","20457","204",619
"9120","21107","211",491
"9121","20251","202",621
"9122","20537","205",640
"9123","22393","223",400
"9124","87740","877",1165
"9125","24105","241",557
"9126","21357","213",478
"9127","23858","238",591
"9128","38640","386",612
"9129","23715","237",566
"9130","38118","381",618
"9131","33106","331",511
"9132","60599","605",60
"9133","63452","634",1164
"9134","72379","723",75
"9135","63526","635",1163
"9136","63517","635",1163
"9137","72144","721",35
"9138","74388","743",929
"9139","34131","341",423
"9140","86756","867",982
"9141","19258","192",765
"9142","98529","985",959
"9143","38477","384",614
"9144","38489","384",614
"9145","96199","961",58
"9146","23775","237",566
"9147","59063","590",227
"9148","65385","653",309
"9149","59846","598",218
"9150","79261","792",502
"9151","15926","159",907
"9152","18609","186",693
"9153","16359","163",880
"9154","15890","158",911
"9155","02929","029",803
"9156","07950","079",739
"9157","84028","840",47
"9158","18195","181",699
"9159","08144","081",737
"9160","09326","093",1127
"9161","09126","091",1132
"9162","18437","184",696
"9163","09496","094",1123
"9164","13409","134",822
"9165","01662","016",806
"9166","82515","825",12
"9167","23970","239",589
"9168","39128","391",713
"9169","81673","816",39
"9170","85630","856",1052
"9171","90480","904",760
"9172","99441","994",1147
"9173","23730","237",566
"9174","99089","990",1158
"9175","02979","029",802
"9176","13086","130",833
"9177","12359","123",523
"9178","12687","126",516
"9179","52074","520",1027
"9180","52511","525",1094
"9181","46499","464",94
"9182","66687","666",249
"9183","46244","462",98
"9184","46047","460",100
"9185","40764","407",1061
"9186","66115","661",260
"9187","66119","661",260
"9188","45329","453",158
"9189","51067","510",1097
"9190","45883","458",189
"9191","51515","515",1144
"9192","30457","304",605
"9193","88138","881",1080
"9194","30627","306",602
"9195","21224","212",487
"9196","37269","372",636
"9197","97993","979",1072
"9198","29225","292",728
"9199","89186","891",332
"9200","87700","877",1165
"9201","24114","241",557
"9202","23827","238",594
"9203","29574","295",725
"9204","33659","336",499
"9205","33607","336",499
"9206","35398","353",577
"9207","60486","604",61
"9208","69124","691",187
"9209","60326","603",62
"9210","60598","605",60
"9211","64372","643",1035
"9212","78239","782",270
"9213","63454","634",1164
"9214","32689","326",656
"9215","31633","316",677
"9216","63773","637",1160
"9217","72793","727",66
"9218","70191","701",11
"9219","32676","326",655
"9220","73760","737",1038
"9221","21706","217",525
"9222","34369","343",412
"9223","24806","248",531
"9224","48477","484",197
"9225","49757","497",641
"9226","26639","266",788
"9227","67705","677",446
"9228","65520","655",307
"9229","65205","652",310
"9230","25524","255",846
"9231","27389","273",925
"9232","26388","263",797
"9233","66914","669",297
"9234","49479","494",644
"9235","48145","481",206
"9236","55583","555",434
"9237","76549","765",1044
"9238","26384","263",797
"9239","67281","672",469
"9240","35781","357",570
"9241","33378","333",509
"9242","65189","651",311
"9243","76316","763",1046
"9244","45701","457",144
"9245","53229","532",293
"9246","56818","568",425
"9247","44797","447",422
"9248","47929","479",207
"9249","41189","411",285
"9250","52355","523",1023
"9251","41564","415",322
"9252","47137","471",215
"9253","54550","545",238
"9254","45479","454",157
"9255","46145","461",99
"9256","45721","457",144
"9257","49751","497",641
"9258","26427","264",792
"9259","66954","669",295
"9260","56075","560",385
"9261","56073","560",385
"9262","67817","678",518
"9263","79254","792",502
"9264","79183","791",508
"9265","49597","495",643
"9266","49088","490",658
"9267","66424","664",255
"9268","66482","664",255
"9269","44388","443",336
"9270","29683","296",724
"9271","30559","305",604
"9272","22605","226",391
"9273","25486","254",848
"9274","22523","225",393
"9275","24214","242",552
"9276","89547","895",320
"9277","87534","875",1135
"9278","97717","977",1079
"9279","89129","891",332
"9280","22337","223",400
"9281","97337","973",1019
"9282","22359","223",400
"9283","24235","242",550
"9284","91438","914",893
"9285","92318","923",851
"9286","85375","853",999
"9287","95466","954",154
"9288","06408","064",687
"9289","90419","904",760
"9290","39649","396",703
"9291","82237","822",19
"9292","39444","394",706
"9293","67141","671",476
"9294","67059","670",480
"9295","35647","356",571
"9296","60488","604",61
"9297","27749","277",919
"9298","60433","604",61
"9299","69115","691",187
"9300","28237","282",902
"9301","78247","782",270
"9302","61197","611",962
"9303","28309","283",901
"9304","25704","257",834
"9305","78476","784",266
"9306","72768","727",66
"9307","72505","725",68
"9308","86399","863",950
"9309","34121","341",423
"9310","74523","745",969
"9311","31089","310",663
"9312","83043","830",87
"9313","06116","061",692
"9314","08527","085",730
"9315","92521","925",847
"9316","93055","930",28
"9317","14806","148",771
"9318","14770","147",772
"9319","14552","145",775
"9320","94094","940",1176
"9321","01587","015",807
"9322","04924","049",857
"9323","13156","131",826
"9324","12355","123",523
"9325","94136","941",1175
"9326","01705","017",804
"9327","16247","162",888
"9328","15910","159",907
"9329","15907","159",907
"9330","17429","174",716
"9331","15848","158",910
"9332","17419","174",716
"9333","02997","029",802
"9334","02708","027",768
"9335","99438","994",1147
"9336","82216","822",19
"9337","82234","822",19
"9338","23996","239",589
"9339","95349","953",156
"9340","39340","393",708
"9341","23972","239",589
"9342","91235","912",897
"9343","92283","922",852
"9344","07343","073",747
"9345","81479","814",42
"9346","80797","807",817
"9347","82008","820",1167
"9348","39124","391",713
"9349","06122","061",692
"9350","93186","931",53
"9351","04435","044",865
"9352","17209","172",719
"9353","06749","067",674
"9354","08485","084",731
"9355","04177","041",870
"9356","84559","845",79
"9357","17194","171",722
"9358","04288","042",868
"9359","06886","068",669
"9360","09122","091",1132
"9361","14624","146",774
"9362","09603","096",1116
"9363","14513","145",776
"9364","13465","134",822
"9365","17491","174",717
"9366","12051","120",530
"9367","86825","868",981
"9368","38173","381",618
"9369","23883","238",595
"9370","23626","236",568
"9371","91757","917",878
"9372","13088","130",833
"9373","12489","124",522
"9374","12627","126",516
"9375","01454","014",809
"9376","01796","017",805
"9377","03044","030",908
"9378","03197","031",906
"9379","15232","152",915
"9380","52070","520",1027
"9381","47627","476",210
"9382","52428","524",1095
"9383","46419","464",94
"9384","41238","412",284
"9385","54294","542",248
"9386","54296","542",248
"9387","47228","472",214
"9388","45472","454",157
"9389","48712","487",191
"9390","45131","451",160
"9391","42329","423",230
"9392","73037","730",978
"9393","22589","225",393
"9394","21149","211",491
"9395","37154","371",637
"9396","22527","225",393
"9397","21077","210",493
"9398","37077","370",639
"9399","20249","202",621
"9400","22177","221",404
"9401","22111","221",403
"9402","24145","241",557
"9403","22045","220",405
"9404","36469","364",558
"9405","23869","238",591
"9406","23843","238",591
"9407","96157","961",58
"9408","89438","894",323
"9409","76131","761",1056
"9410","76359","763",1046
"9411","64297","642",1037
"9412","60389","603",62
"9413","28239","282",902
"9414","78583","785",265
"9415","35447","354",576
"9416","70563","705",8
"9417","74080","740",942
"9418","31855","318",665
"9419","70188","701",11
"9420","74229","742",937
"9421","72622","726",67
"9422","31848","318",665
"9423","34225","342",419
"9424","34576","345",407
"9425","88693","886",1064
"9426","27383","273",925
"9427","59069","590",227
"9428","55543","555",434
"9429","79102","791",506
"9430","79199","791",507
"9431","57074","570",172
"9432","79856","798",482
"9433","44532","445",329
"9434","59192","591",226
"9435","48151","481",206
"9436","79639","796",492
"9437","56133","561",381
"9438","57439","574",168
"9439","31020","310",663
"9440","34260","342",419
"9441","21635","216",528
"9442","49191","491",654
"9443","35794","357",570
"9444","55128","551",445
"9445","59597","595",221
"9446","67550","675",455
"9447","78144","781",273
"9448","53560","535",345
"9449","44892","448",417
"9450","44379","443",336
"9451","59379","593",223
"9452","07570","075",745
"9453","06184","061",692
"9454","08541","085",730
"9455","04249","042",868
"9456","04129","041",870
"9457","93437","934",50
"9458","17153","171",722
"9459","09116","091",1132
"9460","09120","091",1132
"9461","84364","843",83
"9462","14089","140",782
"9463","18528","185",695
"9464","12165","121",527
"9465","13349","133",824
"9466","10825","108",432
"9467","16348","163",880
"9468","13127","131",826
"9469","36037","360",563
"9470","30655","306",602
"9471","24646","246",538
"9472","31275","312",661
"9473","37581","375",632
"9474","24534","245",541
"9475","89073","890",337
"9476","87480","874",1136
"9477","21035","210",494
"9478","31234","312",661
"9479","97493","974",1018
"9480","87487","874",1136
"9481","22949","229",453
"9482","52076","520",1027
"9483","52064","520",1027
"9484","46459","464",94
"9485","54636","546",288
"9486","50126","501",928
"9487","54576","545",235
"9488","40591","405",1066
"9489","40629","406",1062
"9490","45219","452",159
"9491","50737","507",957
"9492","50996","509",954
"9493","53572","535",345
"9494","66877","668",303
"9495","67685","676",451
"9496","85293","852",1004
"9497","81377","813",43
"9498","39576","395",705
"9499","81541","815",41
"9500","85609","856",1053
"9501","01307","013",810
"9502","01987","019",853
"9503","01328","013",810
"9504","03229","032",905
"9505","03051","030",908
"9506","15898","158",911
"9507","03159","031",906
"9508","96328","963",56
"9509","85302","853",1000
"9510","68159","681",401
"9511","67122","671",476
"9512","75210","752",1124
"9513","68789","687",386
"9514","64283","642",1037
"9515","28717","287",896
"9516","78588","785",265
"9517","32108","321",628
"9518","32758","327",653
"9519","63579","635",1163
"9520","32816","328",646
"9521","78464","784",266
"9522","72760","727",66
"9523","88682","886",1064
"9524","21717","217",525
"9525","38106","381",618
"9526","99734","997",1170
"9527","38448","384",614
"9528","86391","863",951
"9529","29456","294",726
"9530","99095","990",1158
"9531","77933","779",390
"9532","77694","776",312
"9533","49492","494",644
"9534","55545","555",434
"9535","57399","573",169
"9536","59269","592",225
"9537","74747","747",967
"9538","30926","309",597
"9539","35687","356",572
"9540","55246","552",444
"9541","67578","675",455
"9542","30179","301",596
"9543","97274","972",1020
"9544","97990","979",1072
"9545","22459","224",398
"9546","20355","203",620
"9547","20146","201",622
"9548","24111","241",556
"9549","22049","220",405
"9550","29328","293",727
"9551","22395","223",400
"9552","89522","895",320
"9553","73450","734",1042
"9554","91592","915",889
"9555","21524","215",466
"9556","21337","213",478
"9557","38116","381",618
"9558","03058","030",908
"9559","67454","674",461
"9560","57319","573",169
"9561","27793","277",918
"9562","76135","761",1056
"9563","30826","308",601
"9564","25492","254",848
"9565","65366","653",309
"9566","79736","797",488
"9567","65329","653",309
"9568","48149","481",206
"9569","49477","494",644
"9570","67663","676",451
"9571","68199","681",401
"9572","27639","276",921
"9573","27628","276",921
"9574","64319","643",1035
"9575","27574","275",922
"9576","33104","331",511
"9577","28279","282",902
"9578","28359","283",901
"9579","25764","257",834
"9580","21762","217",525
"9581","63457","634",1164
"9582","64720","647",1099
"9583","28870","288",894
"9584","71088","710",78
"9585","63811","638",1157
"9586","71732","717",110
"9587","74382","743",929
"9588","72654","726",67
"9589","18198","181",700
"9590","93059","930",28
"9591","83123","831",85
"9592","04107","041",870
"9593","14798","147",772
"9594","08058","080",738
"9595","08393","083",733
"9596","94356","943",26
"9597","04849","048",858
"9598","94377","943",26
"9599","84389","843",83
"9600","09468","094",1123
"9601","17235","172",719
"9602","14473","144",777
"9603","13581","135",820
"9604","10783","107",437
"9605","41379","413",283
"9606","52062","520",1027
"9607","41334","413",283
"9608","53894","538",333
"9609","47441","474",213
"9610","66798","667",304
"9611","54293","542",248
"9612","50374","503",960
"9613","47169","471",215
"9614","50827","508",956
"9615","66113","661",260
"9616","51105","511",1096
"9617","45134","451",160
"9618","42327","423",230
"9619","48629","486",193
"9620","42285","422",232
"9621","23617","236",568
"9622","23554","235",569
"9623","38446","384",614
"9624","86165","861",953
"9625","86163","861",953
"9626","86510","865",993
"9627","94556","945",22
"9628","16341","163",880
"9629","12619","126",516
"9630","82544","825",12
"9631","80997","809",814
"9632","39606","396",704
"9633","81476","814",42
"9634","95183","951",93
"9635","91287","912",897
"9636","80796","807",817
"9637","85646","856",1055
"9638","93051","930",28
"9639","07580","075",745
"9640","06844","068",668
"9641","14712","147",772
"9642","08648","086",729
"9643","04159","041",870
"9644","16909","169",869
"9645","08209","082",735
"9646","14774","147",772
"9647","04349","043",867
"9648","08301","083",734
"9649","09439","094",1123
"9650","09557","095",1119
"9651","01591","015",807
"9652","14199","141",778
"9653","13437","134",822
"9654","12109","121",527
"9655","01723","017",804
"9656","10407","104",369
"9657","01737","017",804
"9658","13055","130",833
"9659","10315","103",379
"9660","15755","157",912
"9661","12629","126",516
"9662","15741","157",912
"9663","02633","026",769
"9664","85235","852",1004
"9665","82396","823",17
"9666","19288","192",765
"9667","52072","520",1027
"9668","41751","417",314
"9669","47475","474",213
"9670","52351","523",1023
"9671","46535","465",90
"9672","46514","465",90
"9673","46325","463",95
"9674","40223","402",1012
"9675","50765","507",957
"9676","53913","539",331
"9677","50670","506",958
"9678","45143","451",160
"9679","51647","516",1139
"9680","26847","268",784
"9681","67686","676",451
"9682","42499","424",228
"9683","42477","424",228
"9684","58452","584",106
"9685","53567","535",345
"9686","26789","267",785
"9687","45884","458",189
"9688","44649","446",326
"9689","42281","422",232
"9690","26831","268",784
"9691","44629","446",326
"9692","67165","671",476
"9693","27777","277",919
"9694","27239","272",926
"9695","68309","683",394
"9696","61348","613",1029
"9697","75203","752",1124
"9698","35435","354",576
"9699","64367","643",1035
"9700","35394","353",577
"9701","35043","350",586
"9702","32602","326",656
"9703","63075","630",1106
"9704","71149","711",125
"9705","28277","282",902
"9706","71229","712",124
"9707","21769","217",525
"9708","31812","318",665
"9709","31515","315",678
"9710","63628","636",1161
"9711","74245","742",933
"9712","24939","249",564
"9713","30167","301",596
"9714","25497","254",848
"9715","89155","891",332
"9716","73550","735",1040
"9717","74541","745",969
"9718","89079","890",337
"9719","31303","313",660
"9720","31134","311",662
"9721","97236","972",1020
"9722","22335","223",400
"9723","88489","884",1071
"9724","22297","222",402
"9725","22299","222",402
"9726","21385","213",478
"9727","22047","220",405
"9728","21509","215",468
"9729","24222","242",550
"9730","24217","242",550
"9731","21529","215",466
"9732","38122","381",618
"9733","38324","383",615
"9734","98544","985",959
"9735","23689","236",568
"9736","98527","985",959
"9737","38364","383",616
"9738","26188","261",800
"9739","49681","496",642
"9740","77767","777",397
"9741","49661","496",642
"9742","25997","259",829
"9743","65428","654",308
"9744","36272","362",560
"9745","24857","248",531
"9746","73033","730",978
"9747","36039","360",563
"9748","59174","591",226
"9749","58638","586",104
"9750","56130","561",381
"9751","55413","554",435
"9752","59199","591",226
"9753","55425","554",435
"9754","25488","254",848
"9755","22549","225",393
"9756","21079","210",493
"9757","97072","970",1024
"9758","24539","245",541
"9759","89233","892",327
"9760","97440","974",1018
"9761","24229","242",552
"9762","24159","241",557
"9763","29342","293",727
"9764","22926","229",453
"9765","97506","975",1085
"9766","99974","999",1168
"9767","68165","681",401
"9768","61350","613",1029
"9769","68259","682",396
"9770","60529","605",60
"9771","27711","277",920
"9772","32791","327",653
"9773","34516","345",407
"9774","63179","631",1105
"9775","28205","282",902
"9776","28355","283",901
"9777","25917","259",829
"9778","71701","717",110
"9779","70197","701",11
"9780","63843","638",1156
"9781","72820","728",63
"9782","70469","704",9
"9783","36280","362",560
"9784","48231","482",205
"9785","76857","768",1107
"9786","49179","491",654
"9787","35683","356",572
"9788","61276","612",1030
"9789","67065","670",480
"9790","51709","517",1137
"9791","44141","441",340
"9792","66509","665",253
"9793","56291","562",364
"9794","66953","669",295
"9795","26605","266",788
"9796","06484","064",687
"9797","07407","074",746
"9798","91349","913",895
"9799","85049","850",1009
"9800","82340","823",17
"9801","07545","075",745
"9802","18055","180",702
"9803","92431","924",849
"9804","08451","084",731
"9805","04157","041",870
"9806","08056","080",738
"9807","92693","926",842
"9808","94365","943",26
"9809","09322","093",1127
"9810","08340","083",732
"9811","94542","945",22
"9812","14974","149",770
"9813","94148","941",1172
"9814","14195","141",778
"9815","14167","141",778
"9816","14059","140",783
"9817","13467","134",822
"9818","10553","105",363
"9819","12053","120",530
"9820","45892","458",189
"9821","45879","458",189
"9822","53175","531",294
"9823","53113","531",294
"9824","48607","486",193
"9825","42107","421",233
"9826","42855","428",274
"9827","53797","537",338
"9828","44628","446",326
"9829","44803","448",417
"9830","66780","667",304
"9831","41472","414",324
"9832","54314","543",244
"9833","47167","471",215
"9834","40233","402",1012
"9835","41539","415",321
"9836","66133","661",260
"9837","85057","850",1009
"9838","99510","995",1145
"9839","83646","836",129
"9840","80992","809",814
"9841","93333","933",51
"9842","06120","061",692
"9843","98587","985",959
"9844","38102","381",618
"9845","38524","385",613
"9846","23560","235",569
"9847","91743","917",878
"9848","23569","235",569
"9849","86983","869",980
"9850","21371","213",478
"9851","98693","986",1017
"9852","96049","960",59
"9853","96231","962",57
"9854","90765","907",748
"9855","10369","103",379
"9856","12555","125",521
"9857","01156","011",813
"9858","01445","014",809
"9859","01809","018",856
"9860","01237","012",811
"9861","02923","029",803
"9862","18147","181",701
"9863","08412","084",731
"9864","18311","183",697
"9865","83233","832",135
"9866","83236","832",135
"9867","94315","943",26
"9868","04824","048",858
"9869","09306","093",1127
"9870","09127","091",1132
"9871","16727","167",873
"9872","94571","945",22
"9873","14193","141",778
"9874","15806","158",909
"9875","17268","172",721
"9876","12157","121",527
"9877","15827","158",909
"9878","10117","101",387
"9879","68167","681",401
"9880","65843","658",361
"9881","65760","657",372
"9882","75179","751",1128
"9883","27624","276",921
"9884","32549","325",624
"9885","32545","325",624
"9886","28357","283",901
"9887","63165","631",1105
"9888","28876","288",894
"9889","21789","217",525
"9890","33034","330",513
"9891","34613","346",406
"9892","63571","635",1163
"9893","27283","272",927
"9894","63619","636",1161
"9895","23747","237",566
"9896","82319","823",17
"9897","06313","063",688
"9898","80638","806",818
"9899","39116","391",713
"9900","19370","193",763
"9901","12437","124",522
"9902","12587","125",521
"9903","94118","941",1175
"9904","12589","125",521
"9905","01990","019",853
"9906","01067","010",816
"9907","01129","011",813
"9908","01108","011",813
"9909","03042","030",908
"9910","02785","027",768
"9911","44265","442",339
"9912","48653","486",192
"9913","26524","265",789
"9914","58456","584",106
"9915","44575","445",328
"9916","30173","301",596
"9917","73329","733",1043
"9918","30539","305",604
"9919","97074","970",1024
"9920","22339","223",400
"9921","97318","973",1019
"9922","22941","229",453
"9923","24226","242",550
"9924","97422","974",1018
"9925","98574","985",959
"9926","38226","382",617
"9927","99820","998",1169
"9928","91744","917",878
"9929","38304","383",615
"9930","87668","876",1166
"9931","86152","861",953
"9932","06502","065",686
"9933","96117","961",58
"9934","23777","237",566
"9935","19243","192",765
"9936","23948","239",589
"9937","52078","520",1027
"9938","47638","476",210
"9939","46509","465",91
"9940","54612","546",288
"9941","41352","413",282
"9942","46569","465",90
"9943","50354","503",960
"9944","40885","408",1059
"9945","40231","402",1012
"9946","45470","454",157
"9947","45357","453",158
"9948","46236","462",98
"9949","45239","452",159
"9950","50679","506",958
"9951","53859","538",334
"9952","66123","661",260
"9953","74639","746",968
"9954","34125","341",423
"9955","30823","308",601
"9956","79206","792",502
"9957","48155","481",206
"9958","26409","264",792
"9959","79618","796",492
"9960","79111","791",506
"9961","65207","652",310
"9962","25980","259",829
"9963","93080","930",28
"9964","07552","075",745
"9965","93158","931",53
"9966","07546","075",745
"9967","06849","068",668
"9968","83129","831",85
"9969","04229","042",868
"9970","04155","041",870
"9971","04103","041",870
"9972","14547","145",775
"9973","13595","135",820
"9974","01594","015",807
"9975","13505","135",820
"9976","17498","174",717
"9977","12047","120",530
"9978","39130","391",713
"9979","39120","391",713
"9980","80539","805",821
"9981","39106","391",713
"9982","83626","836",129
"9983","13129","131",826
"9984","13053","130",833
"9985","12681","126",516
"9986","12621","126",516
"9987","17328","173",718
"9988","02694","026",769
"9989","02953","029",802
"9990","25364","253",850
"9991","36043","360",563
"9992","29323","293",727
"9993","30519","305",604
"9994","30657","306",602
"9995","36129","361",561
"9996","31319","313",659
"9997","89077","890",337
"9998","24239","242",551
"9999","31135","311",662
"10000","24598","245",541
"10001","21217","212",487
"10002","22417","224",399
"10003","87538","875",1135
"10004","73430","734",1042
"10005","24106","241",557
"10006","89264","892",327
"10007","24211","242",550
"10008","89561","895",320
"10009","21395","213",478
"10010","21382","213",478
"10011","82496","824",13
"10012","99423","994",1147
"10013","28779","287",896
"10014","25826","258",830
"10015","63263","632",1104
"10016","61352","613",1029
"10017","69120","691",187
"10018","31600","316",676
"10019","32427","324",625
"10020","63505","635",1163
"10021","69427","694",177
"10022","27367","273",925
"10023","70329","703",10
"10024","53578","535",345
"10025","44369","443",336
"10026","48431","484",198
"10027","45891","458",189
"10028","53844","538",334
"10029","45549","455",155
"10030","44147","441",340
"10031","96132","961",58
"10032","38126","381",618
"10033","21514","215",467
"10034","87666","876",1166
"10035","86989","869",980
"10036","41836","418",313
"10037","41239","412",284
"10038","40549","405",1067
"10039","47249","472",214
"10040","47138","471",215
"10041","47279","472",214
"10042","40589","405",1066
"10043","50829","508",956
"10044","50321","503",960
"10045","42579","425",281
"10046","50389","503",960
"10047","51143","511",1096
"10048","45139","451",160
"10049","34117","341",423
"10050","97828","978",1077
"10051","97922","979",1072
"10052","24768","247",534
"10053","48143","481",206
"10054","58636","586",104
"10055","76473","764",1045
"10056","65203","652",310
"10057","67071","670",480
"10058","85461","854",1060
"10059","06132","061",692
"10060","06130","061",692
"10061","93077","930",28
"10062","18119","181",701
"10063","06780","067",674
"10064","06809","068",666
"10065","14827","148",771
"10066","84137","841",45
"10067","83209","832",135
"10068","14913","149",770
"10069","09244","092",1130
"10070","09113","091",1132
"10071","13583","135",820
"10072","17094","170",723
"10073","16792","167",873
"10074","13355","133",824
"10075","13089","130",833
"10076","85716","857",1051
"10077","80809","808",815
"10078","80336","803",825
"10079","80937","809",814
"10080","39118","391",713
"10081","81737","817",32
"10082","81735","817",32
"10083","92242","922",852
"10084","90425","904",760
"10085","82256","822",19
"10086","85229","852",1004
"10087","10317","103",379
"10088","17390","173",718
"10089","15859","158",910
"10090","16248","162",888
"10091","01994","019",853
"10092","15234","152",915
"10093","46446","464",94
"10094","52396","523",1023
"10095","41199","411",285
"10096","52349","523",1023
"10097","41517","415",321
"10098","46414","464",94
"10099","47226","472",214
"10100","66709","667",306
"10101","40883","408",1059
"10102","48599","485",195
"10103","45326","453",158
"10104","45257","452",159
"10105","48429","484",198
"10106","56154","561",380
"10107","58566","585",105
"10108","44651","446",326
"10109","44793","447",422
"10110","44809","448",417
"10111","51789","517",1137
"10112","44149","441",340
"10113","68163","681",401
"10114","59929","599",216
"10115","78054","780",275
"10116","78056","780",275
"10117","33611","336",499
"10118","68723","687",386
"10119","27570","275",922
"10120","69126","691",187
"10121","64846","648",1098
"10122","74889","748",965
"10123","28865","288",894
"10124","63512","635",1162
"10125","63500","635",1162
"10126","34454","344",409
"10127","63755","637",1160
"10128","31683","316",675
"10129","31547","315",678
"10130","70597","705",8
"10131","29664","296",724
"10132","37603","376",631
"10133","30449","304",605
"10134","25421","254",848
"10135","24647","246",537
"10136","24644","246",537
"10137","31139","311",662
"10138","22761","227",462
"10139","22455","224",398
"10140","22149","221",404
"10141","99817","998",1169
"10142","87435","874",1136
"10143","55430","554",435
"10144","79224","792",502
"10145","38556","385",613
"10146","23568","235",569
"10147","21369","213",478
"10148","86156","861",953
"10149","96052","960",59
"10150","96450","964",89
"10151","23743","237",566
"10152","56459","564",352
"10153","49170","491",654
"10154","49084","490",658
"10155","49163","491",654
"10156","33829","338",549
"10157","55131","551",445
"10158","35619","356",571
"10159","65474","654",308
"10160","37632","376",631
"10161","30827","308",601
"10162","85567","855",1057
"10163","95615","956",143
"10164","83539","835",131
"10165","19395","193",763
"10166","93177","931",53
"10167","17213","172",719
"10168","17166","171",722
"10169","04328","043",867
"10170","04552","045",862
"10171","08141","081",737
"10172","94419","944",23
"10173","18513","185",694
"10174","84332","843",83
"10175","09123","091",1132
"10176","83404","834",132
"10177","13627","136",819
"10178","12205","122",524
"10179","14197","141",778
"10180","10785","107",437
"10181","10967","109",431
"10182","19067","190",766
"10183","80686","806",818
"10184","80637","806",818
"10185","83674","836",129
"10186","07929","079",739
"10187","81677","816",39
"10188","81929","819",30
"10189","85521","855",1058
"10190","85737","857",1049
"10191","85658","856",1052
"10192","91346","913",895
"10193","99427","994",1147
"10194","38104","381",618
"10195","99706","997",1170
"10196","99867","998",1169
"10197","23879","238",595
"10198","23738","237",566
"10199","86972","869",980
"10200","99090","990",1158
"10201","91792","917",878
"10202","86159","861",953
"10203","86167","861",953
"10204","19205","192",765
"10205","90449","904",760
"10206","01558","015",808
"10207","10365","103",379
"10208","17509","175",715
"10209","13051","130",833
"10210","15754","157",912
"10211","16227","162",888
"10212","03185","031",906
"10213","67580","675",455
"10214","68305","683",394
"10215","61267","612",1030
"10216","27607","276",921
"10217","33699","336",499
"10218","65933","659",353
"10219","64293","642",1037
"10220","78250","782",270
"10221","33181","331",511
"10222","27474","274",924
"10223","28219","282",902
"10224","32760","327",653
"10225","35410","354",576
"10226","72361","723",74
"10227","34513","345",407
"10228","72116","721",35
"10229","72514","725",69
"10230","70173","701",11
"10231","72805","728",63
"10232","31535","315",678
"10233","34621","346",406
"10234","31787","317",672
"10235","73240","732",971
"10236","47239","472",214
"10237","47259","472",214
"10238","41466","414",324
"10239","50933","509",955
"10240","46242","462",98
"10241","51373","513",1148
"10242","42553","425",281
"10243","22880","228",457
"10244","21279","212",487
"10245","31028","310",663
"10246","37213","372",636
"10247","97082","970",1024
"10248","24623","246",537
"10249","37073","370",639
"10250","22307","223",400
"10251","22967","229",453
"10252","29556","295",725
"10253","58739","587",103
"10254","59071","590",227
"10255","49080","490",658
"10256","67459","674",461
"10257","33334","333",509
"10258","76275","762",1048
"10259","65779","657",371
"10260","88079","880",1084
"10261","73642","736",1039
"10262","21649","216",528
"10263","51427","514",1146
"10264","53129","531",294
"10265","56727","567",346
"10266","66453","664",255
"10267","55743","557",514
"10268","53773","537",338
"10269","58135","581",114
"10270","08547","085",730
"10271","06846","068",668
"10272","04509","045",863
"10273","08064","080",738
"10274","14776","147",772
"10275","17179","171",722
"10276","14548","145",775
"10277","09112","091",1132
"10278","09111","091",1132
"10279","09661","096",1116
"10280","12279","122",524
"10281","15834","158",909
"10282","17348","173",718
"10283","73337","733",1043
"10284","37574","375",632
"10285","22587","225",393
"10286","24398","243",546
"10287","97084","970",1024
"10288","22529","225",393
"10289","22419","224",399
"10290","20535","205",640
"10291","97645","976",1082
"10292","24143","241",557
"10293","21031","210",494
"10294","24248","242",550
"10295","38228","382",617
"10296","87471","874",1136
"10297","37345","373",635
"10298","89343","893",325
"10299","91749","917",878
"10300","38667","386",611
"10301","91257","912",897
"10302","18233","182",698
"10303","81675","816",39
"10304","39245","392",712
"10305","65479","654",308
"10306","68766","687",386
"10307","68519","685",389
"10308","63303","633",1102
"10309","75181","751",1128
"10310","34431","344",409
"10311","63069","630",1106
"10312","33100","331",511
"10313","28215","282",902
"10314","32756","327",653
"10315","63674","636",1161
"10316","35321","353",578
"10317","71067","710",78
"10318","37688","376",631
"10319","73733","737",1038
"10320","24937","249",564
"10321","38321","383",615
"10322","86609","866",988
"10323","96479","964",89
"10324","96149","961",58
"10325","96129","961",58
"10326","90402","904",760
"10327","19057","190",766
"10328","12357","123",523
"10329","12689","126",516
"10330","15366","153",914
"10331","15713","157",912
"10332","01099","010",816
"10333","01279","012",811
"10334","01998","019",853
"10335","15868","158",910
"10336","03130","031",906
"10337","41812","418",313
"10338","66663","666",249
"10339","46397","463",96
"10340","47199","471",215
"10341","47198","471",215
"10342","40476","404",1070
"10343","54346","543",245
"10344","40822","408",1059
"10345","42781","427",279
"10346","49744","497",641
"10347","51491","514",1146
"10348","44627","446",326
"10349","26197","261",801
"10350","65191","651",311
"10351","31832","318",665
"10352","36041","360",563
"10353","21258","212",487
"10354","79539","795",495
"10355","49696","496",642
"10356","49565","495",643
"10357","49635","496",642
"10358","49090","490",658
"10359","26389","263",797
"10360","48301","483",199
"10361","55774","557",514
"10362","44143","441",340
"10363","66506","665",253
"10364","58239","582",113
"10365","56321","563",354
"10366","52134","521",1026
"10367","41372","413",283
"10368","52379","523",1023
"10369","54614","546",288
"10370","54587","545",235
"10371","54451","544",240
"10372","41462","414",324
"10373","41468","414",324
"10374","40489","404",1070
"10375","46539","465",90
"10376","53533","535",342
"10377","66127","661",260
"10378","54421","544",241
"10379","54558","545",234
"10380","46342","463",95
"10381","54470","544",243
"10382","56828","568",425
"10383","48529","485",196
"10384","53119","531",294
"10385","74249","742",934
"10386","88094","880",1084
"10387","73252","732",971
"10388","30974","309",597
"10389","29690","296",724
"10390","21739","217",525
"10391","97953","979",1072
"10392","88097","880",1084
"10393","97956","979",1072
"10394","73119","731",972
"10395","37642","376",631
"10396","88326","883",1074
"10397","73117","731",974
"10398","31036","310",663
"10399","79427","794",498
"10400","49584","495",643
"10401","79241","792",502
"10402","58640","586",104
"10403","55444","554",435
"10404","59423","594",222
"10405","79336","793",501
"10406","49577","495",643
"10407","59073","590",227
"10408","65551","655",307
"10409","76534","765",1044
"10410","67269","672",469
"10411","67283","672",469
"10412","67127","671",476
"10413","67258","672",469
"10414","35764","357",570
"10415","33803","338",549
"10416","49424","494",645
"10417","67680","676",451
"10418","77978","779",390
"10419","67292","672",470
"10420","26215","262",799
"10421","44536","445",329
"10422","44339","443",336
"10423","66503","665",253
"10424","56281","562",364
"10425","26845","268",784
"10426","48565","485",194
"10427","26532","265",789
"10428","66500","665",251
"10429","56599","565",350
"10430","56648","566",349
"10431","66629","666",249
"10432","26899","268",784
"10433","99085","990",1158
"10434","19303","193",762
"10435","82288","822",19
"10436","91320","913",895
"10437","82447","824",13
"10438","82390","823",17
"10439","06466","064",687
"10440","96197","961",58
"10441","91344","913",895
"10442","91220","912",897
"10443","99425","994",1147
"10444","85232","852",1004
"10445","85125","851",1005
"10446","95336","953",156
"10447","82178","821",20
"10448","91244","912",897
"10449","95158","951",93
"10450","06366","063",689
"10451","06722","067",673
"10452","06114","061",692
"10453","85656","856",1055
"10454","85643","856",1055
"10455","16945","169",869
"10456","07958","079",739
"10457","92694","926",840
"10458","92507","925",847
"10459","92705","927",835
"10460","92540","925",847
"10461","84082","840",49
"10462","04207","042",868
"10463","18279","182",698
"10464","84178","841",45
"10465","84564","845",80
"10466","92552","925",847
"10467","92714","927",838
"10468","04279","042",868
"10469","84168","841",45
"10470","84130","841",45
"10471","92444","924",849
"10472","04838","048",858
"10473","18320","183",697
"10474","17207","172",719
"10475","04827","048",858
"10476","92549","925",847
"10477","93497","934",50
"10478","04860","048",858
"10479","84367","843",83
"10480","09474","094",1123
"10481","84381","843",83
"10482","94265","942",27
"10483","84384","843",83
"10484","09456","094",1123
"10485","94149","941",1171
"10486","94099","940",1176
"10487","04936","049",857
"10488","94127","941",1174
"10489","94157","941",1175
"10490","16244","162",888
"10491","33335","333",509
"10492","33619","336",499
"10493","28790","287",896
"10494","33615","336",499
"10495","49419","494",645
"10496","64347","643",1035
"10497","35582","355",574
"10498","75385","753",1121
"10499","75015","750",1131
"10500","64289","642",1037
"10501","34519","345",408
"10502","75245","752",1124
"10503","35104","351",585
"10504","35519","355",575
"10505","33102","331",511
"10506","60388","603",62
"10507","72401","724",72
"10508","69151","691",187
"10509","71159","711",125
"10510","71292","712",124
"10511","35466","354",576
"10512","31604","316",676
"10513","71157","711",126
"10514","64711","647",1099
"10515","72461","724",72
"10516","63694","636",1161
"10517","32825","328",646
"10518","31675","316",675
"10519","34439","344",409
"10520","72510","725",71
"10521","63549","635",1163
"10522","27299","272",927
"10523","72488","724",72
"10524","88696","886",1064
"10525","72770","727",66
"10526","71679","716",116
"10527","70437","704",9
"10528","70186","701",11
"10529","63825","638",1156
"10530","70378","703",10
"10531","34637","346",406
"10532","36369","363",559
"10533","37671","376",631
"10534","73734","737",1038
"10535","72639","726",67
"10536","21714","217",525
"10537","21698","216",528
"10538","36124","361",561
"10539","74677","746",968
"10540","30966","309",597
"10541","31171","311",662
"10542","24897","248",531
"10543","31157","311",662
"10544","25494","254",848
"10545","88353","883",1074
"10546","37290","372",636
"10547","97232","972",1020
"10548","89198","891",332
"10549","24582","245",543
"10550","89555","895",320
"10551","97246","972",1020
"10552","31167","311",662
"10553","99834","998",1169
"10554","97215","972",1020
"10555","22115","221",403
"10556","22143","221",404
"10557","29356","293",727
"10558","99831","998",1169
"10559","24232","242",550
"10560","89568","895",320
"10561","21360","213",478
"10562","21407","214",471
"10563","38518","385",613
"10564","38120","381",618
"10565","99869","998",1169
"10566","85298","852",1004
"10567","92369","923",851
"10568","96349","963",56
"10569","85757","857",1050
"10570","06308","063",688
"10571","91236","912",897
"10572","85098","850",1009
"10573","81477","814",42
"10574","39110","391",713
"10575","39179","391",713
"10576","93351","933",51
"10577","85599","855",1057
"10578","95234","952",92
"10579","85413","854",1060
"10580","19336","193",764
"10581","07589","075",745
"10582","99752","997",1170
"10583","38300","383",615
"10584","86732","867",982
"10585","86751","867",982
"10586","98660","986",1016
"10587","29394","293",727
"10588","86833","868",981
"10589","97500","975",1091
"10590","99885","998",1169
"10591","86854","868",981
"10592","38554","385",613
"10593","23669","236",568
"10594","86690","866",988
"10595","38381","383",616
"10596","91189","911",899
"10597","91785","917",878
"10598","91352","913",895
"10599","91788","917",878
"10600","23749","237",566
"10601","86568","865",996
"10602","23746","237",566
"10603","19230","192",765
"10604","16269","162",888
"10605","01814","018",856
"10606","15320","153",914
"10607","03172","031",906
"10608","01979","019",853
"10609","17406","174",716
"10610","47574","475",212
"10611","52499","524",1095
"10612","54608","546",288
"10613","47669","476",210
"10614","53925","539",330
"10615","47179","471",215
"10616","41470","414",324
"10617","53881","538",333
"10618","66333","663",257
"10619","40547","405",1067
"10620","49843","498",638
"10621","40593","405",1066
"10622","53332","533",292
"10623","51379","513",1148
"10624","42799","427",278
"10625","51069","510",1097
"10626","44866","448",418
"10627","66640","666",249
"10628","56653","566",349
"10629","44625","446",326
"10630","26892","268",784
"10631","44579","445",328
"10632","88281","882",1078
"10633","24864","248",531
"10634","24888","248",531
"10635","24802","248",531
"10636","29308","293",727
"10637","73312","733",1043
"10638","97789","977",1079
"10639","36160","361",561
"10640","97795","977",1079
"10641","25485","254",848
"10642","25469","254",848
"10643","24364","243",546
"10644","24568","245",540
"10645","97080","970",1024
"10646","36419","364",558
"10647","74424","744",970
"10648","36284","362",560
"10649","89197","891",332
"10650","31162","311",662
"10651","73494","734",1042
"10652","97656","976",1082
"10653","21220","212",487
"10654","21376","213",478
"10655","88451","884",1071
"10656","31311","313",660
"10657","29221","292",728
"10658","89281","892",327
"10659","87764","877",1165
"10660","73492","734",1042
"10661","24635","246",539
"10662","24245","242",550
"10663","24610","246",539
"10664","87773","877",1165
"10665","87734","877",1165
"10666","87785","877",1165
"10667","91550","915",889
"10668","91555","915",889
"10669","97508","975",1085
"10670","29351","293",727
"10671","38704","387",608
"10672","89446","894",323
"10673","22958","229",454
"10674","29553","295",725
"10675","99947","999",1168
"10676","22956","229",453
"10677","99880","998",1169
"10678","89407","894",323
"10679","87775","877",1165
"10680","38551","385",613
"10681","35644","356",571
"10682","33647","336",499
"10683","33739","337",554
"10684","72175","721",33
"10685","35075","350",586
"10686","78083","780",275
"10687","68799","687",386
"10688","35428","354",576
"10689","64295","642",1037
"10690","60439","604",61
"10691","72221","722",76
"10692","69214","692",183
"10693","78591","785",265
"10694","64668","646",1100
"10695","78582","785",265
"10696","64859","648",1098
"10697","28844","288",894
"10698","78589","785",265
"10699","63073","630",1106
"10700","78224","782",270
"10701","74915","749",964
"10702","78600","786",263
"10703","34414","344",409
"10704","78345","783",267
"10705","74906","749",964
"10706","63533","635",1162
"10707","78351","783",267
"10708","74372","743",929
"10709","74392","743",929
"10710","70569","705",8
"10711","74391","743",929
"10712","78354","783",267
"10713","31628","316",677
"10714","35327","353",578
"10715","63897","638",1155
"10716","34434","344",409
"10717","71634","716",116
"10718","72631","726",67
"10719","74379","743",929
"10720","71691","716",116
"10721","63826","638",1156
"10722","71642","716",116
"10723","72658","726",67
"10724","24803","248",531
"10725","71334","713",122
"10726","88356","883",1074
"10727","24887","248",531
"10728","73773","737",1038
"10729","34128","341",423
"10730","97900","979",1072
"10731","26180","261",800
"10732","67169","671",477
"10733","59609","596",220
"10734","26969","269",781
"10735","76448","764",1045
"10736","67587","675",455
"10737","78199","781",273
"10738","49448","494",645
"10739","59555","595",221
"10740","35688","356",572
"10741","67373","673",463
"10742","68623","686",388
"10743","64589","645",1101
"10744","34323","343",413
"10745","27374","273",925
"10746","34302","343",414
"10747","74629","746",968
"10748","25379","253",850
"10749","24960","249",564
"10750","24999","249",564
"10751","73066","730",978
"10752","34253","342",419
"10753","88276","882",1078
"10754","88214","882",1078
"10755","72589","725",70
"10756","24594","245",542
"10757","89617","896",316
"10758","24894","248",531
"10759","73105","731",973
"10760","30455","304",605
"10761","30453","304",605
"10762","55424","554",435
"10763","77656","776",312
"10764","49076","490",658
"10765","77654","776",312
"10766","67305","673",464
"10767","77797","777",397
"10768","49124","491",654
"10769","79730","797",488
"10770","56316","563",356
"10771","58762","587",102
"10772","79541","795",495
"10773","48167","481",206
"10774","48324","483",201
"10775","79356","793",501
"10776","59075","590",227
"10777","26169","261",800
"10778","67806","678",518
"10779","56410","564",351
"10780","79292","792",502
"10781","79114","791",506
"10782","48356","483",199
"10783","48480","484",197
"10784","06128","061",692
"10785","95182","951",93
"10786","84056","840",49
"10787","83098","830",87
"10788","06712","067",673
"10789","08548","085",730
"10790","92533","925",847
"10791","83569","835",131
"10792","95691","956",143
"10793","04523","045",862
"10794","95692","956",143
"10795","06792","067",674
"10796","92727","927",838
"10797","93102","931",55
"10798","83546","835",131
"10799","14727","147",772
"10800","04575","045",862
"10801","92445","924",849
"10802","08228","082",735
"10803","08062","080",738
"10804","83278","832",136
"10805","94347","943",26
"10806","94357","943",26
"10807","83379","833",133
"10808","09366","093",1126
"10809","17154","171",722
"10810","93477","934",50
"10811","04862","048",858
"10812","84533","845",79
"10813","94244","942",27
"10814","14554","145",775
"10815","14979","149",770
"10816","85244","852",1004
"10817","85256","852",1004
"10818","81247","812",44
"10819","06295","062",691
"10820","07387","073",747
"10821","39446","394",706
"10822","95358","953",156
"10823","85301","853",1001
"10824","85376","853",999
"10825","92278","922",852
"10826","06179","061",692
"10827","85452","854",1060
"10828","95514","955",150
"10829","92724","927",836
"10830","95506","955",150
"10831","93359","933",51
"10832","91365","913",895
"10833","19071","190",766
"10834","06458","064",687
"10835","96332","963",56
"10836","06464","064",687
"10837","95491","954",154
"10838","97496","974",1018
"10839","24327","243",547
"10840","38322","383",615
"10841","86879","868",981
"10842","96166","961",58
"10843","23899","238",595
"10844","96145","961",58
"10845","98669","986",1016
"10846","96182","961",58
"10847","99338","993",1149
"10848","86682","866",988
"10849","91174","911",898
"10850","38895","388",606
"10851","86929","869",980
"10852","96486","964",89
"10853","99087","990",1158
"10854","90451","904",760
"10855","94133","941",1175
"10856","94124","941",1175
"10857","01157","011",813
"10858","15569","155",913
"10859","15378","153",914
"10860","15526","155",913
"10861","03054","030",908
"10862","02689","026",769
"10863","02827","028",767
"10864","44534","445",329
"10865","26489","264",792
"10866","44267","442",339
"10867","52531","525",1094
"10868","47626","476",210
"10869","47804","478",208
"10870","47829","478",208
"10871","66763","667",304
"10872","46045","460",100
"10873","50767","507",957
"10874","53518","535",342
"10875","66128","661",260
"10876","42489","424",229
"10877","51375","513",1148
"10878","67678","676",451
"10879","67727","677",450
"10880","49632","496",642
"10881","56368","563",354
"10882","79713","797",488
"10883","67316","673",464
"10884","55237","552",440
"10885","79263","792",502
"10886","59302","593",224
"10887","42653","426",280
"10888","56823","568",425
"10889","53474","534",291
"10890","45529","455",155
"10891","42929","429",272
"10892","44791","447",422
"10893","42899","428",274
"10894","26624","266",788
"10895","79540","795",495
"10896","49599","495",643
"10897","49545","495",643
"10898","57644","576",164
"10899","67824","678",519
"10900","48499","484",197
"10901","26810","268",784
"10902","48329","483",199
"10903","44227","442",339
"10904","88147","881",1080
"10905","73326","733",1043
"10906","25482","254",848
"10907","97980","979",1072
"10908","36132","361",561
"10909","73333","733",1043
"10910","88454","884",1071
"10911","97270","972",1020
"10912","97250","972",1020
"10913","25451","254",848
"10914","97256","972",1020
"10915","29313","293",727
"10916","31195","311",662
"10917","97705","977",1079
"10918","36208","362",560
"10919","89195","891",332
"10920","73457","734",1042
"10921","97288","972",1020
"10922","97708","977",1079
"10923","97241","972",1020
"10924","37191","371",637
"10925","97252","972",1021
"10926","23866","238",592
"10927","99830","998",1169
"10928","97509","975",1085
"10929","38277","382",617
"10930","89347","893",325
"10931","87743","877",1165
"10932","99826","998",1169
"10933","97453","974",1018
"10934","97633","976",1083
"10935","91602","916",882
"10936","22952","229",453
"10937","21335","213",478
"10938","29581","295",725
"10939","97497","974",1018
"10940","87757","877",1165
"10941","21365","213",478
"10942","23619","236",568
"10943","89368","893",325
"10944","99713","997",1170
"10945","29392","293",727
"10946","38124","381",618
"10947","64521","645",1101
"10948","64569","645",1101
"10949","76227","762",1048
"10950","76676","766",1115
"10951","33142","331",511
"10952","35088","350",587
"10953","65929","659",353
"10954","27580","275",922
"10955","32051","320",630
"10956","35452","354",576
"10957","61239","612",1030
"10958","63225","632",1104
"10959","35440","354",576
"10960","32052","320",630
"10961","64291","642",1037
"10962","64686","646",1100
"10963","78532","785",265
"10964","32479","324",625
"10965","75175","751",1128
"10966","72369","723",74
"10967","35460","354",576
"10968","35423","354",576
"10969","63322","633",1102
"10970","35091","350",586
"10971","35085","350",586
"10972","75233","752",1125
"10973","64839","648",1098
"10974","32469","324",625
"10975","63477","634",1164
"10976","25920","259",829
"10977","71297","712",124
"10978","74927","749",964
"10979","78337","783",267
"10980","64756","647",1099
"10981","78359","783",268
"10982","34474","344",409
"10983","25792","257",834
"10984","74858","748",966
"10985","25926","259",829
"10986","34549","345",407
"10987","72458","724",72
"10988","69437","694",174
"10989","63741","637",1160
"10990","70565","705",8
"10991","74081","740",942
"10992","63834","638",1156
"10993","27313","273",925
"10994","71638","716",116
"10995","25850","258",830
"10996","63863","638",1156
"10997","25721","257",834
"10998","72655","726",67
"10999","34626","346",406
"11000","71394","713",122
"11001","25557","255",846
"11002","71546","715",118
"11003","25599","255",846
"11004","25799","257",834
"11005","97877","978",1077
"11006","73265","732",971
"11007","74613","746",968
"11008","23999","239",590
"11009","91241","912",897
"11010","80999","809",814
"11011","19065","190",766
"11012","92281","922",852
"11013","95497","954",154
"11014","07907","079",739
"11015","91809","918",875
"11016","82278","822",19
"11017","86697","866",988
"11018","82399","823",17
"11019","91090","910",900
"11020","82294","822",19
"11021","96275","962",57
"11022","85250","852",1004
"11023","90584","905",759
"11024","19077","190",766
"11025","96364","963",56
"11026","89440","894",323
"11027","86441","864",943
"11028","91747","917",878
"11029","29599","295",725
"11030","86845","868",981
"11031","86459","864",943
"11032","86853","868",981
"11033","99955","999",1168
"11034","29473","294",726
"11035","91734","917",878
"11036","86899","868",981
"11037","96158","961",58
"11038","91793","917",878
"11039","86946","869",980
"11040","86641","866",988
"11041","38350","383",616
"11042","39393","393",707
"11043","96110","961",58
"11044","96487","964",89
"11045","59872","598",218
"11046","76863","768",1109
"11047","35745","357",570
"11048","67596","675",455
"11049","65193","651",311
"11050","67246","672",469
"11051","55294","552",443
"11052","67368","673",463
"11053","67360","673",463
"11054","33824","338",549
"11055","68647","686",388
"11056","35236","352",579
"11057","35606","356",571
"11058","25582","255",846
"11059","88273","882",1078
"11060","24986","249",564
"11061","24787","247",534
"11062","74679","746",968
"11063","73092","730",978
"11064","19339","193",764
"11065","85408","854",1060
"11066","83104","831",86
"11067","84174","841",45
"11068","84034","840",47
"11069","83126","831",84
"11070","93107","931",52
"11071","93057","930",28
"11072","92718","927",835
"11073","06794","067",674
"11074","83083","830",87
"11075","08233","082",735
"11076","04463","044",864
"11077","83361","833",133
"11078","16868","168",872
"11079","92539","925",847
"11080","83301","833",133
"11081","94437","944",23
"11082","84568","845",79
"11083","06889","068",669
"11084","08321","083",732
"11085","14822","148",771
"11086","83329","833",133
"11087","94342","943",26
"11088","84375","843",83
"11089","84347","843",83
"11090","09125","091",1132
"11091","94532","945",22
"11092","17258","172",721
"11093","13439","134",822
"11094","13158","131",826
"11095","94034","940",1177
"11096","94065","940",1178
"11097","94130","941",1175
"11098","15712","157",912
"11099","15537","155",913
"11100","01983","019",853
"11101","16303","163",881
"11102","15299","152",915
"11103","02899","028",767
"11104","24893","248",531
"11105","25355","253",850
"11106","29303","293",727
"11107","24363","243",546
"11108","73111","731",976
"11109","36217","362",560
"11110","25474","254",848
"11111","29646","296",724
"11112","36214","362",560
"11113","73560","735",1041
"11114","36115","361",561
"11115","73579","735",1041
"11116","36266","362",560
"11117","74592","745",969
"11118","88477","884",1071
"11119","21109","211",491
"11120","88317","883",1076
"11121","31174","311",662
"11122","88450","884",1071
"11123","24643","246",536
"11124","97650","976",1082
"11125","73431","734",1042
"11126","29336","293",727
"11127","21435","214",473
"11128","22397","223",400
"11129","97258","972",1020
"11130","97490","974",1018
"11131","97714","977",1079
"11132","97702","977",1079
"11133","91631","916",883
"11134","74594","745",969
"11135","31228","312",661
"11136","91610","916",883
"11137","91620","916",883
"11138","97355","973",1019
"11139","87749","877",1165
"11140","22962","229",453
"11141","21409","214",471
"11142","38259","382",617
"11143","86491","864",943
"11144","21406","214",471
"11145","23821","238",594
"11146","23815","238",594
"11147","86470","864",943
"11148","99755","997",1170
"11149","29576","295",725
"11150","91726","917",878
"11151","91099","910",900
"11152","82293","822",19
"11153","06526","065",684
"11154","91077","910",900
"11155","90530","905",755
"11156","86633","866",988
"11157","91347","913",895
"11158","82395","823",17
"11159","86576","865",996
"11160","85114","851",1005
"11161","82349","823",18
"11162","92360","923",851
"11163","19059","190",766
"11164","85120","851",1005
"11165","19086","190",766
"11166","18230","182",698
"11167","92358","923",851
"11168","85088","850",1009
"11169","39122","391",713
"11170","85395","853",1001
"11171","85635","856",1052
"11172","39288","392",712
"11173","07922","079",739
"11174","84106","841",46
"11175","06124","061",692
"11176","93188","931",53
"11177","92421","924",849
"11178","95679","956",143
"11179","07548","075",745
"11180","83059","830",87
"11181","83024","830",87
"11182","95701","957",139
"11183","92721","927",839
"11184","08491","084",731
"11185","06868","068",669
"11186","83559","835",131
"11187","04356","043",867
"11188","06901","069",664
"11189","92726","927",838
"11190","94330","943",26
"11191","83365","833",133
"11192","94350","943",26
"11193","93494","934",50
"11194","17248","172",719
"11195","94353","943",26
"11196","08294","082",736
"11197","93466","934",50
"11198","84329","843",83
"11199","94424","944",23
"11200","14542","145",775
"11201","16766","167",873
"11202","94439","944",23
"11203","09427","094",1123
"11204","04720","047",859
"11205","04895","048",858
"11206","09575","095",1119
"11207","94529","945",22
"11208","09627","096",1116
"11209","91456","914",893
"11210","87600","876",1166
"11211","86750","867",982
"11212","91732","917",878
"11213","38855","388",606
"11214","91466","914",893
"11215","91735","917",878
"11216","86420","864",943
"11217","38444","384",614
"11218","86653","866",988
"11219","86675","866",988
"11220","91074","910",900
"11221","19246","192",765
"11222","99192","991",1154
"11223","99707","997",1170
"11224","91058","910",900
"11225","15749","157",912
"11226","15757","157",912
"11227","03205","032",905
"11228","15377","153",914
"11229","01909","019",855
"11230","02736","027",768
"11231","68649","686",388
"11232","32289","322",627
"11233","61476","614",1028
"11234","64572","645",1101
"11235","68219","682",395
"11236","65824","658",361
"11237","35444","354",576
"11238","75217","752",1124
"11239","75394","753",1121
"11240","76698","766",1115
"11241","59964","599",216
"11242","28759","287",896
"11243","75177","751",1128
"11244","27472","274",924
"11245","25899","258",830
"11246","69117","691",187
"11247","71131","711",125
"11248","72181","721",33
"11249","72336","723",74
"11250","75417","754",1117
"11251","64385","643",1036
"11252","25761","257",834
"11253","72414","724",72
"11254","71154","711",126
"11255","71139","711",126
"11256","78315","783",267
"11257","71735","717",110
"11258","64739","647",1099
"11259","63538","635",1162
"11260","74336","743",929
"11261","71706","717",110
"11262","74357","743",929
"11263","70825","708",2
"11264","24994","249",564
"11265","78467","784",266
"11266","63864","638",1157
"11267","63906","639",1151
"11268","21726","217",525
"11269","27449","274",923
"11270","73730","737",1038
"11271","36399","363",559
"11272","71576","715",118
"11273","37649","376",631
"11274","36396","363",559
"11275","88518","885",1068
"11276","24872","248",531
"11277","34385","343",412
"11278","52538","525",1094
"11279","47623","476",210
"11280","47625","476",210
"11281","53940","539",330
"11282","52445","524",1095
"11283","52385","523",1023
"11284","54453","544",240
"11285","47445","474",213
"11286","40670","406",1063
"11287","54526","545",234
"11288","66787","667",304
"11289","40225","402",1012
"11290","66773","667",304
"11291","41541","415",321
"11292","54516","545",234
"11293","66292","662",259
"11294","56767","567",347
"11295","45133","451",160
"11296","66625","666",249
"11297","49767","497",641
"11298","56759","567",347
"11299","26842","268",784
"11300","66978","669",295
"11301","67757","677",447
"11302","67827","678",517
"11303","58706","587",103
"11304","77971","779",390
"11305","67811","678",518
"11306","55124","551",445
"11307","59556","595",221
"11308","35792","357",570
"11309","76596","765",1044
"11310","35796","357",570
"11311","55130","551",445
"11312","65462","654",308
"11313","67549","675",455
"11314","35630","356",571
"11315","49328","493",648
"11316","67575","675",455
"11317","33649","336",499
"11318","72297","722",76
"11319","78739","787",261
"11320","26441","264",792
"11321","26419","264",792
"11322","77866","778",392
"11323","67295","672",470
"11324","77871","778",392
"11325","67816","678",520
"11326","49456","494",645
"11327","65620","656",377
"11328","88045","880",1084
"11329","25575","255",846
"11330","34266","342",419
"11331","88371","883",1074
"11332","74238","742",934
"11333","97788","977",1079
"11334","30419","304",605
"11335","88255","882",1078
"11336","24782","247",534
"11337","51147","511",1096
"11338","45307","453",158
"11339","56861","568",425
"11340","66578","665",250
"11341","49808","498",638
"11342","44807","448",417
"11343","48493","484",197
"11344","66916","669",297
"11345","53545","535",345
"11346","58300","583",109
"11347","26553","265",789
"11348","53562","535",345
"11349","53783","537",338
"11350","79424","794",496
"11351","54646","546",288
"11352","52353","523",1023
"11353","46519","465",91
"11354","41516","415",321
"11355","47800","478",208
"11356","40668","406",1063
"11357","50226","502",961
"11358","46348","463",95
"11359","66359","663",257
"11360","54538","545",234
"11361","46238","462",98
"11362","54424","544",242
"11363","56826","568",425
"11364","53501","535",343
"11365","42549","425",281
"11366","56864","568",425
"11367","45768","457",144
"11368","79258","792",502
"11369","67752","677",447
"11370","55422","554",435
"11371","55442","554",435
"11372","79353","793",501
"11373","58553","585",105
"11374","56564","565",350
"11375","55618","556",428
"11376","44328","443",336
"11377","79415","794",496
"11378","58119","581",115
"11379","55499","554",435
"11380","59368","593",223
"11381","57638","576",161
"11382","48369","483",200
"11383","45289","452",159
"11384","53227","532",293
"11385","66440","664",255
"11386","66539","665",250
"11387","45663","456",153
"11388","66450","664",255
"11389","56865","568",426
"11390","44805","448",417
"11391","78050","780",276
"11392","78737","787",261
"11393","59955","599",216
"11394","65931","659",353
"11395","68753","687",386
"11396","35625","356",571
"11397","32130","321",629
"11398","68549","685",389
"11399","61449","614",1028
"11400","27476","274",924
"11401","33758","337",553
"11402","64404","644",1033
"11403","76694","766",1115
"11404","76669","766",1115
"11405","32584","325",624
"11406","35396","353",577
"11407","32832","328",647
"11408","21776","217",525
"11409","69251","692",182
"11410","33189","331",511
"11411","64689","646",1100
"11412","74931","749",964
"11413","35287","352",580
"11414","71155","711",126
"11415","25853","258",830
"11416","63762","637",1160
"11417","25860","258",830
"11418","34632","346",406
"11419","63584","635",1163
"11420","63939","639",1151
"11421","25873","258",830
"11422","63688","636",1161
"11423","34628","346",406
"11424","74376","743",929
"11425","63589","635",1163
"11426","21755","217",525
"11427","70629","706",6
"11428","63849","638",1156
"11429","74076","740",942
"11430","34308","343",410
"11431","88699","886",1064
"11432","70374","703",10
"11433","71686","716",116
"11434","21737","217",525
"11435","31558","315",678
"11436","27308","273",925
"11437","74232","742",930
"11438","34317","343",411
"11439","71717","717",111
"11440","72664","726",67
"11441","27336","273",925
"11442","71409","714",121
"11443","21702","217",526
"11444","88376","883",1074
"11445","31637","316",677
"11446","36367","363",559
"11447","88374","883",1074
"11448","74538","745",969
"11449","37217","372",636
"11450","89180","891",332
"11451","97786","977",1079
"11452","24576","245",541
"11453","30916","309",598
"11454","24366","243",546
"11455","31141","311",662
"11456","97243","972",1020
"11457","22851","228",459
"11458","73489","734",1042
"11459","36460","364",558
"11460","21442","214",472
"11461","89518","895",320
"11462","89293","892",327
"11463","97654","976",1082
"11464","31246","312",661
"11465","97456","974",1018
"11466","97532","975",1088
"11467","89312","893",325
"11468","87761","877",1165
"11469","87784","877",1165
"11470","23813","238",594
"11471","86489","864",943
"11472","97529","975",1085
"11473","36448","364",558
"11474","99848","998",1169
"11475","73467","734",1042
"11476","89349","893",325
"11477","24321","243",547
"11478","23820","238",594
"11479","21379","213",478
"11480","99891","998",1169
"11481","91315","913",895
"11482","38899","388",606
"11483","86857","868",981
"11484","96179","961",58
"11485","86157","861",953
"11486","86937","869",980
"11487","99092","990",1158
"11488","96250","962",57
"11489","96050","960",59
"11490","86704","867",986
"11491","99097","990",1158
"11492","99610","996",1141
"11493","67813","678",518
"11494","79664","796",492
"11495","49504","495",643
"11496","77652","776",312
"11497","77791","777",397
"11498","65307","653",309
"11499","79297","792",502
"11500","56479","564",352
"11501","76833","768",1107
"11502","49413","494",645
"11503","67433","674",460
"11504","76865","768",1109
"11505","76768","767",1111
"11506","76770","767",1111
"11507","26209","262",798
"11508","67586","675",455
"11509","57334","573",169
"11510","76761","767",1111
"11511","35713","357",570
"11512","55299","552",443
"11513","65239","652",310
"11514","59558","595",221
"11515","67069","670",480
"11516","24805","248",531
"11517","36287","362",560
"11518","71560","715",118
"11519","73669","736",1039
"11520","21720","217",525
"11521","73035","730",978
"11522","97277","972",1020
"11523","24357","243",546
"11524","30855","308",601
"11525","07338","073",747
"11526","82069","820",1167
"11527","85107","851",1006
"11528","85053","850",1009
"11529","91224","912",897
"11530","85092","850",1009
"11531","06279","062",691
"11532","92268","922",852
"11533","85129","851",1008
"11534","93155","931",53
"11535","39291","392",712
"11536","07926","079",739
"11537","18249","182",698
"11538","07629","076",744
"11539","07613","076",744
"11540","95683","956",143
"11541","92670","926",841
"11542","83139","831",85
"11543","84166","841",45
"11544","95652","956",143
"11545","83093","830",87
"11546","06803","068",667
"11547","06808","068",666
"11548","17214","172",719
"11549","08459","084",731
"11550","95698","956",143
"11551","94345","943",26
"11552","93491","934",50
"11553","08328","083",732
"11554","84160","841",45
"11555","08396","083",733
"11556","17192","171",722
"11557","04808","048",858
"11558","16833","168",871
"11559","84553","845",79
"11560","94522","945",21
"11561","93486","934",50
"11562","94559","945",21
"11563","08344","083",732
"11564","16827","168",871
"11565","93479","934",50
"11566","84387","843",83
"11567","14469","144",777
"11568","09430","094",1123
"11569","09518","095",1118
"11570","01623","016",806
"11571","01589","015",807
"11572","09633","096",1116
"11573","94104","941",1175
"11574","18546","185",695
"11575","94143","941",1175
"11576","01773","017",804
"11577","01778","017",804
"11578","03222","032",905
"11579","15326","153",914
"11580","02799","027",768
"11581","02796","027",768
"11582","82362","823",17
"11583","82279","822",19
"11584","39387","393",707
"11585","85128","851",1005
"11586","39345","393",708
"11587","85116","851",1005
"11588","85254","852",1004
"11589","85259","852",1004
"11590","85253","852",1004
"11591","99628","996",1141
"11592","06456","064",687
"11593","29471","294",726
"11594","85113","851",1005
"11595","82549","825",12
"11596","80995","809",814
"11597","19306","193",762
"11598","83624","836",129
"11599","81829","818",31
"11600","95180","951",93
"11601","92224","922",852
"11602","93346","933",51
"11603","06242","062",690
"11604","95126","951",93
"11605","95709","957",140
"11606","93183","931",53
"11607","93182","931",53
"11608","82211","822",19
"11609","82296","822",19
"11610","07318","073",747
"11611","19294","192",765
"11612","99444","994",1147
"11613","90559","905",755
"11614","99636","996",1141
"11615","91278","912",897
"11616","25365","253",850
"11617","89619","896",315
"11618","36100","361",561
"11619","88441","884",1071
"11620","30853","308",601
"11621","97295","972",1020
"11622","73525","735",1041
"11623","97999","979",1072
"11624","97271","972",1020
"11625","97276","972",1020
"11626","89173","891",332
"11627","88487","884",1071
"11628","37249","372",636
"11629","24242","242",551
"11630","21271","212",487
"11631","31191","311",662
"11632","22848","228",459
"11633","97688","976",1081
"11634","24629","246",536
"11635","29223","292",728
"11636","31249","312",661
"11637","97239","972",1020
"11638","21037","210",494
"11639","24637","246",539
"11640","36457","364",558
"11641","37539","375",632
"11642","24601","246",539
"11643","38729","387",608
"11644","21029","210",494
"11645","89564","895",320
"11646","91626","916",882
"11647","87724","877",1165
"11648","22955","229",453
"11649","97531","975",1085
"11650","97513","975",1089
"11651","38112","381",618
"11652","91619","916",883
"11653","86720","867",982
"11654","98547","985",959
"11655","21527","215",466
"11656","29559","295",725
"11657","97461","974",1018
"11658","38110","381",618
"11659","38559","385",613
"11660","29585","295",725
"11661","86424","864",943
"11662","93356","933",51
"11663","06112","061",692
"11664","39524","395",705
"11665","93053","930",28
"11666","93083","930",28
"11667","95659","956",143
"11668","18299","182",698
"11669","95706","957",142
"11670","04158","041",870
"11671","04564","045",862
"11672","83254","832",135
"11673","92559","925",847
"11674","84326","843",83
"11675","09394","093",1126
"11676","84524","845",79
"11677","84571","845",79
"11678","84335","843",83
"11679","09236","092",1130
"11680","14532","145",776
"11681","94579","945",22
"11682","94261","942",27
"11683","16540","165",874
"11684","15936","159",907
"11685","15837","158",909
"11686","03253","032",905
"11687","17349","173",718
"11688","33129","331",511
"11689","65830","658",360
"11690","35580","355",574
"11691","78073","780",275
"11692","32609","326",657
"11693","27211","272",926
"11694","69254","692",179
"11695","75365","753",1121
"11696","64380","643",1035
"11697","72358","723",74
"11698","63110","631",1105
"11699","78267","782",270
"11700","78253","782",270
"11701","35305","353",578
"11702","72415","724",72
"11703","27442","274",923
"11704","28832","288",894
"11705","35260","352",580
"11706","32839","328",646
"11707","33039","330",513
"11708","70499","704",9
"11709","70435","704",9
"11710","63924","639",1151
"11711","25791","257",834
"11712","21709","217",525
"11713","72511","725",70
"11714","36318","363",559
"11715","36358","363",559
"11716","88515","885",1069
"11717","71720","717",111
"11718","72813","728",63
"11719","71563","715",118
"11720","63871","638",1156
"11721","24941","249",564
"11722","34130","341",423
"11723","01774","017",804
"11724","15732","157",912
"11725","17398","173",718
"11726","01219","012",811
"11727","01968","019",853
"11728","15517","155",913
"11729","15374","153",914
"11730","02977","029",802
"11731","02733","027",768
"11732","02956","029",803
"11733","02797","027",768
"11734","86874","868",981
"11735","99735","997",1170
"11736","96126","961",58
"11737","86842","868",981
"11738","96185","961",58
"11739","86514","865",995
"11740","21368","213",478
"11741","38557","385",613
"11742","86830","868",981
"11743","91805","918",876
"11744","96476","964",89
"11745","91469","914",893
"11746","96169","961",58
"11747","86356","863",951
"11748","86707","867",983
"11749","91801","918",877
"11750","38465","384",614
"11751","29490","294",726
"11752","38376","383",616
"11753","86444","864",948
"11754","96175","961",58
"11755","29481","294",726
"11756","38459","384",614
"11757","91186","911",898
"11758","73663","736",1039
"11759","34593","345",407
"11760","97816","978",1077
"11761","25371","253",850
"11762","88284","882",1078
"11763","25368","253",850
"11764","88212","882",1078
"11765","97785","977",1079
"11766","30952","309",597
"11767","37235","372",636
"11768","58513","585",105
"11769","79426","794",497
"11770","77977","779",390
"11771","58708","587",103
"11772","77966","779",390
"11773","48351","483",201
"11774","79348","793",501
"11775","49594","495",643
"11776","67725","677",450
"11777","26160","261",800
"11778","59510","595",221
"11779","67251","672",469
"11780","26133","261",800
"11781","76467","764",1045
"11782","67136","671",476
"11783","49152","491",654
"11784","33397","333",509
"11785","76149","761",1056
"11786","79879","798",482
"11787","55469","554",435
"11788","56579","565",350
"11789","26629","266",788
"11790","48163","481",206
"11791","44309","443",336
"11792","59387","593",223
"11793","54673","546",288
"11794","54669","546",288
"11795","54450","544",239
"11796","53909","539",331
"11797","53945","539",330
"11798","66701","667",304
"11799","47229","472",214
"11800","49847","498",638
"11801","41469","414",324
"11802","46537","465",90
"11803","41540","415",321
"11804","66806","668",300
"11805","46149","461",99
"11806","40789","407",1061
"11807","50937","509",955
"11808","50997","509",954
"11809","66649","666",249
"11810","26871","268",784
"11811","56567","565",350
"11812","66497","664",255
"11813","48341","483",199
"11814","66501","665",254
"11815","45277","452",159
"11816","53127","531",294
"11817","45770","457",144
"11818","53757","537",338
"11819","45659","456",153
"11820","44795","447",422
"11821","39435","394",706
"11822","91217","912",897
"11823","80689","806",818
"11824","85411","854",1060
"11825","39418","394",706
"11826","95494","954",154
"11827","19417","194",761
"11828","85290","852",1004
"11829","82024","820",1167
"11830","92280","922",852
"11831","95236","952",92
"11832","06406","064",687
"11833","95213","952",92
"11834","39579","395",705
"11835","84104","841",46
"11836","95152","951",93
"11837","85464","854",1060
"11838","85591","855",1057
"11839","93358","933",51
"11840","83620","836",129
"11841","19376","193",763
"11842","85614","856",1052
"11843","82398","823",17
"11844","91332","913",895
"11845","86577","865",996
"11846","82239","822",19
"11847","29485","294",726
"11848","86567","865",996
"11849","06467","064",687
"11850","86579","865",996
"11851","96352","963",56
"11852","19061","190",766
"11853","06682","066",681
"11854","06118","061",692
"11855","18258","182",698
"11856","83543","835",131
"11857","06847","068",668
"11858","95643","956",143
"11859","84428","844",81
"11860","04610","046",860
"11861","84092","840",49
"11862","84539","845",80
"11863","04416","044",864
"11864","92542","925",847
"11865","83352","833",133
"11866","83377","833",133
"11867","04821","048",858
"11868","93499","934",50
"11869","09385","093",1126
"11870","84567","845",79
"11871","94234","942",27
"11872","93480","934",50
"11873","09465","094",1123
"11874","14947","149",770
"11875","94253","942",27
"11876","94140","941",1171
"11877","94544","945",22
"11878","09569","095",1119
"11879","94269","942",27
"11880","94113","941",1175
"11881","94161","941",1175
"11882","25581","255",846
"11883","21259","212",487
"11884","74547","745",969
"11885","37186","371",637
"11886","30459","304",605
"11887","36179","361",562
"11888","25579","255",846
"11889","36145","361",561
"11890","24814","248",532
"11891","30938","309",598
"11892","24409","244",544
"11893","31180","311",662
"11894","97779","977",1079
"11895","24241","242",551
"11896","29633","296",724
"11897","37293","372",636
"11898","89177","891",332
"11899","89257","892",327
"11900","87789","877",1165
"11901","73488","734",1042
"11902","98617","986",1016
"11903","91637","916",883
"11904","31224","312",661
"11905","86519","865",992
"11906","91614","916",884
"11907","99842","998",1169
"11908","98631","986",1016
"11909","21493","214",475
"11910","38690","386",611
"11911","37445","374",634
"11912","35641","356",571
"11913","68804","688",384
"11914","61440","614",1028
"11915","32312","323",626
"11916","65936","659",353
"11917","33729","337",554
"11918","72227","722",76
"11919","33818","338",548
"11920","60435","604",61
"11921","35119","351",582
"11922","74939","749",964
"11923","78576","785",265
"11924","32457","324",625
"11925","25709","257",834
"11926","72477","724",72
"11927","34537","345",407
"11928","71282","712",124
"11929","21781","217",525
"11930","32699","326",656
"11931","74369","743",929
"11932","25779","257",834
"11933","25862","258",830
"11934","74211","742",932
"11935","21756","217",525
"11936","21727","217",525
"11937","72818","728",63
"11938","25879","258",830
"11939","63829","638",1156
"11940","72513","725",70
"11941","25788","257",834
"11942","31627","316",677
"11943","31622","316",677
"11944","31699","316",675
"11945","24852","248",531
"11946","88697","886",1064
"11947","37647","376",631
"11948","34587","345",407
"11949","88271","882",1078
"11950","73207","732",971
"11951","25376","253",850
"11952","25588","255",846
"11953","86479","864",943
"11954","96154","961",58
"11955","86738","867",982
"11956","97522","975",1090
"11957","23919","239",588
"11958","21401","214",474
"11959","86655","866",988
"11960","86517","865",989
"11961","96161","961",58
"11962","96484","964",89
"11963","38375","383",616
"11964","38387","383",616
"11965","38470","384",614
"11966","86343","863",950
"11967","86169","861",953
"11968","29496","294",726
"11969","90768","907",748
"11970","86504","865",990
"11971","91056","910",900
"11972","99094","990",1158
"11973","91353","913",895
"11974","91798","917",878
"11975","86574","865",996
"11976","91083","910",900
"11977","96271","962",57
"11978","54617","546",288
"11979","52249","522",1025
"11980","47608","476",210
"11981","54687","546",288
"11982","54457","544",240
"11983","46395","463",96
"11984","54329","543",244
"11985","50127","501",928
"11986","54292","542",248
"11987","50129","501",928
"11988","66802","668",299
"11989","54579","545",237
"11990","54344","543",246
"11991","40221","402",1012
"11992","47269","472",214
"11993","54347","543",247
"11994","48734","487",190
"11995","50999","509",954
"11996","66557","665",250
"11997","66646","666",249
"11998","51065","510",1097
"11999","45894","458",189
"12000","42551","425",281
"12001","53123","531",294
"12002","42655","426",280
"12003","79235","792",502
"12004","79361","793",501
"12005","55432","554",435
"12006","67714","677",446
"12007","56203","562",367
"12008","67688","676",451
"12009","79365","793",501
"12010","13125","131",826
"12011","01139","011",813
"12012","01920","019",853
"12013","01900","019",855
"12014","03046","030",908
"12015","02999","029",802
"12016","03053","030",908
"12017","02779","027",768
"12018","02894","028",767
"12019","56218","562",366
"12020","48268","482",205
"12021","57413","574",168
"12022","57223","572",170
"12023","65388","653",309
"12024","77855","778",392
"12025","77833","778",392
"12026","77736","777",397
"12027","77815","778",392
"12028","79774","797",488
"12029","97852","978",1077
"12030","21680","216",529
"12031","24797","247",533
"12032","73278","732",971
"12033","34212","342",421
"12034","97778","977",1079
"12035","24837","248",531
"12036","71540","715",118
"12037","36251","362",560
"12038","97753","977",1079
"12039","65199","651",311
"12040","59329","593",224
"12041","79809","798",482
"12042","49393","493",649
"12043","67158","671",476
"12044","67551","675",455
"12045","65468","654",308
"12046","66131","661",260
"12047","51519","515",1144
"12048","66459","664",255
"12049","58455","584",106
"12050","53819","538",335
"12051","56637","566",349
"12052","58339","583",107
"12053","82057","820",1167
"12054","85095","850",1011
"12055","82064","820",1167
"12056","07368","073",747
"12057","07745","077",742
"12058","92275","922",852
"12059","95447","954",154
"12060","95463","954",154
"12061","92363","923",851
"12062","95138","951",93
"12063","39218","392",710
"12064","95482","954",154
"12065","95197","951",93
"12066","85399","853",999
"12067","39240","392",710
"12068","93354","933",51
"12069","95030","950",97
"12070","06126","061",692
"12071","82436","824",13
"12072","19209","192",765
"12073","90602","906",749
"12074","96142","961",58
"12075","39619","396",704
"12076","92353","923",851
"12077","29475","294",726
"12078","76889","768",1107
"12079","79686","796",492
"12080","56457","564",352
"12081","26345","263",796
"12082","77781","777",397
"12083","59494","594",222
"12084","55286","552",441
"12085","76547","765",1044
"12086","55262","552",442
"12087","88339","883",1074
"12088","29614","296",724
"12089","24794","247",534
"12090","22559","225",393
"12091","37181","371",637
"12092","36167","361",561
"12093","21274","212",487
"12094","31199","311",662
"12095","74586","745",969
"12096","88430","884",1071
"12097","21227","212",487
"12098","89287","892",327
"12099","97340","973",1019
"12100","29339","293",727
"12101","36433","364",558
"12102","97332","973",1019
"12103","21394","213",478
"12104","87727","877",1165
"12105","29355","293",727
"12106","87770","877",1165
"12107","38229","382",617
"12108","89331","893",325
"12109","38542","385",613
"12110","87778","877",1165
"12111","86513","865",991
"12112","87772","877",1165
"12113","89353","893",325
"12114","86753","867",982
"12115","23701","237",566
"12116","86850","868",981
"12117","86872","868",981
"12118","99994","999",1168
"12119","87679","876",1166
"12120","91802","918",877
"12121","23570","235",569
"12122","86447","864",948
"12123","86508","865",997
"12124","23774","237",566
"12125","38820","388",606
"12126","34134","341",423
"12127","73266","732",971
"12128","88046","880",1084
"12129","88074","880",1084
"12130","24884","248",531
"12131","25370","253",850
"12132","24966","249",564
"12133","88149","881",1080
"12134","36166","361",561
"12135","73104","731",974
"12136","47624","476",210
"12137","54649","546",288
"12138","50189","501",928
"12139","54309","543",245
"12140","66740","667",304
"12141","54518","545",234
"12142","40474","404",1070
"12143","54528","545",234
"12144","48683","486",193
"12145","54498","544",242
"12146","66571","665",250
"12147","45896","458",189
"12148","42719","427",279
"12149","66132","661",260
"12150","79400","794",496
"12151","44289","442",339
"12152","55497","554",435
"12153","58509","585",105
"12154","51580","515",1142
"12155","56329","563",358
"12156","79189","791",506
"12157","49549","495",643
"12158","67731","677",447
"12159","67657","676",451
"12160","44229","442",339
"12161","51570","515",1142
"12162","55621","556",427
"12163","65510","655",307
"12164","55126","551",445
"12165","35753","357",570
"12166","49377","493",649
"12167","49457","494",645
"12168","33332","333",509
"12169","58285","582",112
"12170","55481","554",435
"12171","58453","584",106
"12172","51399","513",1148
"12173","56862","568",425
"12174","44879","448",416
"12175","49716","497",641
"12176","54483","544",242
"12177","53721","537",338
"12178","85447","854",1060
"12179","95185","951",93
"12180","84107","841",46
"12181","92681","926",841
"12182","95680","956",143
"12183","84435","844",81
"12184","18106","181",701
"12185","06231","062",690
"12186","84405","844",81
"12187","84066","840",49
"12188","92442","924",849
"12189","83556","835",131
"12190","06779","067",674
"12191","92439","924",849
"12192","92685","926",844
"12193","08261","082",735
"12194","84189","841",45
"12195","93192","931",53
"12196","04316","043",867
"12197","08289","082",736
"12198","18314","183",697
"12199","06905","069",664
"12200","09337","093",1126
"12201","18465","184",696
"12202","09247","092",1130
"12203","94574","945",21
"12204","84371","843",83
"12205","09669","096",1116
"12206","94209","942",27
"12207","04916","049",857
"12208","09434","094",1123
"12209","09509","095",1119
"12210","16556","165",874
"12211","16559","165",874
"12212","16562","165",874
"12213","16567","165",874
"12214","61462","614",1028
"12215","76139","761",1056
"12216","33605","336",499
"12217","27478","274",924
"12218","27753","277",919
"12219","75236","752",1124
"12220","75387","753",1121
"12221","33813","338",548
"12222","72224","722",76
"12223","75378","753",1121
"12224","75239","752",1124
"12225","32049","320",630
"12226","69488","694",176
"12227","35037","350",586
"12228","35039","350",586
"12229","61194","611",962
"12230","27252","272",926
"12231","75059","750",1131
"12232","69257","692",182
"12233","61203","612",1030
"12234","61137","611",962
"12235","25832","258",830
"12236","75428","754",1117
"12237","74343","743",929
"12238","71665","716",117
"12239","74193","741",940
"12240","28879","288",894
"12241","32694","326",656
"12242","31737","317",670
"12243","63654","636",1161
"12244","27404","274",923
"12245","25884","258",830
"12246","88634","886",1064
"12247","36326","363",559
"12248","70192","701",11
"12249","31717","317",671
"12250","37696","376",631
"12251","70599","705",8
"12252","74842","748",966
"12253","70376","703",10
"12254","74385","743",929
"12255","34560","345",407
"12256","63877","638",1156
"12257","70734","707",5
"12258","34590","345",407
"12259","36341","363",559
"12260","88090","880",1084
"12261","72532","725",70
"12262","74182","741",939
"12263","73776","737",1038
"12264","34132","341",423
"12265","72525","725",70
"12266","13059","130",833
"12267","13057","130",833
"12268","04928","049",857
"12269","01326","013",810
"12270","15344","153",914
"12271","15913","159",907
"12272","03099","030",908
"12273","03055","030",908
"12274","49406","494",645
"12275","78664","786",262
"12276","35216","352",579
"12277","32257","322",627
"12278","68239","682",395
"12279","33689","336",499
"12280","35633","356",573
"12281","78652","786",262
"12282","64625","646",1100
"12283","32120","321",629
"12284","78647","786",262
"12285","75053","750",1131
"12286","61169","611",962
"12287","76684","766",1115
"12288","61231","612",1030
"12289","35463","354",576
"12290","75447","754",1117
"12291","71116","711",126
"12292","78269","782",270
"12293","78603","786",263
"12294","25852","258",830
"12295","32805","328",646
"12296","64753","647",1099
"12297","72070","720",40
"12298","31621","316",677
"12299","72072","720",40
"12300","35329","353",578
"12301","72393","723",75
"12302","72074","720",40
"12303","63594","635",1163
"12304","31711","317",670
"12305","31608","316",677
"12306","74855","748",966
"12307","74838","748",966
"12308","70199","701",11
"12309","63820","638",1156
"12310","31632","316",677
"12311","74223","742",931
"12312","71726","717",111
"12313","21729","217",525
"12314","36355","363",559
"12315","72516","725",70
"12316","74219","742",934
"12317","71336","713",122
"12318","24869","248",531
"12319","74248","742",933
"12320","63831","638",1156
"12321","88636","886",1064
"12322","31785","317",672
"12323","74239","742",934
"12324","72534","725",70
"12325","99996","999",1168
"12326","37441","374",634
"12327","38527","385",613
"12328","98554","985",959
"12329","91623","916",887
"12330","38329","383",615
"12331","87665","876",1166
"12332","91639","916",886
"12333","86862","868",981
"12334","38325","383",615
"12335","99330","993",1149
"12336","96178","961",58
"12337","38467","384",614
"12338","90614","906",750
"12339","91183","911",898
"12340","99310","993",1149
"12341","29468","294",726
"12342","96215","962",57
"12343","06537","065",683
"12344","36119","361",561
"12345","25361","253",850
"12346","73061","730",978
"12347","34123","341",423
"12348","97773","977",1079
"12349","25587","255",846
"12350","97851","978",1077
"12351","25566","255",846
"12352","97775","977",1079
"12353","97849","978",1077
"12354","88427","884",1071
"12355","21614","216",528
"12356","73347","733",1043
"12357","73108","731",973
"12358","79739","797",489
"12359","55546","555",434
"12360","57647","576",163
"12361","67098","670",479
"12362","79256","792",502
"12363","67487","674",460
"12364","65597","655",307
"12365","33775","337",555
"12366","77794","777",397
"12367","65201","652",310
"12368","49439","494",645
"12369","79865","798",482
"12370","67167","671",476
"12371","67150","671",476
"12372","33790","337",555
"12373","55276","552",443
"12374","48147","481",206
"12375","58730","587",103
"12376","48291","482",205
"12377","49525","495",643
"12378","79283","792",502
"12379","91180","911",898
"12380","06485","064",687
"12381","38829","388",606
"12382","96187","961",58
"12383","82291","822",19
"12384","99448","994",1147
"12385","91362","913",895
"12386","23968","239",589
"12387","90518","905",755
"12388","82335","823",17
"12389","82194","821",20
"12390","37139","371",637
"12391","74427","744",970
"12392","24401","244",544
"12393","88239","882",1078
"12394","36219","362",560
"12395","21147","211",491
"12396","74595","745",969
"12397","37081","370",639
"12398","36269","362",560
"12399","88483","884",1071
"12400","24369","243",546
"12401","37083","370",639
"12402","21218","212",487
"12403","24537","245",541
"12404","89075","890",337
"12405","24640","246",536
"12406","89231","892",327
"12407","97273","972",1020
"12408","74599","745",969
"12409","37136","371",637
"12410","37308","373",635
"12411","22399","223",400
"12412","29227","292",728
"12413","24119","241",557
"12414","87763","877",1165
"12415","97505","975",1087
"12416","91541","915",890
"12417","21033","210",494
"12418","29348","293",727
"12419","87748","877",1165
"12420","89299","892",327
"12421","24149","241",557
"12422","97520","975",1085
"12423","29331","293",727
"12424","38279","382",617
"12425","97359","973",1019
"12426","37327","373",635
"12427","86488","864",943
"12428","38159","381",618
"12429","87746","877",1165
"12430","22969","229",452
"12431","21447","214",472
"12432","91589","915",889
"12433","29593","295",725
"12434","87754","877",1165
"12435","38530","385",613
"12436","91731","917",878
"12437","38312","383",615
"12438","23898","238",595
"12439","24329","243",547
"12440","86483","864",943
"12441","91413","914",893
"12442","07937","079",739
"12443","95028","950",97
"12444","95194","951",93
"12445","92665","926",841
"12446","93142","931",53
"12447","83135","831",86
"12448","83562","835",131
"12449","83071","830",87
"12450","84181","841",45
"12451","84437","844",81
"12452","92555","925",847
"12453","04205","042",868
"12454","08468","084",731
"12455","92545","925",847
"12456","83125","831",85
"12457","92709","927",838
"12458","17168","171",722
"12459","08107","081",737
"12460","14772","147",772
"12461","14641","146",774
"12462","94405","944",23
"12463","94428","944",23
"12464","08297","082",736
"12465","94553","945",21
"12466","17255","172",719
"12467","09648","096",1116
"12468","16835","168",871
"12469","09131","091",1132
"12470","04874","048",858
"12471","04741","047",859
"12472","16515","165",874
"12473","94167","941",1173
"12474","12349","123",523
"12475","41849","418",313
"12476","47546","475",212
"12477","52388","523",1023
"12478","66679","666",249
"12479","50169","501",928
"12480","46147","461",99
"12481","48703","487",191
"12482","51107","511",1096
"12483","58091","580",119
"12484","56566","565",350
"12485","44269","442",339
"12486","48496","484",197
"12487","79418","794",496
"12488","49733","497",641
"12489","53426","534",291
"12490","44869","448",416
"12491","53424","534",291
"12492","53179","531",294
"12493","26906","269",780
"12494","26844","268",784
"12495","85084","850",1009
"12496","91284","912",897
"12497","95499","954",154
"12498","92262","922",852
"12499","95352","953",156
"12500","93339","933",51
"12501","07646","076",744
"12502","39126","391",713
"12503","85662","856",1052
"12504","39249","392",710
"12505","18209","182",698
"12506","95682","956",143
"12507","92287","922",852
"12508","12353","123",523
"12509","01768","017",804
"12510","01728","017",804
"12511","16278","162",888
"12512","03103","031",906
"12513","15324","153",914
"12514","02763","027",768
"12515","02828","028",767
"12516","79100","791",506
"12517","59757","597",219
"12518","59320","593",224
"12519","67819","678",518
"12520","77960","779",390
"12521","59759","597",219
"12522","49434","494",645
"12523","49074","490",658
"12524","26203","262",798
"12525","47533","475",212
"12526","41844","418",313
"12527","52441","524",1095
"12528","47906","479",207
"12529","47918","479",207
"12530","66693","666",249
"12531","47803","478",208
"12532","41464","414",324
"12533","47178","471",215
"12534","54523","545",234
"12535","40882","408",1059
"12536","40625","406",1062
"12537","48455","484",197
"12538","53177","531",294
"12539","26506","265",789
"12540","45699","456",153
"12541","53840","538",334
"12542","26529","265",789
"12543","48727","487",191
"12544","55491","554",435
"12545","26826","268",784
"12546","56645","566",349
"12547","56626","566",349
"12548","59399","593",223
"12549","56589","565",350
"12550","66907","669",297
"12551","79367","793",501
"12552","79594","795",495
"12553","67701","677",447
"12554","56249","562",368
"12555","77963","779",390
"12556","56422","564",351
"12557","58840","588",101
"12558","04910","049",857
"12559","15738","157",912
"12560","15746","157",912
"12561","01169","011",813
"12562","01159","011",813
"12563","94089","940",1179
"12564","01731","017",804
"12565","15370","153",914
"12566","15562","155",913
"12567","01259","012",811
"12568","01324","013",810
"12569","17424","174",716
"12570","81249","812",44
"12571","29478","294",726
"12572","81245","812",44
"12573","07768","077",741
"12574","91230","912",897
"12575","23974","239",589
"12576","95361","953",156
"12577","95445","954",154
"12578","85778","857",1051
"12579","85283","852",1004
"12580","92355","923",851
"12581","85748","857",1049
"12582","06425","064",687
"12583","06246","062",690
"12584","85405","854",1060
"12585","85467","854",1060
"12586","95237","952",92
"12587","92269","922",852
"12588","84434","844",81
"12589","92449","924",849
"12590","95676","956",143
"12591","08543","085",730
"12592","07987","079",739
"12593","93095","930",28
"12594","93092","930",28
"12595","84149","841",45
"12596","14828","148",771
"12597","14793","147",772
"12598","04565","045",862
"12599","84164","841",45
"12600","04289","042",868
"12601","18334","183",697
"12602","04329","043",867
"12603","04683","046",861
"12604","83349","833",133
"12605","16837","168",871
"12606","83373","833",133
"12607","17252","172",719
"12608","09243","092",1130
"12609","94371","943",26
"12610","09399","093",1126
"12611","09217","092",1130
"12612","84489","844",82
"12613","84337","843",83
"12614","09228","092",1130
"12615","94526","945",21
"12616","04774","047",859
"12617","94577","945",22
"12618","09405","094",1123
"12619","18435","184",696
"12620","94086","940",1176
"12621","17279","172",721
"12622","13469","134",822
"12623","16552","165",874
"12624","12307","123",523
"12625","73116","731",974
"12626","24358","243",546
"12627","89616","896",315
"12628","88456","884",1071
"12629","24972","249",564
"12630","97950","979",1072
"12631","24340","243",546
"12632","73557","735",1041
"12633","21129","211",491
"12634","24402","244",544
"12635","97762","977",1079
"12636","37079","370",639
"12637","97249","972",1020
"12638","36163","361",561
"12639","74575","745",969
"12640","73574","735",1041
"12641","97209","972",1020
"12642","24631","246",538
"12643","24251","242",552
"12644","29229","292",728
"12645","24161","241",557
"12646","89291","892",327
"12647","97724","977",1079
"12648","24147","241",557
"12649","97424","974",1018
"12650","97334","973",1019
"12651","91607","916",883
"12652","97517","975",1088
"12653","29359","293",727
"12654","99988","999",1168
"12655","87760","877",1165
"12656","97526","975",1086
"12657","73495","734",1042
"12658","24306","243",547
"12659","21339","213",478
"12660","38543","385",613
"12661","87671","876",1166
"12662","29367","293",727
"12663","38239","382",617
"12664","89426","894",323
"12665","91611","916",883
"12666","97437","974",1018
"12667","21403","214",471
"12668","29549","295",725
"12669","78655","786",262
"12670","65812","658",361
"12671","35586","355",574
"12672","78176","781",273
"12673","78658","786",262
"12674","79807","798",484
"12675","64665","646",1100
"12676","68542","685",389
"12677","76709","767",1114
"12678","69514","695",173
"12679","78661","786",262
"12680","25881","258",830
"12681","69121","691",187
"12682","78594","785",265
"12683","61184","611",962
"12684","64397","643",1035
"12685","60386","603",62
"12686","27729","277",920
"12687","75038","750",1131
"12688","64405","644",1032
"12689","35110","351",583
"12690","63456","634",1164
"12691","27305","273",925
"12692","63486","634",1164
"12693","28307","283",901
"12694","74934","749",964
"12695","25719","257",834
"12696","33014","330",513
"12697","63683","636",1161
"12698","64750","647",1099
"12699","31715","317",671
"12700","63937","639",1152
"12701","74366","743",929
"12702","31688","316",675
"12703","31840","318",665
"12704","70794","707",4
"12705","74177","741",941
"12706","63840","638",1156
"12707","31626","316",677
"12708","34396","343",412
"12709","63633","636",1161
"12710","31860","318",665
"12711","25596","255",846
"12712","74255","742",934
"12713","34633","346",406
"12714","31542","315",678
"12715","74740","747",967
"12716","72584","725",70
"12717","21683","216",529
"12718","73249","732",971
"12719","29693","296",724
"12720","30890","308",600
"12721","27419","274",923
"12722","97836","978",1077
"12723","85132","851",1005
"12724","91795","917",879
"12725","06567","065",683
"12726","82299","822",19
"12727","96257","962",57
"12728","99625","996",1141
"12729","39164","391",713
"12730","82205","822",19
"12731","90610","906",751
"12732","85110","851",1005
"12733","82275","822",19
"12734","07330","073",747
"12735","06469","064",687
"12736","92334","923",851
"12737","86736","867",982
"12738","29575","295",725
"12739","97483","974",1018
"12740","21354","213",478
"12741","23558","235",569
"12742","29584","295",725
"12743","91590","915",889
"12744","86486","864",943
"12745","86869","868",981
"12746","96184","961",58
"12747","96194","961",58
"12748","29413","294",726
"12749","86859","868",981
"12750","90556","905",756
"12751","38474","384",614
"12752","86511","865",990
"12753","29410","294",726
"12754","86643","866",988
"12755","91807","918",875
"12756","96123","961",58
"12757","86554","865",996
"12758","86666","866",988
"12759","90431","904",760
"12760","91330","913",895
"12761","86551","865",996
"12762","91094","910",900
"12763","65594","655",307
"12764","49176","491",654
"12765","57392","573",169
"12766","55239","552",439
"12767","76877","768",1109
"12768","67590","675",455
"12769","67229","672",469
"12770","26135","261",800
"12771","79848","798",482
"12772","67363","673",463
"12773","67126","671",476
"12774","79843","798",482
"12775","27798","277",919
"12776","76777","767",1111
"12777","67227","672",469
"12778","67374","673",463
"12779","76344","763",1047
"12780","61479","614",1028
"12781","67354","673",463
"12782","74749","747",967
"12783","71573","715",118
"12784","73269","732",971
"12785","24890","248",531
"12786","88525","885",1068
"12787","34320","343",414
"12788","73349","733",1043
"12789","21643","216",528
"12790","24809","248",531
"12791","36211","362",560
"12792","94116","941",1175
"12793","01640","016",806
"12794","94151","941",1175
"12795","94107","941",1175
"12796","01734","017",804
"12797","17335","173",718
"12798","17309","173",718
"12799","17459","174",716
"12800","01477","014",809
"12801","33428","334",505
"12802","76530","765",1044
"12803","26125","261",800
"12804","25946","259",827
"12805","76187","761",1056
"12806","72275","722",76
"12807","78126","781",273
"12808","67346","673",463
"12809","76661","766",1115
"12810","77731","777",397
"12811","79211","792",502
"12812","67691","676",451
"12813","55218","552",442
"12814","48361","483",202
"12815","01917","019",853
"12816","17329","173",718
"12817","03048","030",908
"12818","03052","030",908
"12819","02829","028",767
"12820","85305","853",1000
"12821","82166","821",20
"12822","19063","190",766
"12823","39171","391",713
"12824","99518","995",1145
"12825","06317","063",688
"12826","80939","809",814
"12827","85354","853",999
"12828","06618","066",681
"12829","93309","933",51
"12830","92277","922",852
"12831","92366","923",851
"12832","85586","855",1057
"12833","85560","855",1057
"12834","59348","593",223
"12835","48366","483",199
"12836","66901","669",297
"12837","48485","484",197
"12838","56299","562",365
"12839","58454","584",106
"12840","45279","452",159
"12841","49835","498",638
"12842","56856","568",425
"12843","66885","668",302
"12844","48308","483",199
"12845","79588","795",495
"12846","55569","555",433
"12847","90562","905",758
"12848","29462","294",726
"12849","99098","990",1158
"12850","96167","961",58
"12851","96224","962",57
"12852","90592","905",755
"12853","86564","865",996
"12854","82541","825",12
"12855","84101","841",46
"12856","06217","062",690
"12857","16949","169",869
"12858","95632","956",143
"12859","84095","840",47
"12860","92708","927",835
"12861","39539","395",705
"12862","07973","079",739
"12863","84432","844",81
"12864","92536","925",847
"12865","04420","044",865
"12866","18292","182",698
"12867","93087","930",28
"12868","93101","931",54
"12869","94348","943",26
"12870","84163","841",45
"12871","94344","943",26
"12872","08371","083",733
"12873","04567","045",862
"12874","93464","934",50
"12875","04651","046",861
"12876","04828","048",858
"12877","04687","046",861
"12878","84333","843",83
"12879","14669","146",774
"12880","94267","942",27
"12881","06925","069",664
"12882","83410","834",132
"12883","16775","167",873
"12884","94557","945",21
"12885","04758","047",859
"12886","17034","170",723
"12887","13159","131",826
"12888","18551","185",695
"12889","35614","356",571
"12890","68307","683",394
"12891","26919","269",781
"12892","68169","681",401
"12893","65835","658",361
"12894","35510","355",575
"12895","32339","323",626
"12896","72172","721",33
"12897","64673","646",1100
"12898","32278","322",627
"12899","69221","692",184
"12900","75180","751",1128
"12901","69242","692",179
"12902","28259","282",903
"12903","75248","752",1124
"12904","72355","723",74
"12905","28857","288",894
"12906","75382","753",1121
"12907","69245","692",182
"12908","64407","644",1032
"12909","32425","324",625
"12910","35288","352",580
"12911","63667","636",1161
"12912","25856","258",830
"12913","75050","750",1131
"12914","31592","315",679
"12915","63543","635",1163
"12916","74912","749",964
"12917","72076","720",40
"12918","34471","344",409
"12919","63853","638",1156
"12920","74078","740",942
"12921","63785","637",1159
"12922","88639","886",1064
"12923","74206","742",936
"12924","74348","743",929
"12925","72827","728",65
"12926","25712","257",834
"12927","74172","741",941
"12928","74074","740",942
"12929","31553","315",678
"12930","74743","747",967
"12931","25584","255",846
"12932","72660","726",67
"12933","21522","215",465
"12934","99894","998",1169
"12935","86877","868",981
"12936","98646","986",1016
"12937","89434","894",323
"12938","38442","384",614
"12939","96176","961",58
"12940","23758","237",566
"12941","29571","295",725
"12942","23923","239",589
"12943","86663","866",988
"12944","91350","913",895
"12945","99189","991",1154
"12946","86940","869",980
"12947","96146","961",58
"12948","23779","237",566
"12949","23936","239",589
"12950","90427","904",760
"12951","29487","294",726
"12952","79576","795",495
"12953","66969","669",298
"12954","56112","561",381
"12955","26849","268",784
"12956","48165","481",206
"12957","56077","560",385
"12958","59427","594",222
"12959","55590","555",433
"12960","79410","794",496
"12961","56204","562",367
"12962","58802","588",101
"12963","79279","792",502
"12964","73114","731",975
"12965","30880","308",599
"12966","37284","372",636
"12967","89134","891",332
"12968","73340","733",1043
"12969","24351","243",546
"12970","88480","884",1071
"12971","37176","371",637
"12972","24558","245",540
"12973","89174","891",332
"12974","89171","891",332
"12975","89551","895",320
"12976","23826","238",591
"12977","91616","916",883
"12978","38685","386",610
"12979","91593","915",892
"12980","89441","894",323
"12981","97511","975",1089
"12982","89355","893",325
"12983","52068","520",1027
"12984","52080","520",1027
"12985","54611","546",290
"12986","47807","478",208
"12987","40667","406",1063
"12988","53902","539",330
"12989","46354","463",95
"12990","49849","498",638
"12991","50935","509",955
"12992","53359","533",292
"12993","46240","462",98
"12994","45964","459",188
"12995","51381","513",1148
"12996","56841","568",424
"12997","74214","742",934
"12998","24873","248",531
"12999","25578","255",846
"13000","37640","376",631
"13001","37620","376",631
"13002","89611","896",316
"13003","73110","731",972
"13004","89150","891",332
"13005","36088","360",563
"13006","73098","730",978
"13007","47551","475",212
"13008","52477","524",1095
"13009","52382","523",1023
"13010","47506","475",211
"13011","54647","546",288
"13012","54316","543",244
"13013","50259","502",961
"13014","45475","454",157
"13015","50739","507",957
"13016","66636","666",249
"13017","56825","568",425
"13018","53125","531",294
"13019","48720","487",191
"13020","35759","357",570
"13021","76437","764",1045
"13022","49143","491",654
"13023","79790","797",488
"13024","55252","552",444
"13025","76764","767",1111
"13026","76189","761",1056
"13027","67577","675",455
"13028","26936","269",781
"13029","67365","673",463
"13030","59557","595",221
"13031","27801","278",916
"13032","59602","596",220
"13033","67117","671",476
"13034","55596","555",433
"13035","67732","677",447
"13036","56349","563",357
"13037","67697","676",451
"13038","49497","494",644
"13039","49536","495",643
"13040","67728","677",450
"13041","59469","594",222
"13042","65582","655",307
"13043","65626","656",375
"13044","59519","595",221
"13045","59823","598",218
"13046","67308","673",464
"13047","77787","777",397
"13048","67157","671",476
"13049","26903","269",779
"13050","66504","665",252
"13051","56323","563",354
"13052","58515","585",105
"13053","48159","481",206
"13054","56743","567",346
"13055","55776","557",514
"13056","56751","567",346
"13057","24783","247",534
"13058","73054","730",978
"13059","73113","731",977
"13060","36277","362",560
"13061","37120","371",637
"13062","30629","306",602
"13063","29649","296",724
"13064","88260","882",1078
"13065","31137","311",662
"13066","24399","243",546
"13067","37075","370",639
"13068","73434","734",1042
"13069","97647","976",1082
"13070","23812","238",591
"13071","73433","734",1042
"13072","97534","975",1085
"13073","89520","895",320
"13074","87779","877",1165
"13075","87752","877",1165
"13076","89567","895",320
"13077","89428","894",323
"13078","24638","246",539
"13079","98639","986",1016
"13080","89358","893",325
"13081","24238","242",550
"13082","86735","867",982
"13083","96160","961",58
"13084","89365","893",325
"13085","87742","877",1165
"13086","91463","914",893
"13087","38114","381",618
"13088","32361","323",626
"13089","33154","331",511
"13090","64683","646",1100
"13091","78662","786",262
"13092","75196","751",1129
"13093","75045","750",1131
"13094","33161","331",511
"13095","69469","694",176
"13096","27616","276",921
"13097","60594","605",60
"13098","61118","611",962
"13099","33175","331",511
"13100","61206","612",1031
"13101","27245","272",926
"13102","63150","631",1105
"13103","32429","324",625
"13104","32547","325",624
"13105","64853","648",1098
"13106","31595","315",679
"13107","25774","257",834
"13108","71106","711",126
"13109","28325","283",901
"13110","21785","217",525
"13111","27412","274",923
"13112","71739","717",110
"13113","74252","742",935
"13114","35279","352",580
"13115","63679","636",1161
"13116","25866","258",830
"13117","31719","317",671
"13118","25785","257",834
"13119","70806","708",3
"13120","63768","637",1160
"13121","71640","716",116
"13122","71332","713",122
"13123","31867","318",665
"13124","74736","747",967
"13125","73230","732",971
"13126","91459","914",893
"13127","91622","916",883
"13128","38162","381",618
"13129","38319","383",615
"13130","38165","381",618
"13131","29389","293",727
"13132","91737","917",878
"13133","91586","915",889
"13134","86685","866",988
"13135","96188","961",58
"13136","86485","864",948
"13137","99100","991",1154
"13138","86925","869",980
"13139","96190","961",58
"13140","86507","865",989
"13141","86179","861",953
"13142","91336","913",895
"13143","24867","248",531
"13144","73262","732",971
"13145","36364","363",559
"13146","34327","343",414
"13147","24819","248",531
"13148","73101","731",972
"13149","21646","216",528
"13150","73087","730",978
"13151","34286","342",421
"13152","97854","978",1077
"13153","25336","253",850
"13154","97959","979",1072
"13155","92348","923",851
"13156","85077","850",1009
"13157","85391","853",1001
"13158","85386","853",999
"13159","06638","066",682
"13160","95233","952",92
"13161","85579","855",1058
"13162","85414","854",1060
"13163","92237","922",852
"13164","06198","061",692
"13165","84091","840",49
"13166","85368","853",1003
"13167","92286","922",852
"13168","39590","395",705
"13169","93161","931",53
"13170","06258","062",690
"13171","83075","830",87
"13172","85659","856",1055
"13173","84098","840",49
"13174","83558","835",131
"13175","83527","835",131
"13176","83131","831",84
"13177","14728","147",773
"13178","04639","046",860
"13179","08115","081",737
"13180","04347","043",867
"13181","04299","042",868
"13182","08147","081",737
"13183","14797","147",772
"13184","92557","925",847
"13185","84550","845",79
"13186","08315","083",732
"13187","09224","092",1130
"13188","83413","834",132
"13189","93476","934",50
"13190","94447","944",23
"13191","94486","944",23
"13192","17109","171",722
"13193","18516","185",694
"13194","94501","945",22
"13195","94551","945",22
"13196","94137","941",1171
"13197","09514","095",1119
"13198","18574","185",695
"13199","09618","096",1116
"13200","94169","941",1175
"13201","17036","170",723
"13202","94481","944",25
"13203","99099","990",1158
"13204","86495","864",946
"13205","86701","867",984
"13206","19075","190",766
"13207","91355","913",895
"13208","95359","953",156
"13209","06571","065",683
"13210","82110","821",20
"13211","29491","294",726
"13212","91242","912",897
"13213","01833","018",856
"13214","01906","019",853
"13215","03149","031",906
"13216","02727","027",768
"13217","94121","941",1175
"13218","03238","032",905
"13219","01468","014",809
"13220","17389","173",718
"13221","01945","019",853
"13222","49844","498",638
"13223","49832","498",638
"13224","95100","951",93
"13225","06686","066",681
"13226","83109","831",86
"13227","95186","951",93
"13228","92703","927",837
"13229","84088","840",49
"13230","83115","831",84
"13231","06766","067",674
"13232","18184","181",699
"13233","84419","844",81
"13234","92436","924",849
"13235","04442","044",864
"13236","06774","067",674
"13237","84109","841",45
"13238","84573","845",80
"13239","08066","080",738
"13240","84177","841",45
"13241","14823","148",771
"13242","94363","943",26
"13243","04680","046",861
"13244","09353","093",1126
"13245","16816","168",871
"13246","16831","168",871
"13247","94374","943",26
"13248","94505","945",21
"13249","09235","092",1130
"13250","93458","934",50
"13251","94533","945",21
"13252","17217","172",720
"13253","14612","146",774
"13254","18556","185",695
"13255","94081","940",1176
"13256","15938","159",907
"13257","12529","125",521
"13258","95326","953",156
"13259","85221","852",1004
"13260","95512","955",147
"13261","92367","923",851
"13262","93336","933",51
"13263","07743","077",742
"13264","95448","954",154
"13265","39221","392",710
"13266","19374","193",763
"13267","84048","840",49
"13268","18225","182",698
"13269","92249","922",852
"13270","85665","856",1052
"13271","85419","854",1060
"13272","85435","854",1060
"13273","86570","865",996
"13274","86529","865",996
"13275","82343","823",17
"13276","85051","850",1009
"13277","25938","259",828
"13278","68642","686",388
"13279","78086","780",275
"13280","49453","494",645
"13281","61273","612",1030
"13282","75389","753",1121
"13283","72160","721",33
"13284","65934","659",353
"13285","33719","337",554
"13286","60489","604",61
"13287","35094","350",586
"13288","27619","276",921
"13289","60437","604",61
"13290","69198","691",187
"13291","69168","691",186
"13292","27721","277",920
"13293","75056","750",1131
"13294","71120","711",126
"13295","35114","351",583
"13296","64760","647",1099
"13297","78256","782",270
"13298","32423","324",625
"13299","74921","749",964
"13300","71034","710",78
"13301","71093","710",78
"13302","31691","316",675
"13303","63699","636",1161
"13304","72124","721",36
"13305","31749","317",670
"13306","27324","273",925
"13307","88630","886",1064
"13308","74722","747",967
"13309","34379","343",412
"13310","34388","343",412
"13311","25786","257",834
"13312","63637","636",1161
"13313","74746","747",967
"13314","36093","360",563
"13315","73079","730",978
"13316","21629","216",528
"13317","97267","972",1020
"13318","74429","744",970
"13319","25499","254",848
"13320","97204","972",1020
"13321","97262","972",1020
"13322","97502","975",1087
"13323","73432","734",1042
"13324","91625","916",883
"13325","22885","228",456
"13326","24148","241",557
"13327","87730","877",1165
"13328","87463","874",1136
"13329","23867","238",591
"13330","23795","237",565
"13331","38176","381",618
"13332","38539","385",613
"13333","91613","916",883
"13334","97499","974",1018
"13335","29369","293",727
"13336","89435","894",323
"13337","99759","997",1170
"13338","91725","917",878
"13339","86871","868",981
"13340","38550","385",613
"13341","23556","235",569
"13342","86733","867",982
"13343","91462","914",893
"13344","96191","961",58
"13345","29597","295",725
"13346","29499","294",726
"13347","19260","192",765
"13348","86943","869",980
"13349","86316","863",952
"13350","38486","384",614
"13351","82272","822",19
"13352","01689","016",806
"13353","16356","163",880
"13354","15745","157",912
"13355","16225","162",888
"13356","01189","011",812
"13357","15528","155",913
"13358","01825","018",856
"13359","01819","018",856
"13360","34277","342",419
"13361","88527","885",1068
"13362","25489","254",848
"13363","34346","343",412
"13364","97941","979",1072
"13365","37635","376",631
"13366","29643","296",724
"13367","88287","882",1078
"13368","88131","881",1080
"13369","15306","153",914
"13370","02625","026",769
"13371","15295","152",915
"13372","02791","027",768
"13373","41169","411",285
"13374","54439","544",240
"13375","47877","478",208
"13376","46399","463",96
"13377","54308","543",244
"13378","54427","544",241
"13379","50769","507",957
"13380","66839","668",301
"13381","45481","454",157
"13382","40627","406",1062
"13383","54349","543",247
"13384","46286","462",98
"13385","45966","459",188
"13386","45149","451",160
"13387","51377","513",1148
"13388","45899","458",189
"13389","44225","442",339
"13390","48161","481",206
"13391","58579","585",105
"13392","26434","264",792
"13393","49610","496",642
"13394","49078","490",658
"13395","49596","495",643
"13396","48336","483",202
"13397","55435","554",436
"13398","65347","653",309
"13399","79725","797",488
"13400","56182","561",382
"13401","56322","563",354
"13402","26670","266",788
"13403","59077","590",227
"13404","79238","792",502
"13405","49586","495",643
"13406","56377","563",354
"13407","55624","556",430
"13408","44894","448",417
"13409","53804","538",335
"13410","56295","562",365
"13411","58313","583",109
"13412","53577","535",345
"13413","55619","556",429
"13414","45276","452",159
"13415","51145","511",1096
"13416","66606","666",249
"13417","66564","665",250
"13418","56812","568",425
"13419","42279","422",232
"13420","48488","484",197
"13421","42897","428",274
"13422","65614","656",377
"13423","59505","595",221
"13424","55122","551",445
"13425","26939","269",781
"13426","95145","951",93
"13427","08538","085",730
"13428","92700","927",835
"13429","19386","193",763
"13430","93352","933",51
"13431","18109","181",701
"13432","95199","951",93
"13433","84061","840",49
"13434","08529","085",730
"13435","93096","930",28
"13436","93093","930",28
"13437","08645","086",729
"13438","08428","084",731
"13439","92648","926",843
"13440","93104","931",55
"13441","08496","084",731
"13442","84152","841",45
"13443","84562","845",80
"13444","08134","081",737
"13445","84577","845",79
"13446","09356","093",1126
"13447","94372","943",26
"13448","84552","845",79
"13449","94366","943",26
"13450","04889","048",858
"13451","84378","843",83
"13452","83416","834",132
"13453","04746","047",859
"13454","14621","146",774
"13455","09488","094",1123
"13456","94166","941",1171
"13457","04749","047",859
"13458","17089","170",723
"13459","17033","170",723
"13460","94072","940",1176
"13461","09634","096",1116
"13462","01665","016",806
"13463","91238","912",897
"13464","92339","923",851
"13465","82061","820",1167
"13466","82049","820",1167
"13467","81379","813",43
"13468","07366","073",747
"13469","95356","953",156
"13470","93349","933",51
"13471","95502","955",148
"13472","06636","066",682
"13473","95509","955",148
"13474","85649","856",1052
"13475","83627","836",129
"13476","95519","955",149
"13477","18236","182",698
"13478","06193","061",692
"13479","07927","079",739
"13480","06255","062",690
"13481","93326","933",51
"13482","07639","076",744
"13483","07586","075",745
"13484","83052","830",87
"13485","17291","172",721
"13486","15711","157",912
"13487","01217","012",811
"13488","01458","014",809
"13489","15864","158",910
"13490","17326","173",718
"13491","02742","027",768
"13492","55494","554",435
"13493","67748","677",449
"13494","79346","793",501
"13495","79112","791",506
"13496","67699","676",451
"13497","59067","590",227
"13498","77955","779",390
"13499","79276","792",502
"13500","41179","411",285
"13501","66706","667",305
"13502","47661","476",210
"13503","50181","501",928
"13504","46487","464",94
"13505","52391","523",1023
"13506","41569","415",321
"13507","48691","486",193
"13508","66809","668",301
"13509","54534","545",234
"13510","50859","508",956
"13511","50858","508",956
"13512","40595","405",1066
"13513","46284","462",98
"13514","42699","426",280
"13515","66121","661",260
"13516","56746","567",348
"13517","53343","533",292
"13518","51688","516",1140
"13519","56588","565",350
"13520","66892","668",303
"13521","26607","266",788
"13522","53842","538",334
"13523","55768","557",514
"13524","42369","423",230
"13525","45657","456",153
"13526","45739","457",144
"13527","49770","497",641
"13528","39359","393",708
"13529","86919","869",980
"13530","82407","824",16
"13531","96515","965",88
"13532","38828","388",606
"13533","96524","965",88
"13534","90542","905",758
"13535","86571","865",996
"13536","86561","865",996
"13537","85117","851",1005
"13538","91286","912",897
"13539","79802","798",485
"13540","64579","645",1101
"13541","27572","275",922
"13542","34508","345",408
"13543","68526","685",389
"13544","78609","786",262
"13545","69502","695",173
"13546","69190","691",186
"13547","63329","633",1103
"13548","27751","277",919
"13549","75228","752",1124
"13550","64287","642",1037
"13551","78549","785",265
"13552","32105","321",628
"13553","21765","217",525
"13554","75057","750",1131
"13555","71134","711",126
"13556","75395","753",1121
"13557","72149","721",34
"13558","27432","274",923
"13559","25813","258",830
"13560","74363","743",929
"13561","70839","708",1
"13562","63814","638",1157
"13563","27446","274",923
"13564","74226","742",932
"13565","31707","317",670
"13566","71144","711",127
"13567","25876","258",830
"13568","34311","343",410
"13569","72667","726",67
"13570","63933","639",1151
"13571","31702","317",671
"13572","72800","728",63
"13573","72585","725",70
"13574","63872","638",1156
"13575","63846","638",1156
"13576","72661","726",67
"13577","34281","342",419
"13578","72581","725",70
"13579","24863","248",531
"13580","71570","715",118
"13581","97834","978",1077
"13582","21647","216",528
"13583","36282","362",560
"13584","24790","247",534
"13585","97780","977",1079
"13586","97776","977",1079
"13587","24796","247",534
"13588","24632","246",536
"13589","21256","212",487
"13590","74572","745",969
"13591","36169","361",561
"13592","97450","974",1018
"13593","29352","293",727
"13594","97659","976",1082
"13595","73463","734",1042
"13596","91608","916",883
"13597","73441","734",1042
"13598","21358","213",478
"13599","91596","915",889
"13600","21481","214",475
"13601","29525","295",725
"13602","86473","864",943
"13603","29399","293",727
"13604","38835","388",606
"13605","29591","295",725
"13606","23611","236",568
"13607","86199","861",953
"13608","86944","869",980
"13609","90513","905",756
"13610","99091","990",1158
"13611","99631","996",1141
"13612","39356","393",708
"13613","07426","074",746
"13614","99096","990",1158
"13615","67280","672",469
"13616","77886","778",392
"13617","77728","777",397
"13618","49214","492",651
"13619","76767","767",1111
"13620","67361","673",463
"13621","76461","764",1045
"13622","33449","334",503
"13623","67125","671",476
"13624","32351","323",626
"13625","25996","259",829
"13626","67376","673",463
"13627","79780","797",488
"13628","25999","259",829
"13629","67547","675",455
"13630","65439","654",308
"13631","64560","645",1101
"13632","67063","670",480
"13633","77948","779",390
"13634","56414","564",352
"13635","55597","555",434
"13636","79252","792",502
"13637","26452","264",792
"13638","65399","653",309
"13639","49086","490",658
"13640","36381","363",559
"13641","72587","725",70
"13642","73614","736",1039
"13643","25358","253",850
"13644","73275","732",971
"13645","21640","216",528
"13646","73660","736",1039
"13647","73655","736",1039
"13648","73099","730",979
"13649","37633","376",631
"13650","29699","296",724
"13651","24891","248",531
"13652","21255","212",487
"13653","24808","248",531
"13654","92263","922",852
"13655","39261","392",711
"13656","07549","075",745
"13657","08525","085",730
"13658","92706","927",835
"13659","84186","841",45
"13660","18146","181",701
"13661","93149","931",53
"13662","93073","930",28
"13663","84144","841",45
"13664","08499","084",731
"13665","08223","082",735
"13666","84100","841",45
"13667","95671","956",143
"13668","84183","841",45
"13669","04600","046",860
"13670","94369","943",26
"13671","94339","943",26
"13672","83342","833",133
"13673","83339","833",133
"13674","93489","934",50
"13675","17139","171",722
"13676","94360","943",26
"13677","08280","082",736
"13678","94569","945",21
"13679","94554","945",21
"13680","09477","094",1123
"13681","14943","149",770
"13682","13591","135",820
"13683","01683","016",806
"13684","09629","096",1116
"13685","61250","612",1030
"13686","76228","762",1048
"13687","76229","762",1048
"13688","33613","336",499
"13689","64653","646",1100
"13690","28816","288",894
"13691","35112","351",581
"13692","35066","350",587
"13693","72184","721",33
"13694","75249","752",1124
"13695","25882","258",830
"13696","78259","782",270
"13697","69483","694",178
"13698","74933","749",964
"13699","35325","353",578
"13700","78343","783",267
"13701","74389","743",929
"13702","25693","256",845
"13703","88605","886",1064
"13704","21730","217",525
"13705","72147","721",35
"13706","31619","316",677
"13707","72127","721",36
"13708","31708","317",670
"13709","31693","316",675
"13710","25878","258",830
"13711","34599","345",407
"13712","70619","706",7
"13713","74360","743",929
"13714","21712","217",525
"13715","74861","748",966
"13716","63599","635",1163
"13717","25594","255",846
"13718","73732","737",1038
"13719","72669","726",67
"13720","88677","886",1064
"13721","71384","713",122
"13722","71404","714",121
"13723","37697","376",631
"13724","88289","882",1078
"13725","31073","310",663
"13726","97237","972",1020
"13727","24360","243",546
"13728","97261","972",1020
"13729","73486","734",1042
"13730","97222","972",1020
"13731","97285","972",1020
"13732","89185","891",332
"13733","97078","970",1024
"13734","99837","998",1169
"13735","97076","970",1024
"13736","89183","891",332
"13737","97230","972",1020
"13738","89269","892",327
"13739","97729","977",1079
"13740","21388","213",478
"13741","91587","915",891
"13742","89284","892",327
"13743","37339","373",635
"13744","97346","973",1019
"13745","87755","877",1165
"13746","97447","974",1018
"13747","22965","229",453
"13748","87776","877",1165
"13749","97488","974",1018
"13750","97503","975",1085
"13751","91598","915",889
"13752","87769","877",1165
"13753","29393","293",727
"13754","21483","214",475
"13755","91572","915",889
"13756","97528","975",1093
"13757","98553","985",959
"13758","87656","876",1166
"13759","96193","961",58
"13760","23562","235",569
"13761","86709","867",987
"13762","23683","236",568
"13763","96120","961",58
"13764","96135","961",58
"13765","96103","961",58
"13766","90587","905",756
"13767","96274","962",57
"13768","86978","869",980
"13769","23942","239",589
"13770","38379","383",616
"13771","90547","905",756
"13772","86438","864",945
"13773","86935","869",980
"13774","99195","991",1154
"13775","82297","822",19
"13776","86922","869",980
"13777","41749","417",314
"13778","41065","410",286
"13779","41363","413",282
"13780","47802","478",208
"13781","54585","545",235
"13782","47809","478",208
"13783","54343","543",245
"13784","54341","543",245
"13785","54524","545",234
"13786","42697","426",280
"13787","51061","510",1097
"13788","48527","485",196
"13789","53508","535",343
"13790","26736","267",786
"13791","51109","511",1096
"13792","34246","342",420
"13793","24944","249",564
"13794","24975","249",564
"13795","74535","745",969
"13796","25593","255",846
"13797","97737","977",1079
"13798","97944","979",1072
"13799","74420","744",970
"13800","37216","372",636
"13801","95488","954",154
"13802","19300","193",762
"13803","81241","812",44
"13804","39326","393",708
"13805","95131","951",93
"13806","19089","190",766
"13807","81549","815",41
"13808","06628","066",681
"13809","83607","836",129
"13810","85774","857",1049
"13811","81739","817",32
"13812","92655","926",841
"13813","06249","062",690
"13814","93176","931",53
"13815","92284","922",852
"13816","85604","856",1052
"13817","39596","395",705
"13818","57635","576",161
"13819","44263","442",339
"13820","49774","497",641
"13821","66919","669",296
"13822","79350","793",501
"13823","67814","678",518
"13824","77836","778",392
"13825","67297","672",470
"13826","65623","656",373
"13827","65345","653",309
"13828","58540","585",105
"13829","79295","792",502
"13830","77975","779",390
"13831","79232","792",502
"13832","59065","590",227
"13833","57482","574",168
"13834","65552","655",307
"13835","55291","552",441
"13836","67574","675",455
"13837","65529","655",307
"13838","67240","672",469
"13839","76351","763",1047
"13840","48465","484",197
"13841","42111","421",233
"13842","66540","665",250
"13843","26907","269",780
"13844","53639","536",341
"13845","56821","568",425
"13846","53579","535",345
"13847","58256","582",112
"13848","55756","557",515
"13849","96465","964",89
"13850","82266","822",19
"13851","82281","822",19
"13852","07427","074",746
"13853","06463","064",687
"13854","06449","064",687
"13855","09544","095",1119
"13856","18586","185",695
"13857","01471","014",809
"13858","17379","173",718
"13859","01109","011",813
"13860","01239","012",811
"13861","01993","019",853
"13862","01816","018",856
"13863","17373","173",718
"13864","01824","018",856
"13865","03096","030",908
"13866","03119","031",906
"13867","02699","026",769
"13868","16307","163",881
"13869","02747","027",768
"13870","47509","475",211
"13871","54589","545",235
"13872","54655","546",288
"13873","47447","474",213
"13874","40699","406",1062
"13875","46282","462",98
"13876","45359","453",158
"13877","51371","513",1148
"13878","54497","544",242
"13879","51103","511",1096
"13880","66129","661",260
"13881","45309","453",158
"13882","85131","851",1005
"13883","07422","074",746
"13884","82327","823",17
"13885","29494","294",726
"13886","06343","063",688
"13887","82140","821",20
"13888","19069","190",766
"13889","56581","565",350
"13890","66507","665",253
"13891","59394","593",223
"13892","56333","563",355
"13893","88263","882",1078
"13894","25585","255",846
"13895","88361","883",1074
"13896","36275","362",560
"13897","24878","248",531
"13898","21644","216",528
"13899","30989","309",597
"13900","21641","216",528
"13901","36148","361",561
"13902","77889","778",392
"13903","65618","656",378
"13904","76287","762",1048
"13905","55283","552",443
"13906","67105","671",476
"13907","65719","657",371
"13908","76199","761",1056
"13909","44319","443",336
"13910","58642","586",104
"13911","57610","576",161
"13912","48157","481",206
"13913","79369","793",501
"13914","67700","677",447
"13915","79227","792",502
"13916","79585","795",495
"13917","79359","793",501
"13918","55487","554",435
"13919","53557","535",344
"13920","44359","443",336
"13921","44357","443",336
"13922","53489","534",291
"13923","56820","568",425
"13924","85459","854",1060
"13925","85669","856",1055
"13926","92690","926",841
"13927","95195","951",93
"13928","93345","933",51
"13929","95704","957",138
"13930","06385","063",689
"13931","92253","922",852
"13932","84085","840",49
"13933","84424","844",81
"13934","06679","066",681
"13935","93049","930",28
"13936","84097","840",49
"13937","83561","835",131
"13938","18273","182",698
"13939","92660","926",841
"13940","92699","926",843
"13941","83549","835",131
"13942","93089","930",28
"13943","93090","930",28
"13944","08258","082",735
"13945","06785","067",674
"13946","06869","068",669
"13947","93179","931",53
"13948","83119","831",85
"13949","06773","067",674
"13950","93194","931",53
"13951","18337","183",697
"13952","84574","845",79
"13953","92554","925",847
"13954","08304","083",732
"13955","04425","044",866
"13956","84570","845",79
"13957","84518","845",79
"13958","83368","833",133
"13959","93455","934",50
"13960","83374","833",133
"13961","84556","845",79
"13962","94436","944",23
"13963","18461","184",696
"13964","94563","945",21
"13965","18442","184",696
"13966","09114","091",1132
"13967","04736","047",859
"13968","18507","185",694
"13969","84385","843",83
"13970","14959","149",770
"13971","09579","095",1119
"13972","17391","173",718
"13973","12309","123",523
"13974","07349","073",747
"13975","96367","963",56
"13976","95355","953",156
"13977","19079","190",766
"13978","39629","396",704
"13979","29493","294",726
"13980","80993","809",814
"13981","95473","954",154
"13982","91275","912",897
"13983","80933","809",814
"13984","23992","239",589
"13985","82054","820",1167
"13986","95517","955",151
"13987","07924","079",739
"13988","85652","856",1054
"13989","18246","182",698
"13990","07607","076",744
"13991","93152","931",53
"13992","88099","880",1084
"13993","30851","308",601
"13994","88447","884",1071
"13995","74673","746",968
"13996","31061","310",663
"13997","36157","361",561
"13998","22869","228",458
"13999","97244","972",1020
"14000","97299","972",1020
"14001","97282","972",1020
"14002","88416","884",1071
"14003","73453","734",1042
"14004","73540","735",1041
"14005","74585","745",969
"14006","97199","971",1022
"14007","21272","212",487
"14008","87740","877",1165
"14009","91635","916",883
"14010","24253","242",550
"14011","29353","293",727
"14012","29578","295",725
"14013","89367","893",325
"14014","21386","213",478
"14015","24256","242",550
"14016","21357","213",478
"14017","91634","916",884
"14018","21526","215",466
"14019","23858","238",591
"14020","29365","293",727
"14021","38640","386",612
"14022","23715","237",566
"14023","91604","916",883
"14024","32139","321",629
"14025","68775","687",386
"14026","78727","787",261
"14027","78736","787",261
"14028","35117","351",582
"14029","72189","721",33
"14030","33106","331",511
"14031","72218","722",76
"14032","35392","353",577
"14033","27251","272",926
"14034","35415","354",576
"14035","60599","605",60
"14036","34497","344",409
"14037","72359","723",74
"14038","75443","754",1117
"14039","71083","710",77
"14040","35274","352",580
"14041","64823","648",1098
"14042","72406","724",72
"14043","72379","723",75
"14044","63691","636",1161
"14045","63546","635",1163
"14046","25724","257",834
"14047","63526","635",1163
"14048","64850","648",1098
"14049","63517","635",1163
"14050","72144","721",35
"14051","25541","255",846
"14052","74936","749",964
"14053","72135","721",38
"14054","31712","317",671
"14055","74865","748",966
"14056","21734","217",525
"14057","71636","716",116
"14058","74388","743",929
"14059","25572","255",846
"14060","70327","703",10
"14061","74199","741",938
"14062","27386","273",925
"14063","88367","883",1074
"14064","34131","341",423
"14065","34292","342",420
"14066","36323","363",559
"14067","72644","726",67
"14068","88529","885",1069
"14069","25348","253",850
"14070","72582","725",70
"14071","21682","216",529
"14072","86756","867",982
"14073","21400","214",474
"14074","19258","192",765
"14075","38547","385",613
"14076","89443","894",323
"14077","91489","914",893
"14078","38477","384",614
"14079","90574","905",756
"14080","38489","384",614
"14081","38373","383",616
"14082","38378","383",616
"14083","38458","384",614
"14084","96163","961",58
"14085","96114","961",58
"14086","96199","961",58
"14087","86928","869",980
"14088","38838","388",606
"14089","82405","824",14
"14090","23775","237",566
"14091","86676","866",988
"14092","59063","590",227
"14093","79249","792",502
"14094","65385","653",309
"14095","49219","492",650
"14096","59846","598",218
"14097","65375","653",309
"14098","79261","792",502
"14099","59821","598",218
"14100","49451","494",645
"14101","76779","767",1111
"14102","15926","159",907
"14103","18609","186",693
"14104","12526","125",521
"14105","16359","163",880
"14106","01936","019",853
"14107","17358","173",718
"14108","15890","158",911
"14109","02788","027",768
"14110","02929","029",803
"14111","39279","392",712
"14112","85465","854",1060
"14113","08539","085",730
"14114","93133","931",53
"14115","07950","079",739
"14116","95111","951",93
"14117","39307","393",709
"14118","84172","841",45
"14119","95707","957",141
"14120","08626","086",729
"14121","95689","956",143
"14122","83101","831",84
"14123","92712","927",835
"14124","84028","840",47
"14125","06796","067",674
"14126","08239","082",735
"14127","84103","841",45
"14128","18347","183",697
"14129","94333","943",26
"14130","18195","181",699
"14131","84175","841",45
"14132","83257","832",135
"14133","84180","841",45
"14134","08144","081",737
"14135","84546","845",80
"14136","84140","841",45
"14137","04643","046",861
"14138","94327","943",26
"14139","09212","092",1130
"14140","06895","068",669
"14141","84561","845",79
"14142","09221","092",1130
"14143","09326","093",1127
"14144","04779","047",859
"14145","09423","094",1123
"14146","18437","184",696
"14147","09496","094",1123
"14148","16767","167",873
"14149","01616","016",806
"14150","01561","015",808
"14151","01662","016",806
"14152","85258","852",1004
"14153","39628","396",704
"14154","82515","825",12
"14155","85241","852",1004
"14156","23970","239",589
"14157","81375","813",43
"14158","95369","953",156
"14159","85296","852",1004
"14160","91249","912",897
"14161","39439","394",706
"14162","95362","953",156
"14163","19412","194",761
"14164","39128","391",713
"14165","07747","077",742
"14166","92331","923",851
"14167","85630","856",1052
"14168","95189","951",93
"14169","82276","822",19
"14170","85135","851",1005
"14171","96264","962",57
"14172","85137","851",1005
"14173","91171","911",898
"14174","92342","923",851
"14175","82223","822",19
"14176","85247","852",1004
"14177","99441","994",1147
"14178","91480","914",893
"14179","90619","906",752
"14180","91486","914",893
"14181","23730","237",566
"14182","96173","961",58
"14183","96148","961",58
"14184","98673","986",1016
"14185","86695","866",988
"14186","99718","997",1170
"14187","91325","913",895
"14188","38368","383",616
"14189","86492","864",944
"14190","96472","964",89
"14191","99089","990",1158
"14192","86573","865",996
"14193","02994","029",802
"14194","01848","018",856
"14195","02979","029",802
"14196","01904","019",854
"14197","02681","026",769
"14198","01744","017",804
"14199","52074","520",1027
"14200","52511","525",1094
"14201","47647","476",210
"14202","53937","539",330
"14203","46499","464",94
"14204","54584","545",235
"14205","54459","544",240
"14206","46562","465",90
"14207","47443","474",213
"14208","66687","666",249
"14209","46244","462",98
"14210","46047","460",100
"14211","40764","407",1061
"14212","51067","510",1097
"14213","53507","535",343
"14214","42113","421",233
"14215","24405","244",544
"14216","30457","304",605
"14217","89143","891",332
"14218","88138","881",1080
"14219","97947","979",1072
"14220","24589","245",543
"14221","74549","745",969
"14222","21224","212",487
"14223","36289","362",560
"14224","73575","735",1041
"14225","37269","372",636
"14226","97993","979",1072
"14227","29225","292",728
"14228","88319","883",1076
"14229","89186","891",332
"14230","24620","246",539
"14231","38723","387",608
"14232","37299","372",636
"14233","87700","877",1165
"14234","87737","877",1165
"14235","73466","734",1042
"14236","87787","877",1165
"14237","29362","293",727
"14238","23827","238",594
"14239","29574","295",725
"14240","91471","914",893
"14241","91483","914",893
"14242","97539","975",1085
"14243","86739","867",982
"14244","86748","867",982
"14245","21380","213",478
"14246","96181","961",58
"14247","23719","237",566
"14248","59590","595",221
"14249","68794","687",386
"14250","35578","355",574
"14251","35116","351",582
"14252","33659","336",499
"14253","35583","355",574
"14254","33607","336",499
"14255","35398","353",577
"14256","69124","691",187
"14257","32107","321",628
"14258","27232","272",926
"14259","25927","259",829
"14260","25836","258",830
"14261","64372","643",1035
"14262","75433","754",1117
"14263","71263","712",124
"14264","78239","782",270
"14265","75446","754",1117
"14266","21775","217",525
"14267","63454","634",1164
"14268","32689","326",656
"14269","35285","352",580
"14270","71277","712",124
"14271","25889","258",830
"14272","63695","636",1161
"14273","36320","363",559
"14274","24969","249",564
"14275","31633","316",677
"14276","25729","257",834
"14277","63773","637",1160
"14278","31582","315",680
"14279","72793","727",66
"14280","70191","701",11
"14281","32676","326",655
"14282","31714","317",671
"14283","73760","737",1038
"14284","21706","217",525
"14285","88633","886",1064
"14286","88718","887",1134
"14287","31634","316",677
"14288","74246","742",934
"14289","34369","343",412
"14290","24955","249",564
"14291","25573","255",846
"14292","74259","742",934
"14293","24806","248",531
"14294","24817","248",531
"14295","48477","484",197
"14296","56587","565",350
"14297","26817","268",784
"14298","67754","677",447
"14299","49757","497",641
"14300","56179","561",382
"14301","55592","555",433
"14302","26639","266",788
"14303","26676","266",788
"14304","67705","677",446
"14305","48346","483",203
"14306","77743","777",397
"14307","79331","793",501
"14308","79689","796",492
"14309","79285","792",502
"14310","65232","652",310
"14311","55263","552",442
"14312","35708","357",570
"14313","79862","798",482
"14314","79804","798",481
"14315","76479","764",1045
"14316","59581","595",221
"14317","65520","655",307
"14318","65205","652",310
"14319","67366","673",463
"14320","76773","767",1111
"14321","25524","255",846
"14322","27389","273",925
"14323","88370","883",1074
"14324","97845","978",1077
"14325","73271","732",971
"14326","24881","248",531
"14327","24866","248",531
"14328","88250","882",1078
"14329","72535","725",70
"14330","57648","576",163
"14331","55559","555",434
"14332","65556","655",307
"14333","26388","263",797
"14334","67434","674",460
"14335","67310","673",464
"14336","44581","445",328
"14337","66914","669",297
"14338","49838","498",638
"14339","79379","793",500
"14340","55568","555",433
"14341","59439","594",222
"14342","49479","494",644
"14343","48317","483",201
"14344","48145","481",206
"14345","26446","264",792
"14346","56357","563",354
"14347","58675","586",104
"14348","55583","555",434
"14349","76549","765",1044
"14350","26384","263",797
"14351","77883","778",392
"14352","67278","672",469
"14353","67281","672",469
"14354","35781","357",570
"14355","55127","551",445
"14356","33378","333",509
"14357","49326","493",648
"14358","49429","494",645
"14359","65189","651",311
"14360","76756","767",1111
"14361","76593","765",1044
"14362","76316","763",1046
"14363","35789","357",570
"14364","59909","599",216
"14365","45701","457",144
"14366","53229","532",293
"14367","26759","267",786
"14368","56818","568",425
"14369","44797","447",422
"14370","56754","567",346
"14371","48612","486",193
"14372","54689","546",288
"14373","47929","479",207
"14374","54595","545",236
"14375","41189","411",285
"14376","52355","523",1023
"14377","54666","546",288
"14378","41564","415",322
"14379","54550","545",238
"14380","46145","461",99
"14381","54492","544",243
"14382","53347","533",292
"14383","45721","457",144
"14384","49751","497",641
"14385","26603","266",788
"14386","26427","264",792
"14387","66954","669",295
"14388","26897","268",784
"14389","44287","442",339
"14390","56305","563",356
"14391","67817","678",518
"14392","79183","791",508
"14393","67307","673",464
"14394","49597","495",643
"14395","49186","491",654
"14396","79733","797",488
"14397","65326","653",309
"14398","49088","490",658
"14399","66424","664",255
"14400","56642","566",349
"14401","66482","664",255
"14402","44388","443",336
"14403","56630","566",349
"14404","49740","497",641
"14405","55490","554",435
"14406","24989","249",564
"14407","29683","296",724
"14408","24361","243",546
"14409","24996","249",564
"14410","73084","730",978
"14411","30559","305",604
"14412","37133","371",637
"14413","74582","745",969
"14414","25486","254",848
"14415","24214","242",552
"14416","89547","895",320
"14417","22846","228",459
"14418","74564","745",969
"14419","97717","977",1079
"14420","24404","244",545
"14421","89129","891",332
"14422","97337","973",1019
"14423","22359","223",400
"14424","89290","892",327
"14425","23816","238",591
"14426","24235","242",550
"14427","73499","734",1042
"14428","87781","877",1165
"14429","91478","914",893
"14430","38536","385",613
"14431","91601","916",883
"14432","91484","914",893
"14433","97357","973",1019
"14434","86476","864",943
"14435","91438","914",893
"14436","97516","975",1089
"14437","86505","865",994
"14438","24257","242",550
"14439","91632","916",885
"14440","97478","974",1018
"14441","92318","923",851
"14442","92364","923",851
"14443","07381","073",747
"14444","07356","073",747
"14445","85375","853",999
"14446","95466","954",154
"14447","06408","064",687
"14448","92256","922",852
"14449","92260","922",852
"14450","92245","922",852
"14451","93180","931",53
"14452","85457","854",1060
"14453","39649","396",703
"14454","91361","913",895
"14455","82287","822",19
"14456","82237","822",19
"14457","96317","963",56
"14458","95515","955",145
"14459","85080","850",1009
"14460","39444","394",706
"14461","26935","269",781
"14462","78048","780",276
"14463","67141","671",476
"14464","67059","670",480
"14465","35647","356",571
"14466","28777","287",896
"14467","27809","278",917
"14468","35102","351",581
"14469","60488","604",61
"14470","60438","604",61
"14471","60433","604",61
"14472","69115","691",187
"14473","78247","782",270
"14474","27257","272",926
"14475","61197","611",962
"14476","64832","648",1098
"14477","28309","283",901
"14478","71272","712",124
"14479","25704","257",834
"14480","78476","784",266
"14481","74862","748",966
"14482","72475","724",72
"14483","31710","317",670
"14484","74864","748",966
"14485","74831","748",966
"14486","34479","344",409
"14487","31718","317",671
"14488","36329","363",559
"14489","31556","315",678
"14490","72768","727",66
"14491","72519","725",70
"14492","72505","725",68
"14493","72517","725",70
"14494","73765","737",1038
"14495","25794","257",834
"14496","31559","315",678
"14497","63930","639",1153
"14498","71364","713",123
"14499","71522","715",118
"14500","21684","216",529
"14501","88377","883",1074
"14502","91481","914",893
"14503","38871","388",606
"14504","91468","914",893
"14505","86866","868",981
"14506","23628","236",567
"14507","86647","866",988
"14508","86399","863",950
"14509","91728","917",878
"14510","87662","876",1166
"14511","86687","866",988
"14512","98716","987",1015
"14513","38384","383",616
"14514","91738","917",878
"14515","86932","869",980
"14516","91781","917",878
"14517","86923","869",980
"14518","39365","393",707
"14519","31863","318",665
"14520","36137","361",561
"14521","24860","248",531
"14522","73235","732",971
"14523","73272","732",971
"14524","74523","745",969
"14525","74635","746",968
"14526","31089","310",663
"14527","07952","079",739
"14528","83043","830",87
"14529","06116","061",692
"14530","08527","085",730
"14531","92521","925",847
"14532","93055","930",28
"14533","93105","931",53
"14534","92715","927",839
"14535","93098","930",28
"14536","04539","045",862
"14537","92543","925",847
"14538","92696","926",844
"14539","83132","831",85
"14540","84555","845",79
"14541","93167","931",53
"14542","83358","833",133
"14543","14806","148",771
"14544","14550","145",775
"14545","18469","184",696
"14546","09241","092",1130
"14547","09387","093",1126
"14548","04703","047",859
"14549","14552","145",775
"14550","09577","095",1119
"14551","94550","945",22
"14552","94094","940",1176
"14553","01587","015",807
"14554","04924","049",857
"14555","17126","171",722
"14556","15838","158",909
"14557","09619","096",1116
"14558","94136","941",1175
"14559","01705","017",804
"14560","16247","162",888
"14561","15910","159",907
"14562","15907","159",907
"14563","17429","174",716
"14564","15848","158",910
"14565","17419","174",716
"14566","02997","029",802
"14567","02708","027",768
"14568","91356","913",895
"14569","91359","913",895
"14570","91177","911",898
"14571","99438","994",1147
"14572","82216","822",19
"14573","06543","065",685
"14574","82234","822",19
"14575","23996","239",589
"14576","95349","953",156
"14577","39340","393",708
"14578","91239","912",897
"14579","23972","239",589
"14580","82538","825",12
"14581","91235","912",897
"14582","92283","922",852
"14583","06648","066",681
"14584","07343","073",747
"14585","81479","814",42
"14586","85119","851",1007
"14587","82008","820",1167
"14588","07774","077",743
"14589","84072","840",48
"14590","95188","951",93
"14591","95478","954",154
"14592","95168","951",93
"14593","84079","840",47
"14594","93186","931",53
"14595","92702","927",835
"14596","06688","066",681
"14597","83064","830",87
"14598","92551","925",847
"14599","04435","044",865
"14600","83547","835",131
"14601","17209","172",719
"14602","06749","067",674
"14603","08485","084",731
"14604","18190","181",699
"14605","04519","045",863
"14606","93199","931",53
"14607","84559","845",79
"14608","17194","171",722
"14609","04288","042",868
"14610","06886","068",669
"14611","04654","046",861
"14612","84529","845",79
"14613","09122","091",1132
"14614","14624","146",774
"14615","94491","944",23
"14616","94547","945",22
"14617","09603","096",1116
"14618","14513","145",776
"14619","13465","134",822
"14620","09638","096",1116
"14621","01612","016",806
"14622","17491","174",717
"14623","86825","868",981
"14624","98663","986",1016
"14625","96106","961",58
"14626","38173","381",618
"14627","86744","867",982
"14628","23883","238",595
"14629","91719","917",878
"14630","23626","236",568
"14631","90579","905",756
"14632","91757","917",878
"14633","91097","910",900
"14634","86700","867",987
"14635","38889","388",606
"14636","29465","294",726
"14637","38471","384",614
"14638","91091","910",900
"14639","90522","905",756
"14640","91187","911",898
"14641","29479","294",726
"14642","19249","192",765
"14643","96155","961",58
"14644","13088","130",833
"14645","01454","014",809
"14646","01796","017",805
"14647","01829","018",856
"14648","01996","019",853
"14649","03044","030",908
"14650","03197","031",906
"14651","15232","152",915
"14652","54619","546",288
"14653","52224","522",1025
"14654","47589","475",212
"14655","47627","476",210
"14656","52428","524",1095
"14657","54668","546",288
"14658","46419","464",94
"14659","41238","412",284
"14660","54634","546",288
"14661","54294","542",248
"14662","54296","542",248
"14663","47228","472",214
"14664","54320","543",245
"14665","53919","539",331
"14666","45472","454",157
"14667","48712","487",191
"14668","54486","544",243
"14669","42329","423",230
"14670","48739","487",191
"14671","26725","267",786
"14672","56829","568",425
"14673","73037","730",978
"14674","73102","731",974
"14675","74417","744",970
"14676","74542","745",969
"14677","22589","225",393
"14678","97265","972",1020
"14679","21149","211",491
"14680","88444","884",1071
"14681","37215","372",636
"14682","21266","212",487
"14683","37154","371",637
"14684","21077","210",493
"14685","37077","370",639
"14686","97255","972",1020
"14687","36414","364",558
"14688","97253","972",1020
"14689","21438","214",472
"14690","24145","241",557
"14691","97720","977",1079
"14692","31226","312",661
"14693","36469","364",558
"14694","74579","745",969
"14695","89294","892",327
"14696","38271","382",617
"14697","37359","373",635
"14698","97711","977",1079
"14699","99976","999",1168
"14700","98597","985",959
"14701","89335","893",325
"14702","23869","238",591
"14703","97469","974",1018
"14704","23843","238",591
"14705","36456","364",558
"14706","97353","973",1019
"14707","22927","229",453
"14708","38275","382",617
"14709","86742","867",982
"14710","38179","381",618
"14711","96157","961",58
"14712","98593","985",959
"14713","87745","877",1165
"14714","89438","894",323
"14715","91717","917",878
"14716","76359","763",1046
"14717","76297","762",1048
"14718","78078","780",275
"14719","78667","786",262
"14720","68229","682",395
"14721","75328","753",1121
"14722","64297","642",1037
"14723","69226","692",180
"14724","72202","722",76
"14725","60389","603",62
"14726","75438","754",1117
"14727","31606","316",676
"14728","35447","354",576
"14729","33184","331",511
"14730","74924","749",964
"14731","78357","783",269
"14732","63791","637",1160
"14733","64747","647",1099
"14734","25715","257",834
"14735","70563","705",8
"14736","74080","740",942
"14737","31855","318",665
"14738","74254","742",936
"14739","25872","258",830
"14740","25887","258",830
"14741","70188","701",11
"14742","24992","249",564
"14743","74229","742",937
"14744","24997","249",564
"14745","72622","726",67
"14746","88719","887",1133
"14747","31848","318",665
"14748","34225","342",419
"14749","34576","345",407
"14750","88693","886",1064
"14751","31868","318",665
"14752","27383","273",925
"14753","59069","590",227
"14754","55543","555",434
"14755","67677","676",451
"14756","79199","791",507
"14757","59755","597",219
"14758","49692","496",642
"14759","49082","490",658
"14760","59889","598",218
"14761","44532","445",329
"14762","59192","591",226
"14763","56341","563",354
"14764","56276","562",367
"14765","79597","795",495
"14766","79639","796",492
"14767","67706","677",446
"14768","57636","576",161
"14769","56133","561",381
"14770","58791","587",102
"14771","79650","796",492
"14772","67821","678",519
"14773","57439","574",168
"14774","37627","376",631
"14775","31020","310",663
"14776","34260","342",419
"14777","34359","343",412
"14778","24882","248",531
"14779","97842","978",1077
"14780","21635","216",528
"14781","49191","491",654
"14782","35794","357",570
"14783","65606","656",378
"14784","26127","261",800
"14785","67592","675",455
"14786","55128","551",445
"14787","59597","595",221
"14788","67550","675",455
"14789","79787","797",488
"14790","53560","535",345
"14791","44892","448",417
"14792","56294","562",365
"14793","44379","443",336
"14794","56330","563",355
"14795","59379","593",223
"14796","07570","075",745
"14797","19399","193",763
"14798","85456","854",1060
"14799","06184","061",692
"14800","08541","085",730
"14801","04249","042",868
"14802","06800","068",667
"14803","93189","931",53
"14804","94368","943",26
"14805","93185","931",53
"14806","83355","833",133
"14807","84543","845",79
"14808","84558","845",79
"14809","93495","934",50
"14810","04880","048",858
"14811","93437","934",50
"14812","17153","171",722
"14813","94562","945",21
"14814","09116","091",1132
"14815","94469","944",23
"14816","09487","094",1123
"14817","04769","047",859
"14818","93453","934",50
"14819","94239","942",27
"14820","84359","843",83
"14821","84364","843",83
"14822","14089","140",782
"14823","17129","171",722
"14824","18528","185",695
"14825","01609","016",806
"14826","16348","163",880
"14827","13127","131",826
"14828","17495","174",717
"14829","94142","941",1175
"14830","97280","972",1020
"14831","88368","883",1074
"14832","97259","972",1020
"14833","88436","884",1071
"14834","25495","254",848
"14835","24622","246",537
"14836","97291","972",1020
"14837","97723","977",1079
"14838","24646","246",538
"14839","37214","372",636
"14840","31275","312",661
"14841","31177","311",662
"14842","37581","375",632
"14843","21228","212",487
"14844","36404","364",558
"14845","24247","242",551
"14846","97228","972",1020
"14847","89189","891",332
"14848","88481","884",1071
"14849","74589","745",969
"14850","24641","246",536
"14851","21035","210",494
"14852","87758","877",1165
"14853","31234","312",661
"14854","97342","973",1019
"14855","89340","893",325
"14856","97493","974",1018
"14857","29358","293",727
"14858","22949","229",453
"14859","89192","891",332
"14860","87767","877",1165
"14861","89537","895",320
"14862","86498","864",943
"14863","97525","975",1085
"14864","23824","238",594
"14865","23823","238",594
"14866","89415","894",323
"14867","91617","916",883
"14868","97491","974",1018
"14869","98630","986",1016
"14870","29386","293",727
"14871","91460","914",893
"14872","99991","999",1168
"14873","52525","525",1094
"14874","46459","464",94
"14875","54636","546",288
"14876","52372","523",1023
"14877","54455","544",240
"14878","50126","501",928
"14879","54576","545",235
"14880","54338","543",245
"14881","54429","544",241
"14882","66352","663",257
"14883","40591","405",1066
"14884","40629","406",1062
"14885","66620","666",249
"14886","45219","452",159
"14887","50737","507",957
"14888","54484","544",243
"14889","53340","533",292
"14890","50996","509",954
"14891","26723","267",786
"14892","66130","661",260
"14893","53225","532",293
"14894","42555","425",281
"14895","45527","455",155
"14896","53572","535",345
"14897","66877","668",303
"14898","67685","676",451
"14899","85276","852",1004
"14900","95365","953",156
"14901","85293","852",1004
"14902","39443","394",706
"14903","39576","395",705
"14904","85609","856",1053
"14905","92289","922",852
"14906","93343","933",51
"14907","85598","855",1057
"14908","09623","096",1116
"14909","01776","017",804
"14910","03246","032",905
"14911","01987","019",853
"14912","01328","013",810
"14913","03229","032",905
"14914","02991","029",802
"14915","03116","031",906
"14916","03051","030",908
"14917","15898","158",911
"14918","03159","031",906
"14919","91154","911",898
"14920","91790","917",878
"14921","96196","961",58
"14922","82346","823",17
"14923","96260","962",57
"14924","07429","074",746
"14925","90537","905",755
"14926","86673","866",988
"14927","96328","963",56
"14928","96342","963",56
"14929","85302","853",1000
"14930","92361","923",851
"14931","78087","780",276
"14932","67122","671",476
"14933","72293","722",76
"14934","75334","753",1121
"14935","72294","722",76
"14936","35584","355",574
"14937","75210","752",1124
"14938","72299","722",76
"14939","68789","687",386
"14940","64390","643",1035
"14941","78607","786",262
"14942","78554","785",265
"14943","78588","785",265
"14944","35418","354",576
"14945","32108","321",628
"14946","63067","630",1106
"14947","32758","327",653
"14948","69256","692",182
"14949","35469","354",576
"14950","64354","643",1035
"14951","75449","754",1117
"14952","69436","694",175
"14953","72119","721",37
"14954","78579","785",265
"14955","27246","272",926
"14956","34630","346",406
"14957","74847","748",966
"14958","72479","724",72
"14959","31618","316",677
"14960","78355","783",269
"14961","21745","217",525
"14962","63579","635",1163
"14963","27337","273",925
"14964","32816","328",646
"14965","72419","724",72
"14966","72138","721",36
"14967","25782","257",834
"14968","72760","727",66
"14969","88682","886",1064
"14970","72666","726",67
"14971","63636","636",1161
"14972","31700","317",671
"14973","74196","741",941
"14974","34295","342",419
"14975","21717","217",525
"14976","34393","343",412
"14977","24855","248",531
"14978","73779","737",1038
"14979","73268","732",971
"14980","21397","213",478
"14981","90616","906",752
"14982","86660","866",988
"14983","23629","236",568
"14984","86860","868",981
"14985","91710","917",878
"14986","86500","865",995
"14987","38327","383",615
"14988","96151","961",58
"14989","99734","997",1170
"14990","86807","868",981
"14991","87677","876",1166
"14992","38479","384",614
"14993","38448","384",614
"14994","86920","869",980
"14995","86456","864",948
"14996","91564","915",889
"14997","86391","863",951
"14998","38836","388",606
"14999","86956","869",980
"15000","29456","294",726
"15001","38462","384",614
"15002","86674","866",988
"15003","91804","918",875
"15004","91166","911",898
"15005","99095","990",1158
"15006","86949","869",980
"15007","91080","910",900
"15008","67737","677",447
"15009","26683","266",788
"15010","79362","793",501
"15011","77933","779",390
"15012","77694","776",312
"15013","49492","494",644
"15014","55545","555",434
"15015","26340","263",796
"15016","67729","677",450
"15017","55457","554",435
"15018","57399","573",169
"15019","49134","491",654
"15020","59269","592",225
"15021","77839","778",392
"15022","65549","655",307
"15023","65343","653",309
"15024","74747","747",967
"15025","36286","362",560
"15026","30926","309",597
"15027","73095","730",978
"15028","30900","309",598
"15029","74653","746",968
"15030","37127","371",637
"15031","67598","675",455
"15032","67159","671",476
"15033","76776","767",1111
"15034","67599","675",455
"15035","67595","675",455
"15036","67585","675",455
"15037","67245","672",469
"15038","67133","671",476
"15039","55246","552",444
"15040","67578","675",455
"15041","79805","798",486
"15042","91796","917",878
"15043","96242","962",57
"15044","96279","962",57
"15045","86668","866",988
"15046","85122","851",1005
"15047","96361","963",56
"15048","95490","954",154
"15049","88448","884",1071
"15050","73342","733",1043
"15051","30982","309",597
"15052","73527","735",1041
"15053","97772","977",1079
"15054","97274","972",1020
"15055","97990","979",1072
"15056","37297","372",636
"15057","97294","972",1020
"15058","24254","242",551
"15059","89275","892",327
"15060","24111","241",556
"15061","73460","734",1042
"15062","29328","293",727
"15063","31188","311",662
"15064","22395","223",400
"15065","97523","975",1085
"15066","89522","895",320
"15067","91628","916",883
"15068","97537","975",1085
"15069","24223","242",550
"15070","73450","734",1042
"15071","38274","382",617
"15072","91592","915",889
"15073","89362","893",325
"15074","37431","374",634
"15075","89350","893",325
"15076","21524","215",466
"15077","21337","213",478
"15078","38116","381",618
"15079","97486","974",1018
"15080","91522","915",889
"15081","99998","999",1168
"15082","03058","030",908
"15083","15328","153",914
"15084","02748","027",768
"15085","49201","492",651
"15086","26349","263",796
"15087","77709","777",397
"15088","76477","764",1045
"15089","67593","675",455
"15090","67454","674",461
"15091","55129","551",445
"15092","79877","798",482
"15093","76771","767",1111
"15094","27793","277",918
"15095","76706","767",1111
"15096","25591","255",846
"15097","24879","248",531
"15098","30826","308",601
"15099","37643","376",631
"15100","88524","885",1068
"15101","25590","255",846
"15102","74545","745",969
"15103","74638","746",968
"15104","89597","895",319
"15105","25492","254",848
"15106","65366","653",309
"15107","77770","777",397
"15108","65329","653",309
"15109","67317","673",464
"15110","65555","655",307
"15111","48149","481",206
"15112","26901","269",779
"15113","48153","481",206
"15114","49509","495",643
"15115","79599","795",495
"15116","49477","494",644
"15117","67735","677",447
"15118","67659","676",451
"15119","56235","562",367
"15120","55627","556",428
"15121","26835","268",784
"15122","67756","677",447
"15123","61389","613",1029
"15124","35649","356",571
"15125","68199","681",401
"15126","76337","763",1046
"15127","27639","276",921
"15128","27628","276",921
"15129","76689","766",1115
"15130","68809","688",384
"15131","76707","767",1113
"15132","64319","643",1035
"15133","69123","691",187
"15134","27574","275",922
"15135","72348","723",74
"15136","33104","331",511
"15137","78234","782",270
"15138","64807","648",1098
"15139","64401","644",1032
"15140","75392","753",1122
"15141","25923","259",829
"15142","28279","282",902
"15143","25764","257",834
"15144","21762","217",525
"15145","61209","612",1030
"15146","74930","749",964
"15147","63457","634",1164
"15148","64720","647",1099
"15149","78597","785",265
"15150","28870","288",894
"15151","71088","710",78
"15152","31613","316",677
"15153","63811","638",1157
"15154","25770","257",834
"15155","70771","707",4
"15156","71732","717",110
"15157","74821","748",966
"15158","34466","344",409
"15159","31609","316",677
"15160","63776","637",1160
"15161","25727","257",834
"15162","74382","743",929
"15163","88690","886",1064
"15164","72654","726",67
"15165","31698","316",675
"15166","25554","255",846
"15167","71729","717",111
"15168","73770","737",1038
"15169","97904","979",1073
"15170","24850","248",531
"15171","37619","376",631
"15172","39317","393",709
"15173","18198","181",700
"15174","93059","930",28
"15175","07957","079",739
"15176","06711","067",673
"15177","95666","956",143
"15178","83567","835",131
"15179","83123","831",85
"15180","14789","147",772
"15181","08236","082",735
"15182","04571","045",862
"15183","14798","147",772
"15184","08058","080",738
"15185","08393","083",733
"15186","94356","943",26
"15187","83376","833",133
"15188","04849","048",858
"15189","08373","083",733
"15190","94377","943",26
"15191","84576","845",79
"15192","09350","093",1126
"15193","84508","845",79
"15194","83317","833",133
"15195","09249","092",1130
"15196","93485","934",50
"15197","84389","843",83
"15198","09468","094",1123
"15199","09392","093",1126
"15200","17235","172",719
"15201","17087","170",723
"15202","41379","413",283
"15203","41334","413",283
"15204","54616","546",288
"15205","54675","546",288
"15206","47665","476",210
"15207","54332","543",244
"15208","53894","538",333
"15209","47441","474",213
"15210","66798","667",304
"15211","54293","542",248
"15212","46485","464",94
"15213","50374","503",960
"15214","49824","498",638
"15215","47169","471",215
"15216","53505","535",343
"15217","46359","463",95
"15218","42327","423",230
"15219","55777","557",514
"15220","45731","457",144
"15221","66386","663",256
"15222","48249","482",204
"15223","48629","486",193
"15224","91740","917",878
"15225","23617","236",568
"15226","86863","868",981
"15227","91448","914",893
"15228","29378","293",727
"15229","96172","961",58
"15230","91560","915",889
"15231","29594","295",725
"15232","86368","863",951
"15233","38446","384",614
"15234","38464","384",614
"15235","86672","866",988
"15236","86165","861",953
"15237","86163","861",953
"15238","38372","383",616
"15239","86510","865",993
"15240","29416","294",726
"15241","16341","163",880
"15242","94164","941",1175
"15243","16259","162",888
"15244","06642","066",682
"15245","82544","825",12
"15246","80997","809",814
"15247","82065","820",1167
"15248","96365","963",56
"15249","06311","063",688
"15250","39606","396",704
"15251","95511","955",146
"15252","81476","814",42
"15253","91289","912",897
"15254","95493","954",154
"15255","85625","856",1052
"15256","95183","951",93
"15257","93164","931",53
"15258","85139","851",1005
"15259","85238","852",1004
"15260","91287","912",897
"15261","95346","953",156
"15262","39615","396",704
"15263","95364","953",156
"15264","85646","856",1055
"15265","92271","922",852
"15266","92272","922",852
"15267","06259","062",690
"15268","95697","956",143
"15269","06237","062",690
"15270","93051","930",28
"15271","95688","956",143
"15272","83544","835",131
"15273","18196","181",699
"15274","07580","075",745
"15275","92548","925",847
"15276","06844","068",668
"15277","14712","147",772
"15278","08648","086",729
"15279","04159","041",870
"15280","16909","169",869
"15281","83530","835",131
"15282","08209","082",735
"15283","14774","147",772
"15284","04349","043",867
"15285","84549","845",79
"15286","94431","944",23
"15287","93482","934",50
"15288","93449","934",50
"15289","08301","083",734
"15290","14929","149",770
"15291","83417","834",132
"15292","09232","092",1130
"15293","93444","934",50
"15294","09439","094",1123
"15295","09557","095",1119
"15296","18519","185",694
"15297","01591","015",807
"15298","17506","175",714
"15299","04932","049",857
"15300","01723","017",804
"15301","01737","017",804
"15302","16321","163",880
"15303","12629","126",516
"15304","15741","157",912
"15305","17367","173",718
"15306","02633","026",769
"15307","85235","852",1004
"15308","82396","823",17
"15309","82290","822",19
"15310","82229","822",19
"15311","29497","294",726
"15312","19288","192",765
"15313","19309","193",762
"15314","86706","867",985
"15315","96358","963",56
"15316","52072","520",1027
"15317","41751","417",314
"15318","47475","474",213
"15319","52351","523",1023
"15320","54664","546",288
"15321","46535","465",90
"15322","46514","465",90
"15323","46325","463",95
"15324","40223","402",1012
"15325","50765","507",957
"15326","53913","539",331
"15327","49846","498",638
"15328","53506","535",343
"15329","54539","545",234
"15330","45968","459",188
"15331","66589","665",250
"15332","53121","531",294
"15333","26847","268",784
"15334","67686","676",451
"15335","42477","424",228
"15336","58452","584",106
"15337","53567","535",345
"15338","26789","267",785
"15339","45884","458",189
"15340","48624","486",193
"15341","49779","497",641
"15342","26831","268",784
"15343","44629","446",326
"15344","53498","534",291
"15345","67165","671",476
"15346","27777","277",919
"15347","27239","272",926
"15348","27243","272",926
"15349","72285","722",76
"15350","68309","683",394
"15351","64331","643",1035
"15352","61348","613",1029
"15353","75203","752",1124
"15354","35083","350",586
"15355","35435","354",576
"15356","35096","350",586
"15357","64367","643",1035
"15358","33178","331",511
"15359","35394","353",577
"15360","69509","695",173
"15361","31603","316",676
"15362","35099","350",587
"15363","35043","350",586
"15364","78244","782",270
"15365","32602","326",656
"15366","33165","331",511
"15367","63075","630",1106
"15368","71149","711",125
"15369","28277","282",902
"15370","69239","692",185
"15371","35282","352",580
"15372","71296","712",124
"15373","21763","217",525
"15374","72459","724",72
"15375","72411","724",73
"15376","71254","712",124
"15377","71229","712",124
"15378","21769","217",525
"15379","72131","721",35
"15380","63697","636",1161
"15381","63868","638",1156
"15382","31655","316",675
"15383","74394","743",929
"15384","74257","742",936
"15385","31812","318",665
"15386","31623","316",677
"15387","31638","316",677
"15388","31515","315",678
"15389","97903","979",1073
"15390","63628","636",1161
"15391","74245","742",933
"15392","24976","249",564
"15393","71579","715",118
"15394","97782","977",1079
"15395","88279","882",1078
"15396","25497","254",848
"15397","89155","891",332
"15398","73577","735",1041
"15399","73550","735",1040
"15400","89610","896",317
"15401","25462","254",848
"15402","97289","972",1020
"15403","74541","745",969
"15404","89079","890",337
"15405","89558","895",320
"15406","24376","243",546
"15407","31303","313",660
"15408","31134","311",662
"15409","97236","972",1020
"15410","88489","884",1071
"15411","89182","891",332
"15412","21385","213",478
"15413","73479","734",1042
"15414","89278","892",327
"15415","37520","375",632
"15416","37115","371",637
"15417","97247","972",1020
"15418","29361","293",727
"15419","21509","215",468
"15420","24222","242",550
"15421","21449","214",472
"15422","24217","242",550
"15423","21529","215",466
"15424","29582","295",725
"15425","87733","877",1165
"15426","86757","867",982
"15427","38122","381",618
"15428","23623","236",568
"15429","38533","385",613
"15430","38531","385",613
"15431","38108","381",618
"15432","97514","975",1090
"15433","91629","916",883
"15434","38324","383",615
"15435","38553","385",613
"15436","91487","914",893
"15437","87640","876",1166
"15438","96138","961",58
"15439","23689","236",568
"15440","99768","997",1170
"15441","90613","906",750
"15442","86462","864",948
"15443","86698","866",988
"15444","86692","866",988
"15445","86934","869",980
"15446","38364","383",616
"15447","86684","866",988
"15448","99326","993",1149
"15449","29451","294",726
"15450","26188","261",800
"15451","57562","575",166
"15452","49681","496",642
"15453","77767","777",397
"15454","49661","496",642
"15455","49196","491",654
"15456","76744","767",1111
"15457","67152","671",476
"15458","33442","334",505
"15459","79777","797",488
"15460","26937","269",781
"15461","76726","767",1111
"15462","65428","654",308
"15463","78733","787",261
"15464","36110","361",561
"15465","36272","362",560
"15466","24791","247",534
"15467","37586","375",632
"15468","24857","248",531
"15469","89601","896",318
"15470","73033","730",978
"15471","34329","343",415
"15472","25548","255",846
"15473","36039","360",563
"15474","59174","591",226
"15475","56130","561",381
"15476","55413","554",435
"15477","59199","591",226
"15478","55425","554",435
"15479","26655","266",788
"15480","25488","254",848
"15481","25337","253",850
"15482","24354","243",546
"15483","89188","891",332
"15484","97797","977",1079
"15485","88433","884",1071
"15486","24367","243",546
"15487","37124","371",637
"15488","97297","972",1020
"15489","24395","243",546
"15490","74423","744",970
"15491","21079","210",493
"15492","97725","977",1079
"15493","24539","245",541
"15494","97218","972",1020
"15495","89233","892",327
"15496","97440","974",1018
"15497","24626","246",539
"15498","24229","242",552
"15499","21445","214",472
"15500","24159","241",557
"15501","21441","214",472
"15502","29342","293",727
"15503","87751","877",1165
"15504","22926","229",453
"15505","97506","975",1085
"15506","38272","382",617
"15507","23829","238",591
"15508","89447","894",323
"15509","22961","229",453
"15510","87739","877",1165
"15511","99974","999",1168
"15512","91567","915",889
"15513","91443","914",893
"15514","22959","229",453
"15515","87653","876",1166
"15516","64584","645",1101
"15517","65795","657",370
"15518","61350","613",1029
"15519","68259","682",396
"15520","32369","323",626
"15521","72213","722",76
"15522","60529","605",60
"15523","68535","685",389
"15524","64342","643",1035
"15525","78266","782",271
"15526","27711","277",920
"15527","32791","327",653
"15528","33098","330",512
"15529","78262","782",270
"15530","61138","611",962
"15531","34516","345",407
"15532","63179","631",1105
"15533","74374","743",929
"15534","25870","258",830
"15535","28355","283",901
"15536","25917","259",829
"15537","21772","217",525
"15538","63796","637",1160
"15539","25858","258",830
"15540","71701","717",110
"15541","63843","638",1156
"15542","36325","363",559
"15543","72820","728",63
"15544","70469","704",9
"15545","25855","258",830
"15546","63839","638",1156
"15547","63920","639",1151
"15548","63856","638",1156
"15549","24983","249",564
"15550","63927","639",1151
"15551","72649","726",67
"15552","72531","725",70
"15553","24988","249",564
"15554","31555","315",678
"15555","36280","362",560
"15556","25569","255",846
"15557","73277","732",971
"15558","49638","496",642
"15559","55450","554",435
"15560","79194","791",506
"15561","77749","777",397
"15562","48231","482",205
"15563","76857","768",1107
"15564","79286","792",502
"15565","65624","656",375
"15566","65589","655",307
"15567","77704","777",397
"15568","65629","656",374
"15569","65554","655",307
"15570","65550","655",307
"15571","49179","491",654
"15572","65396","653",309
"15573","77740","777",397
"15574","76456","764",1045
"15575","49324","493",648
"15576","26931","269",781
"15577","61276","612",1030
"15578","76597","765",1044
"15579","67065","670",480
"15580","36154","361",561
"15581","97906","979",1073
"15582","24991","249",564
"15583","88085","880",1084
"15584","25551","255",846
"15585","36391","363",559
"15586","97837","978",1077
"15587","97799","977",1079
"15588","97264","972",1020
"15589","66509","665",253
"15590","56291","562",364
"15591","79589","795",495
"15592","49699","496",642
"15593","56598","565",350
"15594","26605","266",788
"15595","06484","064",687
"15596","82284","822",19
"15597","91364","913",895
"15598","91322","913",895
"15599","07407","074",746
"15600","96268","962",57
"15601","91349","913",895
"15602","39624","396",704
"15603","91327","913",895
"15604","85049","850",1009
"15605","82340","823",17
"15606","91245","912",897
"15607","91282","912",897
"15608","93348","933",51
"15609","85617","856",1052
"15610","85469","854",1060
"15611","39319","393",709
"15612","84069","840",49
"15613","18055","180",702
"15614","93173","931",53
"15615","83134","831",85
"15616","84169","841",45
"15617","84171","841",45
"15618","93170","931",53
"15619","83564","835",131
"15620","83536","835",131
"15621","92431","924",849
"15622","08451","084",731
"15623","93086","930",28
"15624","93191","931",53
"15625","08056","080",738
"15626","92693","926",842
"15627","83308","833",133
"15628","93488","934",50
"15629","93413","934",50
"15630","94365","943",26
"15631","84323","843",83
"15632","09322","093",1127
"15633","94354","943",26
"15634","08340","083",732
"15635","09419","094",1123
"15636","04861","048",858
"15637","94542","945",22
"15638","14974","149",770
"15639","94496","944",24
"15640","94535","945",22
"15641","94148","941",1172
"15642","09599","095",1120
"15643","94152","941",1174
"15644","54536","545",234
"15645","45892","458",189
"15646","48607","486",193
"15647","42855","428",274
"15648","53797","537",338
"15649","44628","446",326
"15650","44803","448",417
"15651","56659","566",349
"15652","47652","476",210
"15653","52457","524",1095
"15654","47495","474",213
"15655","66780","667",304
"15656","41472","414",324
"15657","54314","543",244
"15658","47167","471",215
"15659","41539","415",321
"15660","85057","850",1009
"15661","99510","995",1145
"15662","85304","853",1001
"15663","83623","836",129
"15664","95339","953",156
"15665","85126","851",1008
"15666","07806","078",740
"15667","93333","933",51
"15668","85406","854",1060
"15669","85445","854",1060
"15670","85417","854",1060
"15671","95191","951",93
"15672","18239","182",698
"15673","06388","063",689
"15674","95508","955",152
"15675","06120","061",692
"15676","93342","933",51
"15677","98587","985",959
"15678","38524","385",613
"15679","23560","235",569
"15680","91743","917",878
"15681","38170","381",618
"15682","96170","961",58
"15683","23744","237",566
"15684","23569","235",569
"15685","21371","213",478
"15686","91086","910",900
"15687","98693","986",1017
"15688","96049","960",59
"15689","38382","383",616
"15690","86694","866",988
"15691","86931","869",980
"15692","96231","962",57
"15693","90765","907",748
"15694","99638","996",1141
"15695","82380","823",17
"15696","94078","940",1178
"15697","01156","011",813
"15698","01445","014",809
"15699","15748","157",912
"15700","01809","018",856
"15701","17321","173",718
"15702","02959","029",802
"15703","02923","029",803
"15704","84076","840",49
"15705","93195","931",53
"15706","92711","927",835
"15707","93138","931",53
"15708","84427","844",81
"15709","18147","181",701
"15710","95685","956",143
"15711","04626","046",860
"15712","08412","084",731
"15713","18311","183",697
"15714","83233","832",135
"15715","84187","841",45
"15716","84155","841",45
"15717","83370","833",133
"15718","83236","832",135
"15719","08237","082",735
"15720","04319","043",867
"15721","84565","845",79
"15722","94315","943",26
"15723","04451","044",866
"15724","04824","048",858
"15725","84503","845",79
"15726","09376","093",1126
"15727","09306","093",1127
"15728","94527","945",21
"15729","14656","146",774
"15730","04886","048",858
"15731","09127","091",1132
"15732","17091","170",723
"15733","16727","167",873
"15734","94571","945",22
"15735","94541","945",22
"15736","04931","049",857
"15737","15806","158",909
"15738","17268","172",721
"15739","15827","158",909
"15740","17392","173",718
"15741","76307","763",1046
"15742","68782","687",386
"15743","27612","276",921
"15744","65843","658",361
"15745","65760","657",372
"15746","61381","613",1029
"15747","27259","272",926
"15748","75179","751",1128
"15749","35457","354",576
"15750","27624","276",921
"15751","75242","752",1125
"15752","32549","325",624
"15753","25842","258",830
"15754","32545","325",624
"15755","28357","283",901
"15756","32657","326",656
"15757","63165","631",1105
"15758","61130","611",962
"15759","35315","353",578
"15760","25797","257",834
"15761","28876","288",894
"15762","21789","217",525
"15763","25795","257",834
"15764","27318","273",925
"15765","33034","330",513
"15766","63931","639",1150
"15767","31629","316",677
"15768","34613","346",406
"15769","63571","635",1163
"15770","27283","272",927
"15771","63808","638",1156
"15772","63607","636",1161
"15773","34582","345",407
"15774","63934","639",1151
"15775","72555","725",70
"15776","73728","737",1038
"15777","63619","636",1161
"15778","71737","717",111
"15779","72636","726",67
"15780","72539","725",70
"15781","74626","746",968
"15782","63639","636",1161
"15783","25560","255",846
"15784","34639","346",406
"15785","86926","869",980
"15786","23747","237",566
"15787","82386","823",17
"15788","85111","851",1005
"15789","06556","065",683
"15790","86565","865",996
"15791","82319","823",17
"15792","91233","912",897
"15793","06313","063",688
"15794","82067","820",1167
"15795","06347","063",688
"15796","39116","391",713
"15797","85402","854",1060
"15798","06420","064",687
"15799","84089","840",49
"15800","85551","855",1057
"15801","19370","193",763
"15802","07819","078",740
"15803","95176","951",93
"15804","12437","124",522
"15805","03249","032",905
"15806","94051","940",1178
"15807","94118","941",1175
"15808","01990","019",853
"15809","01108","011",813
"15810","01847","018",856
"15811","01877","018",856
"15812","01844","018",856
"15813","03042","030",908
"15814","02794","027",768
"15815","02785","027",768
"15816","57632","576",161
"15817","44265","442",339
"15818","55629","556",428
"15819","56584","565",350
"15820","66849","668",303
"15821","56317","563",356
"15822","56170","561",382
"15823","55496","554",435
"15824","48653","486",192
"15825","45772","457",144
"15826","55779","557",514
"15827","26524","265",789
"15828","56253","562",365
"15829","58456","584",106
"15830","44575","445",328
"15831","56869","568",426
"15832","66869","668",302
"15833","26556","265",789
"15834","66882","668",303
"15835","89191","891",332
"15836","97783","977",1079
"15837","73565","735",1041
"15838","21261","212",487
"15839","73568","735",1041
"15840","89608","896",317
"15841","73329","733",1043
"15842","97957","979",1072
"15843","30539","305",604
"15844","97234","972",1020
"15845","97727","977",1079
"15846","97074","970",1024
"15847","89194","891",332
"15848","29320","293",727
"15849","89250","892",327
"15850","22339","223",400
"15851","88486","884",1071
"15852","97318","973",1019
"15853","37199","371",637
"15854","97616","976",1082
"15855","89346","893",325
"15856","22941","229",453
"15857","24226","242",550
"15858","97422","974",1018
"15859","37351","373",635
"15860","91605","916",883
"15861","38268","382",617
"15862","98574","985",959
"15863","89352","893",325
"15864","89429","894",323
"15865","89431","894",323
"15866","38226","382",617
"15867","21436","214",472
"15868","98596","985",959
"15869","99820","998",1169
"15870","91599","915",889
"15871","91744","917",878
"15872","89344","893",325
"15873","38304","383",615
"15874","97494","974",1018
"15875","89361","893",325
"15876","86868","868",981
"15877","23684","236",568
"15878","87668","876",1166
"15879","29590","295",725
"15880","86494","864",943
"15881","23627","236",567
"15882","91475","914",893
"15883","91729","917",878
"15884","91723","917",878
"15885","86875","868",981
"15886","91085","910",900
"15887","96164","961",58
"15888","86679","866",988
"15889","06502","065",686
"15890","99634","996",1141
"15891","96117","961",58
"15892","96528","965",88
"15893","90766","907",748
"15894","23777","237",566
"15895","19243","192",765
"15896","86453","864",947
"15897","91301","913",895
"15898","23948","239",589
"15899","47638","476",210
"15900","52393","523",1023
"15901","46509","465",91
"15902","54612","546",288
"15903","41066","410",286
"15904","47839","478",208
"15905","41352","413",282
"15906","53947","539",330
"15907","54574","545",235
"15908","54529","545",234
"15909","46569","465",90
"15910","50354","503",960
"15911","40885","408",1059
"15912","66822","668",301
"15913","66346","663",257
"15914","45470","454",157
"15915","45357","453",158
"15916","40723","407",1061
"15917","54487","544",242
"15918","45239","452",159
"15919","53859","538",334
"15920","51149","511",1096
"15921","42657","426",280
"15922","66271","662",258
"15923","34314","343",412
"15924","73650","736",1039
"15925","74639","746",968
"15926","88373","883",1074
"15927","37639","376",631
"15928","73635","736",1039
"15929","34125","341",423
"15930","30823","308",601
"15931","88422","884",1071
"15932","74632","746",968
"15933","74676","746",968
"15934","88142","881",1080
"15935","79206","792",502
"15936","67734","677",447
"15937","48155","481",206
"15938","49624","496",642
"15939","26409","264",792
"15940","79291","792",502
"15941","79282","792",502
"15942","79219","792",502
"15943","26689","266",788
"15944","56335","563",359
"15945","79618","796",492
"15946","79111","791",506
"15947","77972","779",390
"15948","55593","555",434
"15949","59227","592",225
"15950","77876","778",392
"15951","67146","671",476
"15952","76870","768",1108
"15953","77830","778",392
"15954","55268","552",441
"15955","65527","655",307
"15956","65207","652",310
"15957","25980","259",829
"15958","67582","675",455
"15959","76774","767",1111
"15960","79801","798",483
"15961","78713","787",261
"15962","59457","594",222
"15963","49593","495",643
"15964","67319","673",464
"15965","67304","673",464
"15966","65604","656",376
"15967","77716","777",397
"15968","85664","856",1055
"15969","92720","927",835
"15970","18276","182",698
"15971","93080","930",28
"15972","93128","931",53
"15973","07552","075",745
"15974","93158","931",53
"15975","84416","844",81
"15976","95173","951",93
"15977","84439","844",81
"15978","07546","075",745
"15979","84051","840",49
"15980","06849","068",668
"15981","04178","041",870
"15982","04613","046",860
"15983","83555","835",131
"15984","83129","831",85
"15985","08427","084",731
"15986","93099","930",29
"15987","84494","844",81
"15988","93492","934",50
"15989","94359","943",26
"15990","09355","093",1126
"15991","84307","843",83
"15992","93468","934",50
"15993","06917","069",664
"15994","14547","145",775
"15995","08352","083",732
"15996","09380","093",1126
"15997","09390","093",1126
"15998","01594","015",807
"15999","17498","174",717
"16000","04938","049",857
"16001","09548","095",1119
"16002","94032","940",1177
"16003","85309","853",1002
"16004","85101","851",1005
"16005","95367","953",156
"16006","92345","923",851
"16007","82041","820",1167
"16008","39130","391",713
"16009","39120","391",713
"16010","91281","912",897
"16011","81827","818",31
"16012","83626","836",129
"16013","07619","076",744
"16014","19406","194",761
"16015","85416","854",1060
"16016","85410","854",1060
"16017","16928","169",869
"16018","06721","067",673
"16019","13129","131",826
"16020","12621","126",516
"16021","01896","018",856
"16022","03226","032",905
"16023","17328","173",718
"16024","02694","026",769
"16025","02953","029",802
"16026","02906","029",803
"16027","57368","573",169
"16028","77790","777",397
"16029","65553","655",307
"16030","25364","253",850
"16031","36043","360",563
"16032","36199","361",562
"16033","74405","744",970
"16034","29323","293",727
"16035","30657","306",602
"16036","36129","361",561
"16037","36205","362",560
"16038","24259","242",551
"16039","31319","313",659
"16040","37318","373",635
"16041","37130","371",637
"16042","89077","890",337
"16043","24239","242",551
"16044","31135","311",662
"16045","24598","245",541
"16046","21217","212",487
"16047","37589","375",632
"16048","22417","224",399
"16049","24244","242",552
"16050","89264","892",327
"16051","97464","974",1018
"16052","31185","311",662
"16053","24211","242",550
"16054","91465","914",893
"16055","73485","734",1042
"16056","89561","895",320
"16057","89437","894",323
"16058","89364","893",325
"16059","86381","863",949
"16060","23818","238",593
"16061","37355","373",635
"16062","21395","213",478
"16063","21382","213",478
"16064","29587","295",725
"16065","97631","976",1083
"16066","91474","914",893
"16067","86657","866",988
"16068","29439","294",726
"16069","86938","869",980
"16070","90596","905",755
"16071","86669","866",988
"16072","91358","913",895
"16073","29488","294",726
"16074","91207","912",897
"16075","99439","994",1147
"16076","29484","294",726
"16077","82404","824",15
"16078","35239","352",579
"16079","35579","355",574
"16080","72280","722",76
"16081","35576","355",574
"16082","35232","352",579
"16083","72178","721",33
"16084","35581","355",574
"16085","28779","287",896
"16086","25826","258",830
"16087","35108","351",584
"16088","61352","613",1029
"16089","78194","781",273
"16090","76703","767",1112
"16091","69120","691",187
"16092","35516","355",575
"16093","78665","786",264
"16094","69234","692",179
"16095","72356","723",74
"16096","78604","786",262
"16097","75223","752",1124
"16098","31600","316",676
"16099","32427","324",625
"16100","78570","785",265
"16101","74867","748",966
"16102","63505","635",1163
"16103","32683","326",656
"16104","69427","694",177
"16105","24980","249",564
"16106","63867","638",1157
"16107","21787","217",525
"16108","70195","701",11
"16109","74399","743",929
"16110","70567","705",8
"16111","25885","258",830
"16112","27367","273",925
"16113","70180","701",11
"16114","72501","725",70
"16115","74395","743",929
"16116","70329","703",10
"16117","71723","717",111
"16118","34270","342",419
"16119","74189","741",939
"16120","21710","217",525
"16121","34305","343",410
"16122","74251","742",933
"16123","71543","715",118
"16124","26802","268",784
"16125","49809","498",638
"16126","53578","535",345
"16127","44369","443",336
"16128","48431","484",198
"16129","45891","458",189
"16130","48531","485",196
"16131","53844","538",334
"16132","45549","455",155
"16133","45665","456",153
"16134","56736","567",346
"16135","45711","457",144
"16136","44147","441",340
"16137","87650","876",1166
"16138","96132","961",58
"16139","86450","864",943
"16140","38126","381",618
"16141","97475","974",1018
"16142","21514","215",467
"16143","86637","866",988
"16144","91595","915",889
"16145","87666","876",1166
"16146","86759","867",982
"16147","91746","917",878
"16148","29588","295",725
"16149","86650","866",988
"16150","86856","868",981
"16151","86482","864",943
"16152","91575","915",889
"16153","19217","192",765
"16154","99765","997",1170
"16155","99334","993",1149
"16156","29459","294",726
"16157","86947","869",980
"16158","98701","987",1013
"16159","91334","913",895
"16160","82269","822",19
"16161","86911","869",980
"16162","29482","294",726
"16163","86941","869",980
"16164","47559","475",212
"16165","52146","521",1026
"16166","41836","418",313
"16167","52459","524",1095
"16168","41239","412",284
"16169","52399","523",1023
"16170","54306","543",245
"16171","54313","543",245
"16172","54318","543",245
"16173","40589","405",1066
"16174","50829","508",956
"16175","50321","503",960
"16176","42579","425",281
"16177","50389","503",960
"16178","51143","511",1096
"16179","48619","486",193
"16180","71554","715",118
"16181","97828","978",1077
"16182","97922","979",1072
"16183","24768","247",534
"16184","89607","896",315
"16185","97292","972",1020
"16186","57639","576",162
"16187","58636","586",104
"16188","67311","673",464
"16189","76473","764",1045
"16190","49401","494",645
"16191","26129","261",800
"16192","65203","652",310
"16193","67161","671",476
"16194","55296","552",443
"16195","76571","765",1044
"16196","67071","670",480
"16197","67112","671",476
"16198","85661","856",1055
"16199","85461","854",1060
"16200","95700","957",138
"16201","06132","061",692
"16202","92729","927",835
"16203","06130","061",692
"16204","93077","930",28
"16205","08606","086",729
"16206","06188","061",692
"16207","18119","181",701
"16208","06780","067",674
"16209","83550","835",131
"16210","83026","830",87
"16211","84184","841",45
"16212","07985","079",739
"16213","95703","957",137
"16214","06809","068",666
"16215","83128","831",85
"16216","14827","148",771
"16217","84137","841",45
"16218","92697","926",844
"16219","95695","956",143
"16220","84453","844",81
"16221","83371","833",133
"16222","84339","843",83
"16223","09328","093",1127
"16224","94362","943",26
"16225","84547","845",79
"16226","83454","834",132
"16227","93473","934",50
"16228","83367","833",133
"16229","14913","149",770
"16230","17219","172",720
"16231","17111","171",722
"16232","09244","092",1130
"16233","09113","091",1132
"16234","83395","833",134
"16235","17094","170",723
"16236","16792","167",873
"16237","01619","016",806
"16238","13089","130",833
"16239","39167","391",713
"16240","85716","857",1051
"16241","80937","809",814
"16242","39118","391",713
"16243","81737","817",32
"16244","81735","817",32
"16245","95192","951",93
"16246","07616","076",744
"16247","95469","954",154
"16248","85356","853",999
"16249","92676","926",841
"16250","84094","840",49
"16251","85667","856",1052
"16252","92242","922",852
"16253","90425","904",760
"16254","86559","865",996
"16255","82256","822",19
"16256","85229","852",1004
"16257","85123","851",1006
"16258","17390","173",718
"16259","15566","155",913
"16260","94110","941",1175
"16261","15859","158",910
"16262","16248","162",888
"16263","01994","019",853
"16264","17454","174",716
"16265","15234","152",915
"16266","46446","464",94
"16267","41366","413",283
"16268","52396","523",1023
"16269","41199","411",285
"16270","52349","523",1023
"16271","41517","415",321
"16272","54311","543",244
"16273","41515","415",321
"16274","46414","464",94
"16275","66709","667",306
"16276","66265","662",259
"16277","40883","408",1059
"16278","48599","485",195
"16279","45257","452",159
"16280","56575","565",350
"16281","48429","484",198
"16282","48282","482",205
"16283","26904","269",779
"16284","56154","561",380
"16285","56072","560",385
"16286","44329","443",336
"16287","58566","585",105
"16288","66399","663",256
"16289","44793","447",422
"16290","51789","517",1137
"16291","58332","583",108
"16292","44149","441",340
"16293","59939","599",216
"16294","67166","671",476
"16295","35080","350",586
"16296","33415","334",504
"16297","72226","722",76
"16298","68163","681",401
"16299","59929","599",216
"16300","78054","780",275
"16301","78056","780",275
"16302","33611","336",499
"16303","68723","687",386
"16304","78187","781",273
"16305","61191","611",962
"16306","69231","692",179
"16307","69126","691",187
"16308","78606","786",262
"16309","64658","646",1100
"16310","64846","648",1098
"16311","74889","748",965
"16312","71299","712",124
"16313","28865","288",894
"16314","27249","272",926
"16315","34477","344",409
"16316","27339","273",925
"16317","63512","635",1162
"16318","63500","635",1162
"16319","34454","344",409
"16320","74397","743",929
"16321","21770","217",525
"16322","71032","710",78
"16323","63755","637",1160
"16324","71101","711",127
"16325","27333","273",925
"16326","31683","316",675
"16327","31547","315",678
"16328","70597","705",8
"16329","78462","784",266
"16330","21732","217",525
"16331","70736","707",5
"16332","31552","315",678
"16333","31636","316",677
"16334","72574","725",70
"16335","74243","742",934
"16336","29664","296",724
"16337","88048","880",1084
"16338","73666","736",1039
"16339","37603","376",631
"16340","88400","884",1071
"16341","25421","254",848
"16342","89614","896",317
"16343","88410","884",1071
"16344","73569","735",1041
"16345","88437","884",1071
"16346","24647","246",537
"16347","97996","979",1072
"16348","24644","246",537
"16349","31139","311",662
"16350","24649","246",537
"16351","97283","972",1020
"16352","37287","372",636
"16353","88484","884",1071
"16354","73572","735",1041
"16355","22455","224",398
"16356","73563","735",1041
"16357","89179","891",332
"16358","97286","972",1020
"16359","21439","214",472
"16360","24628","246",536
"16361","88459","884",1071
"16362","22149","221",404
"16363","29565","295",725
"16364","89176","891",332
"16365","99817","998",1169
"16366","98590","985",959
"16367","87766","877",1165
"16368","89423","894",323
"16369","99986","999",1168
"16370","91578","915",889
"16371","22964","229",453
"16372","89356","893",325
"16373","79591","795",495
"16374","56340","563",354
"16375","57589","575",167
"16376","56191","561",382
"16377","56237","562",367
"16378","55430","554",435
"16379","57537","575",166
"16380","79341","793",501
"16381","58809","588",101
"16382","79224","792",502
"16383","77974","779",390
"16384","67826","678",519
"16385","86741","867",982
"16386","89420","894",323
"16387","38302","383",615
"16388","29579","295",725
"16389","86865","868",981
"16390","21398","213",478
"16391","86497","864",943
"16392","38556","385",613
"16393","23909","239",588
"16394","86681","866",988
"16395","21369","213",478
"16396","38473","384",614
"16397","86986","869",980
"16398","90617","906",754
"16399","86156","861",953
"16400","96052","960",59
"16401","86916","869",980
"16402","38461","384",614
"16403","96450","964",89
"16404","23743","237",566
"16405","86703","867",986
"16406","86415","864",945
"16407","96489","964",89
"16408","58710","587",103
"16409","59229","592",225
"16410","56459","564",352
"16411","26219","262",798
"16412","49170","491",654
"16413","49205","492",652
"16414","65346","653",309
"16415","49084","490",658
"16416","65344","653",309
"16417","67147","671",476
"16418","49163","491",654
"16419","67149","671",476
"16420","33829","338",549
"16421","67134","671",476
"16422","55131","551",445
"16423","67259","672",469
"16424","49356","493",649
"16425","35619","356",571
"16426","67583","675",455
"16427","65474","654",308
"16428","73274","732",971
"16429","34376","343",412
"16430","36103","361",561
"16431","72537","725",70
"16432","34326","343",413
"16433","97855","978",1077
"16434","37632","376",631
"16435","24816","248",531
"16436","30827","308",601
"16437","89613","896",315
"16438","85567","855",1057
"16439","95615","956",143
"16440","83539","835",131
"16441","83533","835",131
"16442","92717","927",837
"16443","19395","193",763
"16444","06861","068",668
"16445","83512","835",131
"16446","83137","831",85
"16447","93177","931",53
"16448","17213","172",719
"16449","92526","925",847
"16450","84478","844",81
"16451","08060","080",738
"16452","17166","171",722
"16453","04328","043",867
"16454","04552","045",862
"16455","94351","943",26
"16456","08132","081",737
"16457","14662","146",774
"16458","08141","081",737
"16459","93483","934",50
"16460","94419","944",23
"16461","84579","845",79
"16462","94375","943",26
"16463","94336","943",26
"16464","18513","185",694
"16465","84332","843",83
"16466","94560","945",21
"16467","09123","091",1132
"16468","83404","834",132
"16469","94539","945",21
"16470","17121","171",722
"16471","09471","094",1123
"16472","16798","167",873
"16473","09432","094",1123
"16474","94530","945",22
"16475","94508","945",22
"16476","94575","945",22
"16477","94060","940",1176
"16478","09526","095",1119
"16479","94154","941",1175
"16480","85055","850",1009
"16481","91247","912",897
"16482","19067","190",766
"16483","92259","922",852
"16484","07929","079",739
"16485","95119","951",93
"16486","81929","819",30
"16487","85521","855",1058
"16488","85737","857",1049
"16489","85640","856",1052
"16490","85653","856",1052
"16491","85658","856",1052
"16492","85462","854",1060
"16493","92274","922",852
"16494","95032","950",97
"16495","07955","079",739
"16496","96237","962",57
"16497","96247","962",57
"16498","82285","822",19
"16499","91369","913",895
"16500","29472","294",726
"16501","86556","865",996
"16502","29476","294",726
"16503","91346","913",895
"16504","86562","865",996
"16505","99427","994",1147
"16506","91227","912",897
"16507","96337","963",56
"16508","86558","865",996
"16509","07333","073",747
"16510","23896","238",595
"16511","38104","381",618
"16512","91722","917",878
"16513","99706","997",1170
"16514","99867","998",1169
"16515","29379","293",727
"16516","23879","238",595
"16517","23717","237",566
"16518","86502","865",998
"16519","86405","864",948
"16520","86678","866",988
"16521","23738","237",566
"16522","86972","869",980
"16523","99090","990",1158
"16524","86688","866",988
"16525","91792","917",878
"16526","86159","861",953
"16527","86167","861",953
"16528","96253","962",57
"16529","19205","192",765
"16530","91096","910",900
"16531","90449","904",760
"16532","01558","015",808
"16533","17509","175",715
"16534","13051","130",833
"16535","01762","017",804
"16536","15754","157",912
"16537","16227","162",888
"16538","03185","031",906
"16539","02692","026",769
"16540","02782","027",768
"16541","02739","027",768
"16542","67580","675",455
"16543","68305","683",394
"16544","65451","654",308
"16545","61267","612",1030
"16546","76356","763",1046
"16547","76327","763",1046
"16548","64546","645",1101
"16549","27607","276",921
"16550","75305","753",1121
"16551","79798","797",490
"16552","25924","259",829
"16553","33699","336",499
"16554","69207","692",181
"16555","78250","782",270
"16556","33181","331",511
"16557","27474","274",924
"16558","72186","721",33
"16559","72351","723",74
"16560","74918","749",963
"16561","78573","785",265
"16562","61200","612",1030
"16563","74909","749",964
"16564","71126","711",125
"16565","32760","327",653
"16566","35410","354",576
"16567","75031","750",1131
"16568","74937","749",964
"16569","71287","712",124
"16570","27254","272",926
"16571","88631","886",1065
"16572","34513","345",407
"16573","74869","748",966
"16574","25746","257",834
"16575","72116","721",35
"16576","74928","749",964
"16577","72474","724",72
"16578","72514","725",69
"16579","63743","637",1160
"16580","63911","639",1151
"16581","25864","258",830
"16582","74834","748",966
"16583","71711","717",111
"16584","72805","728",63
"16585","74850","748",966
"16586","31535","315",678
"16587","34621","346",406
"16588","24899","248",531
"16589","31787","317",672
"16590","24963","249",564
"16591","97833","978",1077
"16592","73240","732",971
"16593","24870","248",531
"16594","88521","885",1068
"16595","24885","248",531
"16596","41068","410",287
"16597","54610","546",289
"16598","47239","472",214
"16599","47259","472",214
"16600","41466","414",324
"16601","66793","667",304
"16602","53534","535",342
"16603","53539","535",342
"16604","50933","509",955
"16605","49828","498",638
"16606","51373","513",1148
"16607","42553","425",281
"16608","22880","228",457
"16609","97857","978",1077
"16610","21279","212",487
"16611","97225","972",1020
"16612","24793","247",535
"16613","31028","310",663
"16614","74544","745",969
"16615","37213","372",636
"16616","97268","972",1020
"16617","73571","735",1041
"16618","97082","970",1024
"16619","24623","246",537
"16620","88299","882",1078
"16621","97535","975",1087
"16622","73491","734",1042
"16623","98634","986",1016
"16624","37434","374",633
"16625","36466","364",558
"16626","37281","372",636
"16627","31241","312",661
"16628","89359","893",325
"16629","22967","229",453
"16630","29556","295",725
"16631","87719","877",1165
"16632","96152","961",58
"16633","86747","867",982
"16634","67722","677",450
"16635","58739","587",103
"16636","77746","777",397
"16637","59071","590",227
"16638","79104","791",506
"16639","59514","595",221
"16640","77799","777",397
"16641","77723","777",397
"16642","49080","490",658
"16643","26316","263",796
"16644","65627","656",377
"16645","49685","496",642
"16646","26131","261",800
"16647","76474","764",1045
"16648","67378","673",463
"16649","76476","764",1045
"16650","35638","356",571
"16651","67459","674",461
"16652","33334","333",509
"16653","65817","658",362
"16654","76599","765",1044
"16655","76275","762",1048
"16656","65779","657",371
"16657","27804","278",917
"16658","97907","979",1073
"16659","74744","747",967
"16660","88069","880",1084
"16661","88079","880",1084
"16662","73642","736",1039
"16663","21649","216",528
"16664","31008","310",663
"16665","73345","733",1043
"16666","56727","567",346
"16667","56651","566",349
"16668","51503","515",1143
"16669","66453","664",255
"16670","55743","557",514
"16671","53773","537",338
"16672","79592","795",495
"16673","58644","586",104
"16674","55571","555",433
"16675","49637","496",642
"16676","56428","564",351
"16677","26632","266",788
"16678","49811","498",638
"16679","56254","562",365
"16680","66904","669",297
"16681","67746","677",448
"16682","26487","264",792
"16683","67749","677",447
"16684","83553","835",131
"16685","92546","925",847
"16686","08547","085",730
"16687","06846","068",668
"16688","04509","045",863
"16689","92447","924",849
"16690","84431","844",81
"16691","84544","845",79
"16692","08064","080",738
"16693","14776","147",772
"16694","08112","081",737
"16695","17179","171",722
"16696","04668","046",861
"16697","08118","081",737
"16698","17159","171",722
"16699","09481","094",1123
"16700","14548","145",775
"16701","18510","185",694
"16702","09128","091",1132
"16703","09661","096",1116
"16704","09429","094",1123
"16705","94474","944",24
"16706","12279","122",524
"16707","15834","158",909
"16708","17348","173",718
"16709","17098","170",723
"16710","24392","243",546
"16711","73337","733",1043
"16712","88364","883",1074
"16713","25373","253",850
"16714","37574","375",632
"16715","37218","372",636
"16716","24634","246",537
"16717","37242","372",636
"16718","25479","254",848
"16719","24398","243",546
"16720","97084","970",1024
"16721","97653","976",1082
"16722","36142","361",561
"16723","37296","372",636
"16724","88453","884",1071
"16725","37276","372",636
"16726","73447","734",1042
"16727","97645","976",1082
"16728","97279","972",1020
"16729","24250","242",550
"16730","89296","892",327
"16731","21031","210",494
"16732","91583","915",889
"16733","29345","293",727
"16734","24248","242",550
"16735","97350","973",1019
"16736","89297","892",327
"16737","38228","382",617
"16738","86480","864",943
"16739","37345","373",635
"16740","97519","975",1092
"16741","89343","893",325
"16742","91749","917",878
"16743","38528","385",613
"16744","91472","914",893
"16745","38315","383",615
"16746","86745","867",982
"16747","38667","386",611
"16748","85134","851",1005
"16749","91257","912",897
"16750","95500","955",147
"16751","85777","857",1051
"16752","95179","951",93
"16753","18233","182",698
"16754","85104","851",1008
"16755","81825","818",31
"16756","95239","952",92
"16757","39245","392",712
"16758","06386","063",689
"16759","65479","654",308
"16760","78183","781",273
"16761","68766","687",386
"16762","68519","685",389
"16763","69493","694",176
"16764","35041","350",586
"16765","27248","272",926
"16766","63303","633",1102
"16767","75181","751",1128
"16768","34431","344",409
"16769","64409","644",1034
"16770","63128","631",1105
"16771","33100","331",511
"16772","75391","753",1121
"16773","32756","327",653
"16774","74925","749",964
"16775","63674","636",1161
"16776","35321","353",578
"16777","64732","647",1099
"16778","27321","273",925
"16779","21782","217",525
"16780","71067","710",78
"16781","27327","273",925
"16782","25840","258",830
"16783","72810","728",64
"16784","34596","345",407
"16785","71696","716",116
"16786","36304","363",559
"16787","74235","742",934
"16788","37688","376",631
"16789","72829","728",63
"16790","63828","638",1156
"16791","73733","737",1038
"16792","24861","248",531
"16793","24876","248",531
"16794","74706","747",967
"16795","37699","376",631
"16796","73630","736",1039
"16797","87674","876",1166
"16798","99887","998",1169
"16799","38321","383",615
"16800","86754","867",982
"16801","90599","905",757
"16802","91580","915",889
"16803","86609","866",988
"16804","29562","295",725
"16805","91452","914",893
"16806","86477","864",943
"16807","38468","384",614
"16808","38476","384",614
"16809","91741","917",878
"16810","91720","917",878
"16811","96479","964",89
"16812","91799","917",878
"16813","96482","964",89
"16814","96149","961",58
"16815","96269","962",57
"16816","38822","388",606
"16817","86974","869",980
"16818","96129","961",58
"16819","90453","904",760
"16820","91088","910",900
"16821","91161","911",898
"16822","85072","850",1010
"16823","96272","962",57
"16824","06577","065",683
"16825","96277","962",57
"16826","91367","913",895
"16827","19057","190",766
"16828","04934","049",857
"16829","12689","126",516
"16830","15366","153",914
"16831","01099","010",816
"16832","01998","019",853
"16833","15868","158",910
"16834","03130","031",906
"16835","02730","027",768
"16836","41812","418",313
"16837","66663","666",249
"16838","54568","545",235
"16839","50171","501",928
"16840","54662","546",288
"16841","46397","463",96
"16842","47199","471",215
"16843","47198","471",215
"16844","41542","415",321
"16845","54531","545",234
"16846","54346","543",245
"16847","40878","408",1059
"16848","40822","408",1059
"16849","56769","567",347
"16850","42781","427",279
"16851","53117","531",294
"16852","49744","497",641
"16853","49762","497",641
"16854","51491","514",1146
"16855","44627","446",326
"16856","77887","778",392
"16857","55271","552",441
"16858","26197","261",801
"16859","65611","656",378
"16860","79761","797",488
"16861","35799","357",570
"16862","76470","764",1045
"16863","76751","767",1111
"16864","65191","651",311
"16865","77761","777",397
"16866","79793","797",488
"16867","79771","797",488
"16868","72290","722",76
"16869","35768","357",570
"16870","61279","612",1030
"16871","24800","248",531
"16872","31832","318",665
"16873","71549","715",118
"16874","97892","978",1077
"16875","24811","248",531
"16876","36041","360",563
"16877","24977","249",564
"16878","25436","254",848
"16879","25597","255",846
"16880","21258","212",487
"16881","24813","248",531
"16882","73667","736",1039
"16883","36151","361",561
"16884","24784","247",534
"16885","66976","669",295
"16886","49626","496",642
"16887","79539","795",495
"16888","67829","678",517
"16889","79268","792",502
"16890","79288","792",502
"16891","49696","496",642
"16892","49688","496",642
"16893","79312","793",501
"16894","49565","495",643
"16895","49635","496",642
"16896","65321","653",309
"16897","49090","490",658
"16898","65599","655",307
"16899","26389","263",797
"16900","42399","423",231
"16901","48301","483",199
"16902","56656","566",349
"16903","55774","557",514
"16904","49777","497",641
"16905","55626","556",430
"16906","44143","441",340
"16907","66917","669",296
"16908","66506","665",253
"16909","58239","582",113
"16910","56321","563",354
"16911","52134","521",1026
"16912","41372","413",283
"16913","52379","523",1023
"16914","54614","546",288
"16915","53949","539",330
"16916","54587","545",235
"16917","54451","544",240
"16918","41462","414",324
"16919","41468","414",324
"16920","40489","404",1070
"16921","46539","465",90
"16922","53533","535",342
"16923","54421","544",241
"16924","54558","545",234
"16925","46342","463",95
"16926","54470","544",243
"16927","56828","568",425
"16928","48529","485",196
"16929","53119","531",294
"16930","45259","452",159
"16931","74249","742",934
"16932","88094","880",1084
"16933","73252","732",971
"16934","30974","309",597
"16935","29690","296",724
"16936","21739","217",525
"16937","97953","979",1072
"16938","88097","880",1084
"16939","97956","979",1072
"16940","73119","731",972
"16941","37642","376",631
"16942","88326","883",1074
"16943","73117","731",974
"16944","34298","342",419
"16945","31036","310",663
"16946","58769","587",102
"16947","79427","794",498
"16948","49584","495",643
"16949","79241","792",502
"16950","58640","586",104
"16951","55444","554",435
"16952","59423","594",222
"16953","79336","793",501
"16954","49577","495",643
"16955","59073","590",227
"16956","65551","655",307
"16957","76534","765",1044
"16958","67269","672",469
"16959","35764","357",570
"16960","33803","338",549
"16961","49424","494",645
"16962","67680","676",451
"16963","77978","779",390
"16964","67292","672",470
"16965","26215","262",799
"16966","44536","445",329
"16967","44339","443",336
"16968","66503","665",253
"16969","56593","565",350
"16970","56281","562",364
"16971","26845","268",784
"16972","48565","485",194
"16973","26532","265",789
"16974","66500","665",251
"16975","56648","566",349
"16976","66629","666",249
"16977","26899","268",784
"16978","99085","990",1158
"16979","19303","193",762
"16980","82288","822",19
"16981","91320","913",895
"16982","82447","824",13
"16983","82390","823",17
"16984","06466","064",687
"16985","96197","961",58
"16986","91344","913",895
"16987","91220","912",897
"16988","99425","994",1147
"16989","85232","852",1004
"16990","85125","851",1005
"16991","95336","953",156
"16992","82431","824",13
"16993","82178","821",20
"16994","91244","912",897
"16995","95158","951",93
"16996","06366","063",689
"16997","06722","067",673
"16998","85656","856",1055
"16999","85643","856",1055
"17000","16945","169",869
"17001","07958","079",739
"17002","92694","926",840
"17003","92507","925",847
"17004","92705","927",835
"17005","92540","925",847
"17006","84082","840",49
"17007","18279","182",698
"17008","84178","841",45
"17009","84564","845",80
"17010","92552","925",847
"17011","92714","927",838
"17012","83256","832",135
"17013","84168","841",45
"17014","84130","841",45
"17015","92444","924",849
"17016","04838","048",858
"17017","18320","183",697
"17018","17207","172",719
"17019","04827","048",858
"17020","92549","925",847
"17021","93497","934",50
"17022","04860","048",858
"17023","84367","843",83
"17024","09474","094",1123
"17025","84381","843",83
"17026","94265","942",27
"17027","84384","843",83
"17028","09456","094",1123
"17029","94149","941",1171
"17030","94099","940",1176
"17031","04936","049",857
"17032","94127","941",1174
"17033","94157","941",1175
"17034","16244","162",888
"17035","33335","333",509
"17036","33619","336",499
"17037","28790","287",896
"17038","49419","494",645
"17039","64347","643",1035
"17040","35582","355",574
"17041","27576","275",922
"17042","75385","753",1121
"17043","75015","750",1131
"17044","34519","345",408
"17045","75245","752",1124
"17046","35104","351",585
"17047","35519","355",575
"17048","33102","331",511
"17049","60388","603",62
"17050","72401","724",72
"17051","69151","691",187
"17052","71292","712",124
"17053","35466","354",576
"17054","31604","316",676
"17055","71157","711",126
"17056","64711","647",1099
"17057","72461","724",72
"17058","63694","636",1161
"17059","32825","328",646
"17060","31675","316",675
"17061","34439","344",409
"17062","72510","725",71
"17063","63549","635",1163
"17064","27299","272",927
"17065","72488","724",72
"17066","88696","886",1064
"17067","72770","727",66
"17068","70437","704",9
"17069","63825","638",1156
"17070","70378","703",10
"17071","34637","346",406
"17072","36369","363",559
"17073","37671","376",631
"17074","63869","638",1156
"17075","72639","726",67
"17076","21714","217",525
"17077","21698","216",528
"17078","36124","361",561
"17079","74677","746",968
"17080","30966","309",597
"17081","31171","311",662
"17082","24897","248",531
"17083","31157","311",662
"17084","25494","254",848
"17085","88145","881",1080
"17086","88353","883",1074
"17087","37290","372",636
"17088","97232","972",1020
"17089","88179","881",1080
"17090","89198","891",332
"17091","24582","245",543
"17092","89555","895",320
"17093","97246","972",1020
"17094","31167","311",662
"17095","99834","998",1169
"17096","97215","972",1020
"17097","22115","221",403
"17098","22143","221",404
"17099","29356","293",727
"17100","99831","998",1169
"17101","24232","242",550
"17102","89568","895",320
"17103","21360","213",478
"17104","21407","214",471
"17105","38518","385",613
"17106","38120","381",618
"17107","99869","998",1169
"17108","85298","852",1004
"17109","92369","923",851
"17110","96349","963",56
"17111","81243","812",44
"17112","85757","857",1050
"17113","91236","912",897
"17114","85098","850",1009
"17115","39179","391",713
"17116","83677","836",129
"17117","93351","933",51
"17118","85599","855",1057
"17119","95234","952",92
"17120","85413","854",1060
"17121","19336","193",764
"17122","07589","075",745
"17123","99752","997",1170
"17124","38300","383",615
"17125","86732","867",982
"17126","86751","867",982
"17127","98660","986",1016
"17128","29394","293",727
"17129","86833","868",981
"17130","97500","975",1091
"17131","99885","998",1169
"17132","86854","868",981
"17133","38554","385",613
"17134","23669","236",568
"17135","86690","866",988
"17136","38381","383",616
"17137","96047","960",59
"17138","91189","911",899
"17139","91785","917",878
"17140","91352","913",895
"17141","91788","917",878
"17142","23749","237",566
"17143","86568","865",996
"17144","23746","237",566
"17145","19230","192",765
"17146","16269","162",888
"17147","01814","018",856
"17148","15320","153",914
"17149","03172","031",906
"17150","01979","019",853
"17151","17406","174",716
"17152","47574","475",212
"17153","54608","546",288
"17154","47669","476",210
"17155","53925","539",330
"17156","47179","471",215
"17157","41470","414",324
"17158","53881","538",333
"17159","66333","663",257
"17160","40547","405",1067
"17161","49843","498",638
"17162","40593","405",1066
"17163","53332","533",292
"17164","45356","453",158
"17165","51379","513",1148
"17166","42799","427",278
"17167","66287","662",259
"17168","51069","510",1097
"17169","44866","448",418
"17170","66640","666",249
"17171","51429","514",1146
"17172","56653","566",349
"17173","44625","446",326
"17174","26892","268",784
"17175","44579","445",328
"17176","88281","882",1078
"17177","24864","248",531
"17178","24888","248",531
"17179","24802","248",531
"17180","29308","293",727
"17181","73312","733",1043
"17182","97789","977",1079
"17183","36160","361",561
"17184","97795","977",1079
"17185","25485","254",848
"17186","25469","254",848
"17187","24364","243",546
"17188","24568","245",540
"17189","97080","970",1024
"17190","36419","364",558
"17191","74424","744",970
"17192","36284","362",560
"17193","89197","891",332
"17194","31162","311",662
"17195","73494","734",1042
"17196","97656","976",1082
"17197","21220","212",487
"17198","21376","213",478
"17199","88451","884",1071
"17200","31311","313",660
"17201","29221","292",728
"17202","22119","221",403
"17203","89281","892",327
"17204","87764","877",1165
"17205","73492","734",1042
"17206","24635","246",539
"17207","24245","242",550
"17208","24610","246",539
"17209","87773","877",1165
"17210","87734","877",1165
"17211","87785","877",1165
"17212","91550","915",889
"17213","91555","915",889
"17214","97508","975",1085
"17215","29351","293",727
"17216","38704","387",608
"17217","89446","894",323
"17218","22958","229",454
"17219","29553","295",725
"17220","99947","999",1168
"17221","22956","229",453
"17222","99880","998",1169
"17223","89407","894",323
"17224","87775","877",1165
"17225","38551","385",613
"17226","35644","356",571
"17227","33647","336",499
"17228","33739","337",554
"17229","72175","721",33
"17230","35075","350",586
"17231","78083","780",275
"17232","68799","687",386
"17233","35428","354",576
"17234","64295","642",1037
"17235","60439","604",61
"17236","72221","722",76
"17237","69214","692",183
"17238","78591","785",265
"17239","72229","722",76
"17240","64668","646",1100
"17241","78582","785",265
"17242","64859","648",1098
"17243","28199","281",904
"17244","28844","288",894
"17245","78589","785",265
"17246","63073","630",1106
"17247","78224","782",270
"17248","74915","749",964
"17249","78600","786",263
"17250","64757","647",1099
"17251","34414","344",409
"17252","78345","783",267
"17253","74906","749",964
"17254","63533","635",1162
"17255","78351","783",267
"17256","74372","743",929
"17257","69439","694",174
"17258","74392","743",929
"17259","70569","705",8
"17260","78354","783",267
"17261","31628","316",677
"17262","35327","353",578
"17263","63897","638",1155
"17264","34434","344",409
"17265","72631","726",67
"17266","74379","743",929
"17267","71691","716",116
"17268","63826","638",1156
"17269","71642","716",116
"17270","72658","726",67
"17271","24803","248",531
"17272","63875","638",1156
"17273","71334","713",122
"17274","88356","883",1074
"17275","24887","248",531
"17276","73773","737",1038
"17277","34128","341",423
"17278","97900","979",1072
"17279","26180","261",800
"17280","78136","781",273
"17281","59609","596",220
"17282","26969","269",781
"17283","76448","764",1045
"17284","78199","781",273
"17285","49448","494",645
"17286","59555","595",221
"17287","35688","356",572
"17288","67373","673",463
"17289","68623","686",388
"17290","64589","645",1101
"17291","34323","343",413
"17292","27374","273",925
"17293","34302","343",414
"17294","74629","746",968
"17295","25379","253",850
"17296","24960","249",564
"17297","24999","249",564
"17298","73066","730",978
"17299","34253","342",419
"17300","88276","882",1078
"17301","88214","882",1078
"17302","72589","725",70
"17303","24594","245",542
"17304","89617","896",316
"17305","24894","248",531
"17306","73105","731",973
"17307","30455","304",605
"17308","30453","304",605
"17309","55424","554",435
"17310","77656","776",312
"17311","79674","796",492
"17312","49076","490",658
"17313","57072","570",172
"17314","77654","776",312
"17315","67305","673",464
"17316","77797","777",397
"17317","49124","491",654
"17318","79730","797",488
"17319","79859","798",482
"17320","56316","563",356
"17321","58762","587",102
"17322","79541","795",495
"17323","48167","481",206
"17324","48324","483",201
"17325","79356","793",501
"17326","59075","590",227
"17327","26169","261",800
"17328","67806","678",518
"17329","56410","564",351
"17330","79114","791",506
"17331","48356","483",199
"17332","48480","484",197
"17333","06128","061",692
"17334","95182","951",93
"17335","84056","840",49
"17336","83098","830",87
"17337","06712","067",673
"17338","08548","085",730
"17339","92533","925",847
"17340","83569","835",131
"17341","95691","956",143
"17342","04523","045",862
"17343","95692","956",143
"17344","06792","067",674
"17345","92727","927",838
"17346","93102","931",55
"17347","83546","835",131
"17348","14727","147",772
"17349","04575","045",862
"17350","92445","924",849
"17351","08228","082",735
"17352","08062","080",738
"17353","83278","832",136
"17354","94347","943",26
"17355","94357","943",26
"17356","83379","833",133
"17357","09366","093",1126
"17358","17154","171",722
"17359","93477","934",50
"17360","04862","048",858
"17361","84533","845",79
"17362","94244","942",27
"17363","14554","145",775
"17364","94227","942",27
"17365","94548","945",22
"17366","14979","149",770
"17367","85244","852",1004
"17368","85256","852",1004
"17369","06295","062",691
"17370","07387","073",747
"17371","39446","394",706
"17372","95358","953",156
"17373","85301","853",1001
"17374","85376","853",999
"17375","92278","922",852
"17376","06179","061",692
"17377","85452","854",1060
"17378","95514","955",150
"17379","92724","927",836
"17380","95506","955",150
"17381","93359","933",51
"17382","91365","913",895
"17383","19071","190",766
"17384","06458","064",687
"17385","96332","963",56
"17386","06464","064",687
"17387","95491","954",154
"17388","97496","974",1018
"17389","24327","243",547
"17390","38322","383",615
"17391","86879","868",981
"17392","96166","961",58
"17393","23899","238",595
"17394","96145","961",58
"17395","98669","986",1016
"17396","96182","961",58
"17397","99338","993",1149
"17398","86682","866",988
"17399","98666","986",1016
"17400","91174","911",898
"17401","38895","388",606
"17402","86981","869",980
"17403","86929","869",980
"17404","96486","964",89
"17405","90762","907",748
"17406","99087","990",1158
"17407","90451","904",760
"17408","94133","941",1175
"17409","94124","941",1175
"17410","12524","125",521
"17411","01157","011",813
"17412","15378","153",914
"17413","15526","155",913
"17414","03054","030",908
"17415","02689","026",769
"17416","02827","028",767
"17417","44534","445",329
"17418","51645","516",1139
"17419","26489","264",792
"17420","44267","442",339
"17421","52531","525",1094
"17422","47626","476",210
"17423","47804","478",208
"17424","47829","478",208
"17425","66763","667",304
"17426","50767","507",957
"17427","53518","535",342
"17428","66128","661",260
"17429","42489","424",229
"17430","51375","513",1148
"17431","67678","676",451
"17432","67727","677",450
"17433","49632","496",642
"17434","56368","563",354
"17435","79713","797",488
"17436","79868","798",482
"17437","67316","673",464
"17438","55237","552",440
"17439","79263","792",502
"17440","79874","798",482
"17441","59302","593",224
"17442","42653","426",280
"17443","56823","568",425
"17444","53474","534",291
"17445","53115","531",294
"17446","45529","455",155
"17447","42929","429",272
"17448","44791","447",422
"17449","42899","428",274
"17450","26624","266",788
"17451","79540","795",495
"17452","49599","495",643
"17453","49545","495",643
"17454","57644","576",164
"17455","67824","678",519
"17456","48499","484",197
"17457","26810","268",784
"17458","48329","483",199
"17459","44227","442",339
"17460","88147","881",1080
"17461","73326","733",1043
"17462","25482","254",848
"17463","97980","979",1072
"17464","36132","361",561
"17465","73333","733",1043
"17466","88454","884",1071
"17467","30625","306",602
"17468","97270","972",1020
"17469","97250","972",1020
"17470","25451","254",848
"17471","29313","293",727
"17472","31195","311",662
"17473","97705","977",1079
"17474","36208","362",560
"17475","88167","881",1080
"17476","89195","891",332
"17477","73457","734",1042
"17478","97708","977",1079
"17479","97241","972",1020
"17480","37191","371",637
"17481","97252","972",1021
"17482","22043","220",405
"17483","87544","875",1135
"17484","23866","238",592
"17485","99830","998",1169
"17486","97509","975",1085
"17487","38277","382",617
"17488","89347","893",325
"17489","87743","877",1165
"17490","99826","998",1169
"17491","97453","974",1018
"17492","97633","976",1083
"17493","91602","916",882
"17494","22952","229",453
"17495","21335","213",478
"17496","29581","295",725
"17497","97497","974",1018
"17498","87757","877",1165
"17499","23619","236",568
"17500","89368","893",325
"17501","99713","997",1170
"17502","29392","293",727
"17503","38124","381",618
"17504","64521","645",1101
"17505","64569","645",1101
"17506","76227","762",1048
"17507","76676","766",1115
"17508","33142","331",511
"17509","35088","350",587
"17510","65929","659",353
"17511","27580","275",922
"17512","32051","320",630
"17513","35452","354",576
"17514","61239","612",1030
"17515","63225","632",1104
"17516","35440","354",576
"17517","32052","320",630
"17518","64291","642",1037
"17519","64686","646",1100
"17520","78532","785",265
"17521","32479","324",625
"17522","75175","751",1128
"17523","72369","723",74
"17524","35460","354",576
"17525","35423","354",576
"17526","63322","633",1102
"17527","35091","350",586
"17528","35085","350",586
"17529","75233","752",1125
"17530","64839","648",1098
"17531","32469","324",625
"17532","63477","634",1164
"17533","25920","259",829
"17534","71297","712",124
"17535","74927","749",964
"17536","78337","783",267
"17537","72362","723",74
"17538","64756","647",1099
"17539","78359","783",268
"17540","34474","344",409
"17541","25792","257",834
"17542","74858","748",966
"17543","25926","259",829
"17544","34549","345",407
"17545","72458","724",72
"17546","69437","694",174
"17547","63741","637",1160
"17548","70565","705",8
"17549","74081","740",942
"17550","63834","638",1156
"17551","27313","273",925
"17552","25850","258",830
"17553","63863","638",1156
"17554","25721","257",834
"17555","72655","726",67
"17556","25576","255",846
"17557","34626","346",406
"17558","71394","713",122
"17559","25557","255",846
"17560","71546","715",118
"17561","25599","255",846
"17562","25799","257",834
"17563","97877","978",1077
"17564","73265","732",971
"17565","74613","746",968
"17566","23999","239",590
"17567","91241","912",897
"17568","80999","809",814
"17569","19065","190",766
"17570","92281","922",852
"17571","95497","954",154
"17572","07907","079",739
"17573","83684","836",130
"17574","91809","918",875
"17575","82278","822",19
"17576","86697","866",988
"17577","82399","823",17
"17578","91090","910",900
"17579","96523","965",88
"17580","82294","822",19
"17581","96275","962",57
"17582","85250","852",1004
"17583","90584","905",759
"17584","82432","824",13
"17585","82393","823",17
"17586","19077","190",766
"17587","96364","963",56
"17588","89440","894",323
"17589","86441","864",943
"17590","91747","917",878
"17591","29599","295",725
"17592","86845","868",981
"17593","86459","864",943
"17594","86853","868",981
"17595","99955","999",1168
"17596","38440","384",614
"17597","29473","294",726
"17598","91734","917",878
"17599","86899","868",981
"17600","96158","961",58
"17601","91793","917",878
"17602","86971","869",980
"17603","86946","869",980
"17604","86641","866",988
"17605","38350","383",616
"17606","39393","393",707
"17607","96110","961",58
"17608","96487","964",89
"17609","59872","598",218
"17610","76863","768",1109
"17611","65197","651",311
"17612","35745","357",570
"17613","65193","651",311
"17614","55294","552",443
"17615","78730","787",261
"17616","67360","673",463
"17617","33824","338",549
"17618","68647","686",388
"17619","35236","352",579
"17620","35606","356",571
"17621","25582","255",846
"17622","88273","882",1078
"17623","24986","249",564
"17624","24787","247",534
"17625","74679","746",968
"17626","73092","730",978
"17627","19339","193",764
"17628","85408","854",1060
"17629","83104","831",86
"17630","84174","841",45
"17631","84034","840",47
"17632","83088","830",87
"17633","83126","831",84
"17634","93107","931",52
"17635","93057","930",28
"17636","92718","927",835
"17637","06794","067",674
"17638","83083","830",87
"17639","08233","082",735
"17640","04463","044",864
"17641","83246","832",135
"17642","83361","833",133
"17643","16868","168",872
"17644","83242","832",135
"17645","92539","925",847
"17646","83301","833",133
"17647","94437","944",23
"17648","84568","845",79
"17649","06889","068",669
"17650","08321","083",732
"17651","14822","148",771
"17652","83329","833",133
"17653","94342","943",26
"17654","84375","843",83
"17655","84347","843",83
"17656","09125","091",1132
"17657","94572","945",22
"17658","94532","945",22
"17659","17258","172",721
"17660","94536","945",22
"17661","13158","131",826
"17662","94034","940",1177
"17663","94065","940",1178
"17664","94130","941",1175
"17665","15712","157",912
"17666","15537","155",913
"17667","01983","019",853
"17668","16303","163",881
"17669","15299","152",915
"17670","02899","028",767
"17671","24893","248",531
"17672","25355","253",850
"17673","30659","306",602
"17674","29303","293",727
"17675","24363","243",546
"17676","73111","731",976
"17677","36217","362",560
"17678","25474","254",848
"17679","29646","296",724
"17680","88171","881",1080
"17681","36214","362",560
"17682","73560","735",1041
"17683","36115","361",561
"17684","73579","735",1041
"17685","36266","362",560
"17686","74592","745",969
"17687","88477","884",1071
"17688","21109","211",491
"17689","88317","883",1076
"17690","88450","884",1071
"17691","24643","246",536
"17692","97650","976",1082
"17693","73431","734",1042
"17694","29336","293",727
"17695","21435","214",473
"17696","22397","223",400
"17697","97258","972",1020
"17698","97490","974",1018
"17699","97714","977",1079
"17700","97702","977",1079
"17701","91631","916",883
"17702","74594","745",969
"17703","87474","874",1136
"17704","87509","875",1135
"17705","31228","312",661
"17706","91610","916",883
"17707","91620","916",883
"17708","97355","973",1019
"17709","87749","877",1165
"17710","22962","229",453
"17711","21409","214",471
"17712","38259","382",617
"17713","86491","864",943
"17714","87496","874",1136
"17715","87466","874",1136
"17716","21406","214",471
"17717","23821","238",594
"17718","23815","238",594
"17719","86470","864",943
"17720","99755","997",1170
"17721","91726","917",878
"17722","91099","910",900
"17723","82293","822",19
"17724","06526","065",684
"17725","91077","910",900
"17726","90530","905",755
"17727","86633","866",988
"17728","91347","913",895
"17729","82395","823",17
"17730","86576","865",996
"17731","85114","851",1005
"17732","82387","823",17
"17733","92360","923",851
"17734","19059","190",766
"17735","85120","851",1005
"17736","19086","190",766
"17737","18230","182",698
"17738","92358","923",851
"17739","85088","850",1009
"17740","39122","391",713
"17741","85395","853",1001
"17742","85635","856",1052
"17743","39288","392",712
"17744","07922","079",739
"17745","84106","841",46
"17746","06124","061",692
"17747","93188","931",53
"17748","92421","924",849
"17749","95679","956",143
"17750","07548","075",745
"17751","83059","830",87
"17752","83024","830",87
"17753","95701","957",139
"17754","92721","927",839
"17755","08491","084",731
"17756","06868","068",669
"17757","83559","835",131
"17758","04356","043",867
"17759","04357","043",867
"17760","06901","069",664
"17761","92726","927",838
"17762","94330","943",26
"17763","83365","833",133
"17764","94350","943",26
"17765","93494","934",50
"17766","17248","172",719
"17767","94353","943",26
"17768","08294","082",736
"17769","93466","934",50
"17770","84329","843",83
"17771","94424","944",23
"17772","14542","145",775
"17773","16766","167",873
"17774","94439","944",23
"17775","09427","094",1123
"17776","04720","047",859
"17777","04895","048",858
"17778","09575","095",1119
"17779","13503","135",820
"17780","94529","945",22
"17781","09627","096",1116
"17782","87616","876",1166
"17783","91456","914",893
"17784","87600","876",1166
"17785","38879","388",606
"17786","87629","876",1166
"17787","86750","867",982
"17788","91732","917",878
"17789","38855","388",606
"17790","91466","914",893
"17791","91735","917",878
"17792","86420","864",943
"17793","38444","384",614
"17794","86653","866",988
"17795","86675","866",988
"17796","91074","910",900
"17797","19246","192",765
"17798","99192","991",1154
"17799","99707","997",1170
"17800","91058","910",900
"17801","15749","157",912
"17802","15757","157",912
"17803","94139","941",1175
"17804","03205","032",905
"17805","15377","153",914
"17806","01909","019",855
"17807","02736","027",768
"17808","68649","686",388
"17809","32289","322",627
"17810","61476","614",1028
"17811","64572","645",1101
"17812","68219","682",395
"17813","65824","658",361
"17814","35444","354",576
"17815","75217","752",1124
"17816","75394","753",1121
"17817","76698","766",1115
"17818","59964","599",216
"17819","28759","287",896
"17820","75177","751",1128
"17821","27472","274",924
"17822","25899","258",830
"17823","69118","691",187
"17824","71131","711",125
"17825","72181","721",33
"17826","72336","723",74
"17827","75417","754",1117
"17828","64385","643",1036
"17829","25761","257",834
"17830","72414","724",72
"17831","71154","711",126
"17832","71139","711",126
"17833","78315","783",267
"17834","71735","717",110
"17835","64739","647",1099
"17836","63538","635",1162
"17837","74336","743",929
"17838","71706","717",110
"17839","74357","743",929
"17840","70825","708",2
"17841","24994","249",564
"17842","78467","784",266
"17843","63864","638",1157
"17844","63906","639",1151
"17845","21726","217",525
"17846","27449","274",923
"17847","73730","737",1038
"17848","36399","363",559
"17849","63879","638",1156
"17850","63860","638",1156
"17851","71576","715",118
"17852","37649","376",631
"17853","36396","363",559
"17854","88518","885",1068
"17855","24872","248",531
"17856","34385","343",412
"17857","52538","525",1094
"17858","47623","476",210
"17859","47625","476",210
"17860","53940","539",330
"17861","52445","524",1095
"17862","52385","523",1023
"17863","54453","544",240
"17864","47445","474",213
"17865","40670","406",1063
"17866","54526","545",234
"17867","47059","470",217
"17868","66787","667",304
"17869","66773","667",304
"17870","41541","415",321
"17871","54516","545",234
"17872","66292","662",259
"17873","56767","567",347
"17874","45133","451",160
"17875","66625","666",249
"17876","49767","497",641
"17877","56759","567",347
"17878","26842","268",784
"17879","66978","669",295
"17880","67757","677",447
"17881","67827","678",517
"17882","26474","264",794
"17883","67715","677",446
"17884","57587","575",166
"17885","77971","779",390
"17886","67811","678",518
"17887","55124","551",445
"17888","59556","595",221
"17889","35792","357",570
"17890","76596","765",1044
"17891","35796","357",570
"17892","35716","357",570
"17893","55130","551",445
"17894","65462","654",308
"17895","35630","356",571
"17896","49328","493",648
"17897","67575","675",455
"17898","33649","336",499
"17899","72297","722",76
"17900","78739","787",261
"17901","26441","264",792
"17902","26419","264",792
"17903","77866","778",392
"17904","57578","575",166
"17905","67295","672",470
"17906","77871","778",392
"17907","67816","678",520
"17908","49456","494",645
"17909","65620","656",377
"17910","88045","880",1084
"17911","97848","978",1077
"17912","25575","255",846
"17913","34266","342",419
"17914","88371","883",1074
"17915","74238","742",934
"17916","97788","977",1079
"17917","30419","304",605
"17918","88255","882",1078
"17919","24782","247",534
"17920","51147","511",1096
"17921","45307","453",158
"17922","56861","568",425
"17923","66578","665",250
"17924","42115","421",233
"17925","49808","498",638
"17926","48493","484",197
"17927","66916","669",297
"17928","53545","535",345
"17929","58300","583",109
"17930","26553","265",789
"17931","53562","535",345
"17932","53783","537",338
"17933","79424","794",496
"17934","54646","546",288
"17935","52353","523",1023
"17936","46519","465",91
"17937","41516","415",321
"17938","47800","478",208
"17939","40668","406",1063
"17940","46348","463",95
"17941","66359","663",257
"17942","40597","405",1066
"17943","54538","545",234
"17944","46238","462",98
"17945","54424","544",242
"17946","56826","568",425
"17947","53501","535",343
"17948","42549","425",281
"17949","56864","568",425
"17950","45768","457",144
"17951","79258","792",502
"17952","67752","677",447
"17953","58511","585",105
"17954","55422","554",435
"17955","55442","554",435
"17956","79353","793",501
"17957","58553","585",105
"17958","56564","565",350
"17959","55618","556",428
"17960","44328","443",336
"17961","79415","794",496
"17962","58119","581",115
"17963","55499","554",435
"17964","59368","593",223
"17965","57638","576",161
"17966","48369","483",200
"17967","45289","452",159
"17968","66583","665",250
"17969","53227","532",293
"17970","66440","664",255
"17971","26721","267",786
"17972","66539","665",250
"17973","45663","456",153
"17974","66450","664",255
"17975","56865","568",426
"17976","44805","448",417
"17977","35719","357",570
"17978","78050","780",276
"17979","78737","787",261
"17980","59955","599",216
"17981","65931","659",353
"17982","68753","687",386
"17983","35625","356",571
"17984","32130","321",629
"17985","68549","685",389
"17986","61449","614",1028
"17987","27476","274",924
"17988","33758","337",553
"17989","64404","644",1033
"17990","76694","766",1115
"17991","76669","766",1115
"17992","32584","325",624
"17993","35396","353",577
"17994","32832","328",647
"17995","21776","217",525
"17996","69251","692",182
"17997","33189","331",511
"17998","78586","785",265
"17999","64689","646",1100
"18000","74931","749",964
"18001","35287","352",580
"18002","71155","711",126
"18003","25853","258",830
"18004","63762","637",1160
"18005","25860","258",830
"18006","34632","346",406
"18007","63584","635",1163
"18008","63939","639",1151
"18009","25873","258",830
"18010","63739","637",1160
"18011","63688","636",1161
"18012","34628","346",406
"18013","63589","635",1163
"18014","21755","217",525
"18015","63849","638",1156
"18016","74076","740",942
"18017","34308","343",410
"18018","88699","886",1064
"18019","70374","703",10
"18020","71686","716",116
"18021","21737","217",525
"18022","31558","315",678
"18023","27308","273",925
"18024","74232","742",930
"18025","34317","343",411
"18026","71717","717",111
"18027","72664","726",67
"18028","27336","273",925
"18029","71409","714",121
"18030","21702","217",526
"18031","88376","883",1074
"18032","31637","316",677
"18033","36367","363",559
"18034","88374","883",1074
"18035","74538","745",969
"18036","37217","372",636
"18037","89180","891",332
"18038","97786","977",1079
"18039","24576","245",541
"18040","30916","309",598
"18041","24366","243",546
"18042","97792","977",1079
"18043","31141","311",662
"18044","97243","972",1020
"18045","22851","228",459
"18046","73489","734",1042
"18047","36460","364",558
"18048","21442","214",472
"18049","89518","895",320
"18050","22117","221",403
"18051","89293","892",327
"18052","97654","976",1082
"18053","31246","312",661
"18054","24146","241",557
"18055","97456","974",1018
"18056","97532","975",1088
"18057","89312","893",325
"18058","87761","877",1165
"18059","87784","877",1165
"18060","23813","238",594
"18061","86489","864",943
"18062","97529","975",1085
"18063","36448","364",558
"18064","99848","998",1169
"18065","73467","734",1042
"18066","89349","893",325
"18067","24321","243",547
"18068","87647","876",1166
"18069","23820","238",594
"18070","21379","213",478
"18071","99891","998",1169
"18072","87663","876",1166
"18073","87651","876",1166
"18074","91315","913",895
"18075","38899","388",606
"18076","86857","868",981
"18077","96179","961",58
"18078","86937","869",980
"18079","99092","990",1158
"18080","86154","861",953
"18081","96250","962",57
"18082","96050","960",59
"18083","86704","867",986
"18084","99097","990",1158
"18085","99610","996",1141
"18086","67813","678",518
"18087","79664","796",492
"18088","49504","495",643
"18089","77652","776",312
"18090","79737","797",488
"18091","77791","777",397
"18092","65307","653",309
"18093","79215","792",502
"18094","79297","792",502
"18095","56479","564",352
"18096","76833","768",1107
"18097","49413","494",645
"18098","67433","674",460
"18099","76865","768",1109
"18100","76768","767",1111
"18101","26209","262",798
"18102","57334","573",169
"18103","76761","767",1111
"18104","35713","357",570
"18105","55299","552",443
"18106","65239","652",310
"18107","59558","595",221
"18108","67069","670",480
"18109","76332","763",1046
"18110","24805","248",531
"18111","36287","362",560
"18112","71560","715",118
"18113","73669","736",1039
"18114","21720","217",525
"18115","73035","730",978
"18116","97277","972",1020
"18117","24357","243",546
"18118","30855","308",601
"18119","07338","073",747
"18120","82069","820",1167
"18121","85107","851",1006
"18122","91224","912",897
"18123","85092","850",1009
"18124","06279","062",691
"18125","92268","922",852
"18126","93155","931",53
"18127","39291","392",712
"18128","07926","079",739
"18129","83629","836",129
"18130","18249","182",698
"18131","07629","076",744
"18132","07613","076",744
"18133","95683","956",143
"18134","83080","830",87
"18135","92670","926",841
"18136","83139","831",85
"18137","84166","841",45
"18138","95652","956",143
"18139","83093","830",87
"18140","06803","068",667
"18141","06808","068",666
"18142","17214","172",719
"18143","08459","084",731
"18144","04277","042",868
"18145","95698","956",143
"18146","08262","082",735
"18147","94345","943",26
"18148","93491","934",50
"18149","08328","083",732
"18150","84160","841",45
"18151","08309","083",732
"18152","08396","083",733
"18153","17192","171",722
"18154","04808","048",858
"18155","16833","168",871
"18156","84553","845",79
"18157","94522","945",21
"18158","93486","934",50
"18159","94559","945",21
"18160","08344","083",732
"18161","16827","168",871
"18162","93479","934",50
"18163","84387","843",83
"18164","14469","144",777
"18165","09430","094",1123
"18166","09518","095",1118
"18167","13587","135",820
"18168","16761","167",873
"18169","01623","016",806
"18170","01589","015",807
"18171","09633","096",1116
"18172","94104","941",1175
"18173","18546","185",695
"18174","94143","941",1175
"18175","01773","017",804
"18176","01778","017",804
"18177","03222","032",905
"18178","15326","153",914
"18179","02799","027",768
"18180","02796","027",768
"18181","82362","823",17
"18182","82279","822",19
"18183","39387","393",707
"18184","85128","851",1005
"18185","39345","393",708
"18186","85116","851",1005
"18187","85254","852",1004
"18188","85259","852",1004
"18189","85253","852",1004
"18190","99628","996",1141
"18191","06456","064",687
"18192","29471","294",726
"18193","82377","823",17
"18194","85113","851",1005
"18195","82549","825",12
"18196","96346","963",56
"18197","80995","809",814
"18198","19306","193",762
"18199","80935","809",814
"18200","07749","077",742
"18201","83624","836",129
"18202","81829","818",31
"18203","95180","951",93
"18204","92224","922",852
"18205","93346","933",51
"18206","06242","062",690
"18207","95126","951",93
"18208","95709","957",140
"18209","93183","931",53
"18210","93182","931",53
"18211","82490","824",13
"18212","90491","904",760
"18213","82211","822",19
"18214","82296","822",19
"18215","07318","073",747
"18216","19294","192",765
"18217","99444","994",1147
"18218","90559","905",755
"18219","99636","996",1141
"18220","91278","912",897
"18221","25365","253",850
"18222","89619","896",315
"18223","36100","361",561
"18224","88441","884",1071
"18225","30853","308",601
"18226","97295","972",1020
"18227","73525","735",1041
"18228","97999","979",1072
"18229","97276","972",1020
"18230","89173","891",332
"18231","88487","884",1071
"18232","37249","372",636
"18233","24242","242",551
"18234","21271","212",487
"18235","22848","228",459
"18236","97688","976",1081
"18237","24629","246",536
"18238","29223","292",728
"18239","31249","312",661
"18240","97239","972",1020
"18241","21037","210",494
"18242","24637","246",539
"18243","36457","364",558
"18244","37539","375",632
"18245","24601","246",539
"18246","38729","387",608
"18247","87527","875",1135
"18248","21029","210",494
"18249","89564","895",320
"18250","91626","916",882
"18251","87724","877",1165
"18252","22955","229",453
"18253","97531","975",1085
"18254","97513","975",1089
"18255","38112","381",618
"18256","91619","916",883
"18257","86720","867",982
"18258","98547","985",959
"18259","21527","215",466
"18260","29559","295",725
"18261","97461","974",1018
"18262","38110","381",618
"18263","38559","385",613
"18264","29585","295",725
"18265","86424","864",943
"18266","83735","837",128
"18267","93356","933",51
"18268","06112","061",692
"18269","39524","395",705
"18270","93053","930",28
"18271","93083","930",28
"18272","95659","956",143
"18273","18299","182",698
"18274","95706","957",142
"18275","04158","041",870
"18276","04564","045",862
"18277","83254","832",135
"18278","92559","925",847
"18279","84326","843",83
"18280","08324","083",732
"18281","08349","083",732
"18282","09394","093",1126
"18283","84524","845",79
"18284","84571","845",79
"18285","84335","843",83
"18286","94379","943",26
"18287","09236","092",1130
"18288","14478","144",777
"18289","14532","145",776
"18290","94579","945",22
"18291","94261","942",27
"18292","16540","165",874
"18293","15936","159",907
"18294","15837","158",909
"18295","03253","032",905
"18296","17349","173",718
"18297","94568","945",22
"18298","33129","331",511
"18299","65830","658",360
"18300","35580","355",574
"18301","78073","780",275
"18302","32609","326",657
"18303","27211","272",926
"18304","69254","692",179
"18305","75365","753",1121
"18306","64380","643",1035
"18307","72367","723",74
"18308","72358","723",74
"18309","63110","631",1105
"18310","78267","782",270
"18311","78253","782",270
"18312","35305","353",578
"18313","72415","724",72
"18314","78580","785",265
"18315","27442","274",923
"18316","28832","288",894
"18317","35260","352",580
"18318","32839","328",646
"18319","33039","330",513
"18320","70499","704",9
"18321","70435","704",9
"18322","63924","639",1151
"18323","25791","257",834
"18324","21709","217",525
"18325","72511","725",70
"18326","36318","363",559
"18327","36358","363",559
"18328","88515","885",1069
"18329","71720","717",111
"18330","72813","728",63
"18331","71563","715",118
"18332","63871","638",1156
"18333","24941","249",564
"18334","01774","017",804
"18335","15732","157",912
"18336","17398","173",718
"18337","01219","012",811
"18338","01277","012",811
"18339","01968","019",853
"18340","15517","155",913
"18341","15374","153",914
"18342","02977","029",802
"18343","02733","027",768
"18344","15230","152",915
"18345","02956","029",803
"18346","02797","027",768
"18347","86874","868",981
"18348","87637","876",1166
"18349","99735","997",1170
"18350","96126","961",58
"18351","86842","868",981
"18352","96185","961",58
"18353","86514","865",995
"18354","21368","213",478
"18355","38557","385",613
"18356","86830","868",981
"18357","91805","918",876
"18358","96476","964",89
"18359","91469","914",893
"18360","96169","961",58
"18361","86356","863",951
"18362","86707","867",983
"18363","91801","918",877
"18364","38465","384",614
"18365","29490","294",726
"18366","38376","383",616
"18367","86444","864",948
"18368","96175","961",58
"18369","29481","294",726
"18370","38459","384",614
"18371","91186","911",898
"18372","73663","736",1039
"18373","34593","345",407
"18374","97816","978",1077
"18375","25371","253",850
"18376","88284","882",1078
"18377","25368","253",850
"18378","88212","882",1078
"18379","97785","977",1079
"18380","30952","309",597
"18381","37235","372",636
"18382","58513","585",105
"18383","77977","779",390
"18384","58708","587",103
"18385","77966","779",390
"18386","48351","483",201
"18387","57462","574",168
"18388","79669","796",492
"18389","79348","793",501
"18390","49594","495",643
"18391","67725","677",450
"18392","26160","261",800
"18393","59510","595",221
"18394","57290","572",170
"18395","57250","572",170
"18396","56477","564",352
"18397","78120","781",273
"18398","67251","672",469
"18399","26133","261",800
"18400","76467","764",1045
"18401","67136","671",476
"18402","49152","491",654
"18403","33397","333",509
"18404","76149","761",1056
"18405","79879","798",482
"18406","55469","554",435
"18407","56579","565",350
"18408","26629","266",788
"18409","48163","481",206
"18410","44309","443",336
"18411","59387","593",223
"18412","54673","546",288
"18413","54669","546",288
"18414","54450","544",239
"18415","53909","539",331
"18416","53945","539",330
"18417","66701","667",304
"18418","47229","472",214
"18419","49847","498",638
"18420","41469","414",324
"18421","46537","465",90
"18422","41540","415",321
"18423","66806","668",300
"18424","40880","408",1059
"18425","46149","461",99
"18426","40789","407",1061
"18427","50997","509",954
"18428","40724","407",1061
"18429","45327","453",158
"18430","66649","666",249
"18431","26871","268",784
"18432","56567","565",350
"18433","66497","664",255
"18434","48341","483",199
"18435","66501","665",254
"18436","45277","452",159
"18437","53127","531",294
"18438","45770","457",144
"18439","53757","537",338
"18440","45659","456",153
"18441","44795","447",422
"18442","39435","394",706
"18443","91217","912",897
"18444","83670","836",129
"18445","85411","854",1060
"18446","39418","394",706
"18447","95494","954",154
"18448","19417","194",761
"18449","85290","852",1004
"18450","82024","820",1167
"18451","92280","922",852
"18452","95236","952",92
"18453","06406","064",687
"18454","95213","952",92
"18455","39579","395",705
"18456","84104","841",46
"18457","95152","951",93
"18458","85464","854",1060
"18459","93358","933",51
"18460","83620","836",129
"18461","19376","193",763
"18462","85614","856",1052
"18463","82398","823",17
"18464","91332","913",895
"18465","86577","865",996
"18466","82499","824",13
"18467","82239","822",19
"18468","29485","294",726
"18469","86567","865",996
"18470","06467","064",687
"18471","82444","824",13
"18472","86579","865",996
"18473","96352","963",56
"18474","19061","190",766
"18475","06682","066",681
"18476","06118","061",692
"18477","18258","182",698
"18478","83543","835",131
"18479","06847","068",668
"18480","95643","956",143
"18481","84428","844",81
"18482","04610","046",860
"18483","84092","840",49
"18484","84539","845",80
"18485","04416","044",864
"18486","92542","925",847
"18487","83250","832",135
"18488","83352","833",133
"18489","83324","833",133
"18490","83377","833",133
"18491","04821","048",858
"18492","93499","934",50
"18493","09385","093",1126
"18494","84567","845",79
"18495","94234","942",27
"18496","93480","934",50
"18497","09465","094",1123
"18498","14947","149",770
"18499","94253","942",27
"18500","94140","941",1171
"18501","94544","945",22
"18502","09569","095",1119
"18503","94269","942",27
"18504","94113","941",1175
"18505","94161","941",1175
"18506","25581","255",846
"18507","21259","212",487
"18508","74547","745",969
"18509","37186","371",637
"18510","30459","304",605
"18511","36179","361",562
"18512","25579","255",846
"18513","36145","361",561
"18514","24814","248",532
"18515","30938","309",598
"18516","24409","244",544
"18517","31180","311",662
"18518","97779","977",1079
"18519","24241","242",551
"18520","29633","296",724
"18521","37293","372",636
"18522","89177","891",332
"18523","89257","892",327
"18524","87452","874",1136
"18525","87789","877",1165
"18526","73488","734",1042
"18527","98617","986",1016
"18528","91637","916",883
"18529","31224","312",661
"18530","87736","877",1165
"18531","86519","865",992
"18532","87437","874",1136
"18533","87477","874",1136
"18534","91614","916",884
"18535","99842","998",1169
"18536","98631","986",1016
"18537","21493","214",475
"18538","38690","386",611
"18539","37445","374",634
"18540","35641","356",571
"18541","68804","688",384
"18542","61440","614",1028
"18543","32312","323",626
"18544","65936","659",353
"18545","33729","337",554
"18546","72227","722",76
"18547","33818","338",548
"18548","60435","604",61
"18549","35119","351",582
"18550","74939","749",964
"18551","78576","785",265
"18552","32457","324",625
"18553","72469","724",72
"18554","25709","257",834
"18555","72477","724",72
"18556","34537","345",407
"18557","21781","217",525
"18558","32699","326",656
"18559","74369","743",929
"18560","25779","257",834
"18561","25862","258",830
"18562","74211","742",932
"18563","21756","217",525
"18564","21727","217",525
"18565","72818","728",63
"18566","25879","258",830
"18567","63829","638",1156
"18568","72513","725",70
"18569","25788","257",834
"18570","31627","316",677
"18571","31622","316",677
"18572","24852","248",531
"18573","88697","886",1064
"18574","37647","376",631
"18575","34587","345",407
"18576","88271","882",1078
"18577","73207","732",971
"18578","25376","253",850
"18579","25588","255",846
"18580","86479","864",943
"18581","96154","961",58
"18582","86738","867",982
"18583","97522","975",1090
"18584","23919","239",588
"18585","21401","214",474
"18586","86655","866",988
"18587","23566","235",569
"18588","86980","869",980
"18589","86517","865",989
"18590","86977","869",980
"18591","96161","961",58
"18592","96484","964",89
"18593","38387","383",616
"18594","38470","384",614
"18595","86343","863",950
"18596","86169","861",953
"18597","29496","294",726
"18598","90768","907",748
"18599","86504","865",990
"18600","91056","910",900
"18601","99094","990",1158
"18602","91353","913",895
"18603","91798","917",878
"18604","86574","865",996
"18605","91052","910",900
"18606","91083","910",900
"18607","96271","962",57
"18608","54617","546",288
"18609","52223","522",1025
"18610","52249","522",1025
"18611","47608","476",210
"18612","54687","546",288
"18613","54457","544",240
"18614","46395","463",96
"18615","54329","543",244
"18616","46483","464",94
"18617","50127","501",928
"18618","54292","542",248
"18619","50129","501",928
"18620","66802","668",299
"18621","54579","545",237
"18622","54344","543",246
"18623","40221","402",1012
"18624","47269","472",214
"18625","45476","454",157
"18626","54347","543",247
"18627","48734","487",190
"18628","50999","509",954
"18629","66557","665",250
"18630","66646","666",249
"18631","45894","458",189
"18632","42551","425",281
"18633","53123","531",294
"18634","42655","426",280
"18635","79235","792",502
"18636","55432","554",435
"18637","67714","677",446
"18638","56203","562",367
"18639","67688","676",451
"18640","79365","793",501
"18641","66994","669",298
"18642","57581","575",166
"18643","13125","131",826
"18644","01139","011",813
"18645","01920","019",853
"18646","01900","019",855
"18647","03046","030",908
"18648","02999","029",802
"18649","03053","030",908
"18650","02779","027",768
"18651","02894","028",767
"18652","44139","441",340
"18653","56218","562",366
"18654","57641","576",161
"18655","48268","482",205
"18656","57413","574",168
"18657","57586","575",166
"18658","57223","572",170
"18659","56470","564",352
"18660","65388","653",309
"18661","77855","778",392
"18662","77833","778",392
"18663","77736","777",397
"18664","77815","778",392
"18665","79774","797",488
"18666","97852","978",1077
"18667","21680","216",529
"18668","24797","247",533
"18669","73278","732",971
"18670","34212","342",421
"18671","97778","977",1079
"18672","24837","248",531
"18673","71540","715",118
"18674","36251","362",560
"18675","97753","977",1079
"18676","65199","651",311
"18677","59329","593",224
"18678","79809","798",482
"18679","49393","493",649
"18680","78147","781",273
"18681","67158","671",476
"18682","67551","675",455
"18683","65468","654",308
"18684","42659","426",280
"18685","66131","661",260
"18686","51519","515",1144
"18687","66459","664",255
"18688","58455","584",106
"18689","53819","538",335
"18690","56637","566",349
"18691","58339","583",107
"18692","82057","820",1167
"18693","85095","850",1011
"18694","82064","820",1167
"18695","07368","073",747
"18696","07745","077",742
"18697","92275","922",852
"18698","95447","954",154
"18699","95463","954",154
"18700","92363","923",851
"18701","95138","951",93
"18702","39218","392",710
"18703","95482","954",154
"18704","95197","951",93
"18705","85399","853",999
"18706","39240","392",710
"18707","93354","933",51
"18708","95030","950",97
"18709","82436","824",13
"18710","19209","192",765
"18711","82438","824",13
"18712","90602","906",749
"18713","96142","961",58
"18714","90607","906",753
"18715","39619","396",704
"18716","92353","923",851
"18717","29475","294",726
"18718","76889","768",1107
"18719","79686","796",492
"18720","56457","564",352
"18721","26345","263",796
"18722","77781","777",397
"18723","59494","594",222
"18724","55286","552",441
"18725","76547","765",1044
"18726","55262","552",442
"18727","88339","883",1074
"18728","29614","296",724
"18729","24794","247",534
"18730","22559","225",393
"18731","37181","371",637
"18732","36167","361",561
"18733","21274","212",487
"18734","31199","311",662
"18735","74586","745",969
"18736","88430","884",1071
"18737","21227","212",487
"18738","89287","892",327
"18739","97340","973",1019
"18740","29339","293",727
"18741","36433","364",558
"18742","97332","973",1019
"18743","21394","213",478
"18744","87727","877",1165
"18745","29355","293",727
"18746","87770","877",1165
"18747","38229","382",617
"18748","87490","874",1136
"18749","89331","893",325
"18750","38542","385",613
"18751","87778","877",1165
"18752","86513","865",991
"18753","87772","877",1165
"18754","89353","893",325
"18755","86753","867",982
"18756","23701","237",566
"18757","86850","868",981
"18758","86872","868",981
"18759","99994","999",1168
"18760","87679","876",1166
"18761","86975","869",980
"18762","91802","918",877
"18763","23570","235",569
"18764","86447","864",948
"18765","86508","865",997
"18766","23774","237",566
"18767","38820","388",606
"18768","34134","341",423
"18769","73266","732",971
"18770","88046","880",1084
"18771","71577","715",118
"18772","88074","880",1084
"18773","24884","248",531
"18774","25370","253",850
"18775","24966","249",564
"18776","36166","361",561
"18777","73104","731",974
"18778","47624","476",210
"18779","54649","546",288
"18780","50189","501",928
"18781","54309","543",245
"18782","66740","667",304
"18783","54518","545",234
"18784","40474","404",1070
"18785","47058","470",217
"18786","54528","545",234
"18787","45478","454",157
"18788","48683","486",193
"18789","54498","544",242
"18790","66571","665",250
"18791","45896","458",189
"18792","42719","427",279
"18793","66132","661",260
"18794","79400","794",496
"18795","44289","442",339
"18796","55497","554",435
"18797","58509","585",105
"18798","51580","515",1142
"18799","56329","563",358
"18800","79189","791",506
"18801","49549","495",643
"18802","67731","677",447
"18803","76891","768",1107
"18804","67657","676",451
"18805","56427","564",351
"18806","44229","442",339
"18807","51570","515",1142
"18808","55621","556",427
"18809","65510","655",307
"18810","55126","551",445
"18811","35753","357",570
"18812","78132","781",273
"18813","49377","493",649
"18814","65187","651",311
"18815","49457","494",645
"18816","33332","333",509
"18817","58285","582",112
"18818","55481","554",435
"18819","58453","584",106
"18820","26579","265",791
"18821","51399","513",1148
"18822","56862","568",425
"18823","44879","448",416
"18824","49716","497",641
"18825","54483","544",242
"18826","53721","537",338
"18827","85447","854",1060
"18828","95185","951",93
"18829","84107","841",46
"18830","92681","926",841
"18831","95680","956",143
"18832","84435","844",81
"18833","18106","181",701
"18834","06231","062",690
"18835","84405","844",81
"18836","84066","840",49
"18837","92442","924",849
"18838","83556","835",131
"18839","06779","067",674
"18840","92439","924",849
"18841","92685","926",844
"18842","08261","082",735
"18843","84189","841",45
"18844","93192","931",53
"18845","08289","082",736
"18846","18314","183",697
"18847","06905","069",664
"18848","09337","093",1126
"18849","18465","184",696
"18850","09247","092",1130
"18851","93471","934",50
"18852","84371","843",83
"18853","09669","096",1116
"18854","94209","942",27
"18855","04916","049",857
"18856","09434","094",1123
"18857","09509","095",1119
"18858","16556","165",874
"18859","16559","165",874
"18860","16567","165",874
"18861","61462","614",1028
"18862","76139","761",1056
"18863","33605","336",499
"18864","27478","274",924
"18865","27753","277",919
"18866","75236","752",1124
"18867","75387","753",1121
"18868","33813","338",548
"18869","72224","722",76
"18870","75378","753",1121
"18871","75239","752",1124
"18872","32049","320",630
"18873","69488","694",176
"18874","35037","350",586
"18875","35039","350",586
"18876","61194","611",962
"18877","27252","272",926
"18878","75059","750",1131
"18879","69257","692",182
"18880","61203","612",1030
"18881","61137","611",962
"18882","25832","258",830
"18883","78598","785",265
"18884","75428","754",1117
"18885","74343","743",929
"18886","71665","716",117
"18887","74193","741",940
"18888","28879","288",894
"18889","32694","326",656
"18890","31737","317",670
"18891","63654","636",1161
"18892","27404","274",923
"18893","25884","258",830
"18894","88634","886",1064
"18895","36326","363",559
"18896","70192","701",11
"18897","31717","317",671
"18898","37696","376",631
"18899","70599","705",8
"18900","74842","748",966
"18901","74385","743",929
"18902","34560","345",407
"18903","63877","638",1156
"18904","34590","345",407
"18905","36341","363",559
"18906","63874","638",1156
"18907","88090","880",1084
"18908","72532","725",70
"18909","74182","741",939
"18910","73776","737",1038
"18911","34132","341",423
"18912","72525","725",70
"18913","13059","130",833
"18914","13057","130",833
"18915","04928","049",857
"18916","01326","013",810
"18917","15344","153",914
"18918","15913","159",907
"18919","03099","030",908
"18920","03055","030",908
"18921","49406","494",645
"18922","78664","786",262
"18923","35216","352",579
"18924","32257","322",627
"18925","68239","682",395
"18926","33689","336",499
"18927","35633","356",573
"18928","78652","786",262
"18929","64625","646",1100
"18930","32120","321",629
"18931","78647","786",262
"18932","75053","750",1131
"18933","61169","611",962
"18934","76684","766",1115
"18935","61231","612",1030
"18936","78559","785",265
"18937","35463","354",576
"18938","75447","754",1117
"18939","71116","711",126
"18940","78269","782",270
"18941","78603","786",263
"18942","25852","258",830
"18943","32805","328",646
"18944","64753","647",1099
"18945","72070","720",40
"18946","31621","316",677
"18947","72072","720",40
"18948","35329","353",578
"18949","72393","723",75
"18950","72074","720",40
"18951","63594","635",1163
"18952","31711","317",670
"18953","31608","316",677
"18954","74855","748",966
"18955","74838","748",966
"18956","63820","638",1156
"18957","31632","316",677
"18958","74223","742",931
"18959","71726","717",111
"18960","21729","217",525
"18961","36355","363",559
"18962","72516","725",70
"18963","74219","742",934
"18964","71336","713",122
"18965","24869","248",531
"18966","74248","742",933
"18967","63831","638",1156
"18968","88636","886",1064
"18969","31785","317",672
"18970","74239","742",934
"18971","72534","725",70
"18972","99996","999",1168
"18973","37441","374",634
"18974","38527","385",613
"18975","98554","985",959
"18976","91623","916",887
"18977","87665","876",1166
"18978","38877","388",606
"18979","91639","916",886
"18980","86862","868",981
"18981","38325","383",615
"18982","99330","993",1149
"18983","96178","961",58
"18984","38467","384",614
"18985","90614","906",750
"18986","91183","911",898
"18987","99310","993",1149
"18988","29468","294",726
"18989","82491","824",13
"18990","96215","962",57
"18991","06537","065",683
"18992","36119","361",561
"18993","25361","253",850
"18994","73061","730",978
"18995","34123","341",423
"18996","97773","977",1079
"18997","25587","255",846
"18998","97851","978",1077
"18999","25566","255",846
"19000","97775","977",1079
"19001","97849","978",1077
"19002","97794","977",1079
"19003","88427","884",1071
"19004","21614","216",528
"19005","73347","733",1043
"19006","73108","731",973
"19007","79739","797",489
"19008","55546","555",434
"19009","57647","576",163
"19010","67098","670",479
"19011","79256","792",502
"19012","65597","655",307
"19013","33775","337",555
"19014","77794","777",397
"19015","65201","652",310
"19016","35767","357",570
"19017","49439","494",645
"19018","79865","798",482
"19019","67167","671",476
"19020","67150","671",476
"19021","33790","337",555
"19022","55276","552",443
"19023","58507","585",105
"19024","48147","481",206
"19025","58730","587",103
"19026","48291","482",205
"19027","49525","495",643
"19028","79283","792",502
"19029","91180","911",898
"19030","06485","064",687
"19031","38829","388",606
"19032","82445","824",13
"19033","96187","961",58
"19034","82291","822",19
"19035","99448","994",1147
"19036","91362","913",895
"19037","23968","239",589
"19038","83676","836",129
"19039","90518","905",755
"19040","82335","823",17
"19041","82194","821",20
"19042","37139","371",637
"19043","74427","744",970
"19044","24401","244",544
"19045","88239","882",1078
"19046","36219","362",560
"19047","21147","211",491
"19048","74595","745",969
"19049","88175","881",1080
"19050","36269","362",560
"19051","88483","884",1071
"19052","24369","243",546
"19053","37083","370",639
"19054","21218","212",487
"19055","24537","245",541
"19056","89075","890",337
"19057","24640","246",536
"19058","89231","892",327
"19059","97273","972",1020
"19060","74599","745",969
"19061","37136","371",637
"19062","37308","373",635
"19063","22399","223",400
"19064","29227","292",728
"19065","24119","241",557
"19066","87763","877",1165
"19067","97505","975",1087
"19068","91541","915",890
"19069","21033","210",494
"19070","29348","293",727
"19071","87748","877",1165
"19072","89299","892",327
"19073","24149","241",557
"19074","87448","874",1136
"19075","97520","975",1085
"19076","29331","293",727
"19077","38279","382",617
"19078","97359","973",1019
"19079","37327","373",635
"19080","86488","864",943
"19081","87493","874",1136
"19082","38159","381",618
"19083","87746","877",1165
"19084","22969","229",452
"19085","21447","214",472
"19086","91589","915",889
"19087","29593","295",725
"19088","87497","874",1136
"19089","87754","877",1165
"19090","38530","385",613
"19091","91731","917",878
"19092","38312","383",615
"19093","23898","238",595
"19094","24329","243",547
"19095","86483","864",943
"19096","91413","914",893
"19097","37444","374",634
"19098","07937","079",739
"19099","95028","950",97
"19100","95194","951",93
"19101","92665","926",841
"19102","93142","931",53
"19103","83135","831",86
"19104","83562","835",131
"19105","83071","830",87
"19106","84181","841",45
"19107","84437","844",81
"19108","92555","925",847
"19109","04205","042",868
"19110","08468","084",731
"19111","92545","925",847
"19112","83125","831",85
"19113","92709","927",838
"19114","17168","171",722
"19115","08107","081",737
"19116","14772","147",772
"19117","14641","146",774
"19118","94405","944",23
"19119","94428","944",23
"19120","08297","082",736
"19121","94553","945",21
"19122","17255","172",719
"19123","09648","096",1116
"19124","16835","168",871
"19125","83483","834",132
"19126","09131","091",1132
"19127","04874","048",858
"19128","93470","934",50
"19129","04741","047",859
"19130","94259","942",27
"19131","16515","165",874
"19132","94167","941",1173
"19133","16547","165",874
"19134","16548","165",874
"19135","12277","122",524
"19136","94566","945",22
"19137","52066","520",1027
"19138","41849","418",313
"19139","47546","475",212
"19140","52388","523",1023
"19141","66679","666",249
"19142","50169","501",928
"19143","47055","470",217
"19144","46147","461",99
"19145","48703","487",191
"19146","51107","511",1096
"19147","58091","580",119
"19148","44145","441",340
"19149","56566","565",350
"19150","44269","442",339
"19151","48496","484",197
"19152","79418","794",496
"19153","49733","497",641
"19154","53426","534",291
"19155","44869","448",416
"19156","53424","534",291
"19157","53179","531",294
"19158","26906","269",780
"19159","26844","268",784
"19160","85084","850",1009
"19161","91284","912",897
"19162","95499","954",154
"19163","92262","922",852
"19164","95352","953",156
"19165","93339","933",51
"19166","39104","391",713
"19167","07646","076",744
"19168","39126","391",713
"19169","39249","392",710
"19170","18209","182",698
"19171","95682","956",143
"19172","92287","922",852
"19173","01768","017",804
"19174","01728","017",804
"19175","16278","162",888
"19176","03103","031",906
"19177","15324","153",914
"19178","02763","027",768
"19179","02828","028",767
"19180","57548","575",166
"19181","79100","791",506
"19182","59757","597",219
"19183","59320","593",224
"19184","67819","678",518
"19185","77960","779",390
"19186","59759","597",219
"19187","49434","494",645
"19188","79274","792",502
"19189","26203","262",798
"19190","47533","475",212
"19191","41844","418",313
"19192","52441","524",1095
"19193","47906","479",207
"19194","47918","479",207
"19195","66693","666",249
"19196","47803","478",208
"19197","41464","414",324
"19198","47178","471",215
"19199","54523","545",234
"19200","40882","408",1059
"19201","40625","406",1062
"19202","48455","484",197
"19203","53177","531",294
"19204","45889","458",189
"19205","26506","265",789
"19206","42349","423",230
"19207","45699","456",153
"19208","53840","538",334
"19209","26529","265",789
"19210","48727","487",191
"19211","55491","554",435
"19212","26826","268",784
"19213","56645","566",349
"19214","56626","566",349
"19215","59399","593",223
"19216","56589","565",350
"19217","66907","669",297
"19218","79367","793",501
"19219","79594","795",495
"19220","67701","677",447
"19221","56249","562",368
"19222","77963","779",390
"19223","56422","564",351
"19224","58840","588",101
"19225","04910","049",857
"19226","15738","157",912
"19227","15746","157",912
"19228","01169","011",813
"19229","94089","940",1179
"19230","01731","017",804
"19231","15370","153",914
"19232","15562","155",913
"19233","01259","012",811
"19234","01324","013",810
"19235","17424","174",716
"19236","82547","825",12
"19237","81249","812",44
"19238","29478","294",726
"19239","81245","812",44
"19240","07768","077",741
"19241","91230","912",897
"19242","23974","239",589
"19243","95361","953",156
"19244","95445","954",154
"19245","85778","857",1051
"19246","85283","852",1004
"19247","92355","923",851
"19248","85748","857",1049
"19249","83679","836",129
"19250","06425","064",687
"19251","06246","062",690
"19252","85405","854",1060
"19253","85467","854",1060
"19254","95237","952",92
"19255","92269","922",852
"19256","84434","844",81
"19257","92449","924",849
"19258","95676","956",143
"19259","08543","085",730
"19260","07987","079",739
"19261","93092","930",28
"19262","84149","841",45
"19263","14828","148",771
"19264","14793","147",772
"19265","83253","832",135
"19266","04179","041",870
"19267","04565","045",862
"19268","84164","841",45
"19269","18334","183",697
"19270","04329","043",867
"19271","04683","046",861
"19272","83349","833",133
"19273","16837","168",871
"19274","83373","833",133
"19275","17252","172",719
"19276","09243","092",1130
"19277","94371","943",26
"19278","09399","093",1126
"19279","09217","092",1130
"19280","84489","844",82
"19281","84337","843",83
"19282","09228","092",1130
"19283","94526","945",21
"19284","04774","047",859
"19285","94577","945",22
"19286","09405","094",1123
"19287","14480","144",777
"19288","94086","940",1176
"19289","17279","172",721
"19290","13469","134",822
"19291","16552","165",874
"19292","12307","123",523
"19293","73116","731",974
"19294","24358","243",546
"19295","89616","896",315
"19296","88456","884",1071
"19297","24972","249",564
"19298","97950","979",1072
"19299","24340","243",546
"19300","73557","735",1041
"19301","21129","211",491
"19302","24402","244",544
"19303","97762","977",1079
"19304","37079","370",639
"19305","97249","972",1020
"19306","36163","361",561
"19307","74575","745",969
"19308","73574","735",1041
"19309","97209","972",1020
"19310","24631","246",538
"19311","24251","242",552
"19312","29229","292",728
"19313","24161","241",557
"19314","89291","892",327
"19315","97724","977",1079
"19316","24147","241",557
"19317","97424","974",1018
"19318","97334","973",1019
"19319","91607","916",883
"19320","97517","975",1088
"19321","29359","293",727
"19322","97421","974",1018
"19323","99988","999",1168
"19324","87760","877",1165
"19325","97526","975",1086
"19326","73495","734",1042
"19327","24306","243",547
"19328","21339","213",478
"19329","38543","385",613
"19330","87671","876",1166
"19331","29367","293",727
"19332","38239","382",617
"19333","89426","894",323
"19334","99846","998",1169
"19335","91611","916",883
"19336","97437","974",1018
"19337","21403","214",471
"19338","87459","874",1136
"19339","87657","876",1166
"19340","29549","295",725
"19341","33333","333",509
"19342","78655","786",262
"19343","65812","658",361
"19344","35586","355",574
"19345","78176","781",273
"19346","78658","786",262
"19347","79807","798",484
"19348","64665","646",1100
"19349","76709","767",1114
"19350","69514","695",173
"19351","78661","786",262
"19352","75331","753",1121
"19353","60431","604",61
"19354","25881","258",830
"19355","69121","691",187
"19356","78594","785",265
"19357","61184","611",962
"19358","64397","643",1035
"19359","60386","603",62
"19360","27729","277",920
"19361","75038","750",1131
"19362","64405","644",1032
"19363","35110","351",583
"19364","63456","634",1164
"19365","27305","273",925
"19366","63486","634",1164
"19367","28307","283",901
"19368","74934","749",964
"19369","25719","257",834
"19370","33014","330",513
"19371","63683","636",1161
"19372","64750","647",1099
"19373","31715","317",671
"19374","63937","639",1152
"19375","31688","316",675
"19376","31840","318",665
"19377","70794","707",4
"19378","74177","741",941
"19379","63840","638",1156
"19380","31626","316",677
"19381","34396","343",412
"19382","63633","636",1161
"19383","31860","318",665
"19384","25596","255",846
"19385","74255","742",934
"19386","34633","346",406
"19387","31542","315",678
"19388","74740","747",967
"19389","72584","725",70
"19390","21683","216",529
"19391","73249","732",971
"19392","29693","296",724
"19393","30890","308",600
"19394","27419","274",923
"19395","97836","978",1077
"19396","85132","851",1005
"19397","91795","917",879
"19398","06567","065",683
"19399","82299","822",19
"19400","96257","962",57
"19401","99625","996",1141
"19402","39164","391",713
"19403","82205","822",19
"19404","82402","824",16
"19405","82347","823",17
"19406","90610","906",751
"19407","85110","851",1005
"19408","82275","822",19
"19409","07330","073",747
"19410","06469","064",687
"19411","92334","923",851
"19412","86736","867",982
"19413","29575","295",725
"19414","97483","974",1018
"19415","21354","213",478
"19416","23558","235",569
"19417","29584","295",725
"19418","91590","915",889
"19419","86486","864",943
"19420","86869","868",981
"19421","96184","961",58
"19422","96194","961",58
"19423","29413","294",726
"19424","86859","868",981
"19425","86987","869",980
"19426","90556","905",756
"19427","38474","384",614
"19428","86511","865",990
"19429","29410","294",726
"19430","82442","824",13
"19431","86643","866",988
"19432","91807","918",875
"19433","96123","961",58
"19434","86554","865",996
"19435","86666","866",988
"19436","91330","913",895
"19437","86551","865",996
"19438","91094","910",900
"19439","65594","655",307
"19440","26382","263",797
"19441","49176","491",654
"19442","77756","777",397
"19443","57392","573",169
"19444","55239","552",439
"19445","76877","768",1109
"19446","67590","675",455
"19447","55120","551",445
"19448","26135","261",800
"19449","79848","798",482
"19450","67363","673",463
"19451","79843","798",482
"19452","27798","277",919
"19453","35690","356",572
"19454","76777","767",1111
"19455","67227","672",469
"19456","67374","673",463
"19457","76344","763",1047
"19458","61479","614",1028
"19459","67354","673",463
"19460","74749","747",967
"19461","71573","715",118
"19462","73269","732",971
"19463","24890","248",531
"19464","88525","885",1068
"19465","34320","343",414
"19466","73349","733",1043
"19467","21643","216",528
"19468","24809","248",531
"19469","36211","362",560
"19470","94116","941",1175
"19471","01640","016",806
"19472","94151","941",1175
"19473","94107","941",1175
"19474","01734","017",804
"19475","17335","173",718
"19476","17309","173",718
"19477","17459","174",716
"19478","01477","014",809
"19479","33428","334",505
"19480","78148","781",273
"19481","55257","552",442
"19482","76530","765",1044
"19483","26125","261",800
"19484","25946","259",827
"19485","76187","761",1056
"19486","72275","722",76
"19487","78126","781",273
"19488","67346","673",463
"19489","76661","766",1115
"19490","79677","796",492
"19491","77731","777",397
"19492","79211","792",502
"19493","67691","676",451
"19494","55218","552",442
"19495","48361","483",202
"19496","01917","019",853
"19497","17329","173",718
"19498","03048","030",908
"19499","03052","030",908
"19500","02829","028",767
"19501","02826","028",767
"19502","85305","853",1000
"19503","82166","821",20
"19504","19063","190",766
"19505","39171","391",713
"19506","99518","995",1145
"19507","06317","063",688
"19508","80939","809",814
"19509","85354","853",999
"19510","06618","066",681
"19511","93309","933",51
"19512","92277","922",852
"19513","92366","923",851
"19514","85586","855",1057
"19515","85560","855",1057
"19516","59348","593",223
"19517","48366","483",199
"19518","66901","669",297
"19519","48485","484",197
"19520","56299","562",365
"19521","58454","584",106
"19522","45279","452",159
"19523","49835","498",638
"19524","45886","458",189
"19525","56856","568",425
"19526","53604","536",341
"19527","66885","668",302
"19528","48308","483",199
"19529","79588","795",495
"19530","55569","555",433
"19531","90562","905",758
"19532","29462","294",726
"19533","99098","990",1158
"19534","96167","961",58
"19535","90475","904",760
"19536","96224","962",57
"19537","90592","905",755
"19538","98743","987",1013
"19539","96355","963",56
"19540","86564","865",996
"19541","82541","825",12
"19542","84101","841",46
"19543","06217","062",690
"19544","16949","169",869
"19545","95632","956",143
"19546","06108","061",692
"19547","84095","840",47
"19548","92708","927",835
"19549","39539","395",705
"19550","07973","079",739
"19551","84432","844",81
"19552","92536","925",847
"19553","04420","044",865
"19554","18292","182",698
"19555","93087","930",28
"19556","93101","931",54
"19557","94348","943",26
"19558","84163","841",45
"19559","94344","943",26
"19560","08371","083",733
"19561","04567","045",862
"19562","93464","934",50
"19563","04651","046",861
"19564","83313","833",133
"19565","04828","048",858
"19566","04687","046",861
"19567","84333","843",83
"19568","14669","146",774
"19569","94267","942",27
"19570","06925","069",664
"19571","83410","834",132
"19572","83471","834",132
"19573","16775","167",873
"19574","94557","945",21
"19575","04758","047",859
"19576","17034","170",723
"19577","13159","131",826
"19578","18551","185",695
"19579","35614","356",571
"19580","68307","683",394
"19581","26919","269",781
"19582","65835","658",361
"19583","35510","355",575
"19584","32339","323",626
"19585","72172","721",33
"19586","64673","646",1100
"19587","32278","322",627
"19588","69221","692",184
"19589","75180","751",1128
"19590","28197","281",904
"19591","35390","353",577
"19592","69242","692",179
"19593","28259","282",903
"19594","75248","752",1124
"19595","72355","723",74
"19596","28857","288",894
"19597","75382","753",1121
"19598","69245","692",182
"19599","69259","692",185
"19600","64407","644",1032
"19601","32425","324",625
"19602","35288","352",580
"19603","63667","636",1161
"19604","25856","258",830
"19605","75050","750",1131
"19606","31592","315",679
"19607","63543","635",1163
"19608","74912","749",964
"19609","72076","720",40
"19610","34471","344",409
"19611","63853","638",1156
"19612","74078","740",942
"19613","63785","637",1159
"19614","88639","886",1064
"19615","74206","742",936
"19616","74348","743",929
"19617","72827","728",65
"19618","25712","257",834
"19619","74172","741",941
"19620","74074","740",942
"19621","31553","315",678
"19622","74743","747",967
"19623","25584","255",846
"19624","72660","726",67
"19625","21522","215",465
"19626","99894","998",1169
"19627","87660","876",1166
"19628","86877","868",981
"19629","98646","986",1016
"19630","89434","894",323
"19631","38875","388",606
"19632","38442","384",614
"19633","96176","961",58
"19634","23758","237",566
"19635","29571","295",725
"19636","23923","239",589
"19637","86984","869",980
"19638","86663","866",988
"19639","91350","913",895
"19640","99189","991",1154
"19641","86940","869",980
"19642","82389","823",17
"19643","96146","961",58
"19644","23779","237",566
"19645","23936","239",589
"19646","90427","904",760
"19647","29487","294",726
"19648","79576","795",495
"19649","66969","669",298
"19650","56112","561",381
"19651","26849","268",784
"19652","48165","481",206
"19653","56077","560",385
"19654","59427","594",222
"19655","55590","555",433
"19656","79410","794",496
"19657","56204","562",367
"19658","79692","796",492
"19659","58802","588",101
"19660","79279","792",502
"19661","73114","731",975
"19662","30880","308",599
"19663","37284","372",636
"19664","89134","891",332
"19665","73340","733",1043
"19666","24351","243",546
"19667","88480","884",1071
"19668","37176","371",637
"19669","24558","245",540
"19670","89174","891",332
"19671","89171","891",332
"19672","89551","895",320
"19673","87547","875",1135
"19674","23826","238",591
"19675","91616","916",883
"19676","38685","386",610
"19677","91593","915",892
"19678","89441","894",323
"19679","97511","975",1089
"19680","89355","893",325
"19681","52068","520",1027
"19682","52080","520",1027
"19683","54611","546",290
"19684","47807","478",208
"19685","40667","406",1063
"19686","41460","414",324
"19687","53902","539",330
"19688","46354","463",95
"19689","49849","498",638
"19690","50935","509",955
"19691","53359","533",292
"19692","46240","462",98
"19693","45964","459",188
"19694","51381","513",1148
"19695","56841","568",424
"19696","74214","742",934
"19697","24873","248",531
"19698","25578","255",846
"19699","37640","376",631
"19700","37620","376",631
"19701","89611","896",316
"19702","73110","731",972
"19703","89150","891",332
"19704","36088","360",563
"19705","73098","730",978
"19706","47551","475",212
"19707","52477","524",1095
"19708","52382","523",1023
"19709","47506","475",211
"19710","54647","546",288
"19711","54316","543",244
"19712","50259","502",961
"19713","66636","666",249
"19714","66117","661",260
"19715","56825","568",425
"19716","53125","531",294
"19717","48720","487",191
"19718","79822","798",482
"19719","35759","357",570
"19720","76437","764",1045
"19721","49143","491",654
"19722","26122","261",800
"19723","79790","797",488
"19724","55252","552",444
"19725","76764","767",1111
"19726","35684","356",572
"19727","76189","761",1056
"19728","67577","675",455
"19729","26936","269",781
"19730","67365","673",463
"19731","59557","595",221
"19732","27801","278",916
"19733","59602","596",220
"19734","67117","671",476
"19735","66862","668",303
"19736","55596","555",433
"19737","67732","677",447
"19738","79429","794",496
"19739","56349","563",357
"19740","67697","676",451
"19741","49497","494",644
"19742","49536","495",643
"19743","67728","677",450
"19744","59469","594",222
"19745","65582","655",307
"19746","65626","656",375
"19747","59519","595",221
"19748","59823","598",218
"19749","57234","572",170
"19750","67308","673",464
"19751","77787","777",397
"19752","26903","269",779
"19753","26465","264",793
"19754","66504","665",252
"19755","56323","563",354
"19756","58515","585",105
"19757","48159","481",206
"19758","56743","567",346
"19759","55776","557",514
"19760","56751","567",346
"19761","24783","247",534
"19762","73054","730",978
"19763","73113","731",977
"19764","36277","362",560
"19765","37120","371",637
"19766","30629","306",602
"19767","29649","296",724
"19768","88260","882",1078
"19769","31137","311",662
"19770","24399","243",546
"19771","37075","370",639
"19772","97657","976",1082
"19773","73434","734",1042
"19774","97647","976",1082
"19775","23812","238",591
"19776","73433","734",1042
"19777","97534","975",1085
"19778","22159","221",404
"19779","89520","895",320
"19780","87779","877",1165
"19781","87752","877",1165
"19782","89567","895",320
"19783","89428","894",323
"19784","24638","246",539
"19785","98639","986",1016
"19786","89358","893",325
"19787","24238","242",550
"19788","86735","867",982
"19789","96160","961",58
"19790","89365","893",325
"19791","87742","877",1165
"19792","91463","914",893
"19793","38114","381",618
"19794","32361","323",626
"19795","33154","331",511
"19796","35585","355",574
"19797","64683","646",1100
"19798","78662","786",262
"19799","75196","751",1129
"19800","75045","750",1131
"19801","33161","331",511
"19802","69469","694",176
"19803","28719","287",896
"19804","27616","276",921
"19805","61118","611",962
"19806","33175","331",511
"19807","61206","612",1031
"19808","27245","272",926
"19809","63150","631",1105
"19810","32429","324",625
"19811","32547","325",624
"19812","64853","648",1098
"19813","31595","315",679
"19814","25774","257",834
"19815","71106","711",126
"19816","28325","283",901
"19817","21785","217",525
"19818","27412","274",923
"19819","71739","717",110
"19820","35279","352",580
"19821","63679","636",1161
"19822","25866","258",830
"19823","31719","317",671
"19824","25785","257",834
"19825","70806","708",3
"19826","63768","637",1160
"19827","63857","638",1156
"19828","71332","713",122
"19829","31867","318",665
"19830","74736","747",967
"19831","73230","732",971
"19832","91459","914",893
"19833","91622","916",883
"19834","38162","381",618
"19835","38165","381",618
"19836","29389","293",727
"19837","91737","917",878
"19838","91586","915",889
"19839","86685","866",988
"19840","96188","961",58
"19841","86485","864",948
"19842","99100","991",1154
"19843","86925","869",980
"19844","96190","961",58
"19845","86507","865",989
"19846","86179","861",953
"19847","91336","913",895
"19848","90441","904",760
"19849","24867","248",531
"19850","73262","732",971
"19851","36364","363",559
"19852","34327","343",414
"19853","24819","248",531
"19854","73101","731",972
"19855","21646","216",528
"19856","73087","730",978
"19857","34286","342",421
"19858","73344","733",1043
"19859","97854","978",1077
"19860","25336","253",850
"19861","97959","979",1072
"19862","92348","923",851
"19863","19053","190",766
"19864","85077","850",1009
"19865","85391","853",1001
"19866","85386","853",999
"19867","06638","066",682
"19868","95233","952",92
"19869","85414","854",1060
"19870","92237","922",852
"19871","83703","837",128
"19872","06198","061",692
"19873","95686","956",143
"19874","84091","840",49
"19875","83737","837",128
"19876","85368","853",1003
"19877","92286","922",852
"19878","39590","395",705
"19879","93161","931",53
"19880","06258","062",690
"19881","83075","830",87
"19882","85659","856",1055
"19883","84098","840",49
"19884","83558","835",131
"19885","83527","835",131
"19886","83131","831",84
"19887","14728","147",773
"19888","04639","046",860
"19889","08115","081",737
"19890","04347","043",867
"19891","08147","081",737
"19892","14797","147",772
"19893","92557","925",847
"19894","84550","845",79
"19895","08315","083",732
"19896","09224","092",1130
"19897","83413","834",132
"19898","93476","934",50
"19899","94447","944",23
"19900","09484","094",1123
"19901","94486","944",23
"19902","17109","171",722
"19903","18516","185",694
"19904","94501","945",22
"19905","94551","945",22
"19906","94137","941",1171
"19907","09514","095",1119
"19908","18574","185",695
"19909","09618","096",1116
"19910","94169","941",1175
"19911","17036","170",723
"19912","94481","944",25
"19913","99099","990",1158
"19914","86495","864",946
"19915","82418","824",13
"19916","86701","867",984
"19917","19075","190",766
"19918","91355","913",895
"19919","95359","953",156
"19920","06571","065",683
"19921","82110","821",20
"19922","29491","294",726
"19923","91242","912",897
"19924","01833","018",856
"19925","01906","019",853
"19926","03149","031",906
"19927","02727","027",768
"19928","94121","941",1175
"19929","94545","945",22
"19930","03238","032",905
"19931","01468","014",809
"19932","17389","173",718
"19933","01945","019",853
"19934","49832","498",638
"19935","95100","951",93
"19936","06686","066",681
"19937","83109","831",86
"19938","95186","951",93
"19939","92703","927",837
"19940","84088","840",49
"19941","83115","831",84
"19942","06766","067",674
"19943","18184","181",699
"19944","84419","844",81
"19945","92436","924",849
"19946","04442","044",864
"19947","06774","067",674
"19948","84109","841",45
"19949","84573","845",80
"19950","08066","080",738
"19951","84177","841",45
"19952","14823","148",771
"19953","94363","943",26
"19954","04680","046",861
"19955","09353","093",1126
"19956","08359","083",732
"19957","16816","168",871
"19958","16831","168",871
"19959","94374","943",26
"19960","94505","945",21
"19961","09235","092",1130
"19962","93458","934",50
"19963","17217","172",720
"19964","14612","146",774
"19965","13593","135",820
"19966","18556","185",695
"19967","94258","942",27
"19968","94081","940",1176
"19969","94513","945",22
"19970","12207","122",524
"19971","15938","159",907
"19972","12529","125",521
"19973","95326","953",156
"19974","85221","852",1004
"19975","95512","955",147
"19976","92367","923",851
"19977","93336","933",51
"19978","07743","077",742
"19979","95448","954",154
"19980","39221","392",710
"19981","19374","193",763
"19982","84048","840",49
"19983","18225","182",698
"19984","92249","922",852
"19985","85665","856",1052
"19986","85419","854",1060
"19987","85435","854",1060
"19988","86570","865",996
"19989","86529","865",996
"19990","82481","824",13
"19991","82343","823",17
"19992","85051","850",1009
"19993","25938","259",828
"19994","68642","686",388
"19995","78086","780",275
"19996","49453","494",645
"19997","61273","612",1030
"19998","75389","753",1121
"19999","72160","721",33
"20000","65934","659",353
"20001","33719","337",554
"20002","60489","604",61
"20003","35094","350",586
"20004","27619","276",921
"20005","60437","604",61
"20006","69198","691",187
"20007","69168","691",186
"20008","27721","277",920
"20009","75056","750",1131
"20010","78592","785",265
"20011","71120","711",126
"20012","35114","351",583
"20013","64760","647",1099
"20014","78256","782",270
"20015","32423","324",625
"20016","74921","749",964
"20017","71034","710",78
"20018","71093","710",78
"20019","31691","316",675
"20020","63699","636",1161
"20021","72124","721",36
"20022","31749","317",670
"20023","27324","273",925
"20024","88630","886",1064
"20025","74722","747",967
"20026","34379","343",412
"20027","34388","343",412
"20028","25786","257",834
"20029","63637","636",1161
"20030","74746","747",967
"20031","36093","360",563
"20032","73079","730",978
"20033","21629","216",528
"20034","97267","972",1020
"20035","74429","744",970
"20036","25499","254",848
"20037","97204","972",1020
"20038","97262","972",1020
"20039","97502","975",1087
"20040","73432","734",1042
"20041","91625","916",883
"20042","22885","228",456
"20043","24148","241",557
"20044","87730","877",1165
"20045","87463","874",1136
"20046","23867","238",591
"20047","23795","237",565
"20048","38176","381",618
"20049","38539","385",613
"20050","91613","916",883
"20051","97499","974",1018
"20052","29369","293",727
"20053","89435","894",323
"20054","99759","997",1170
"20055","91725","917",878
"20056","86871","868",981
"20057","38550","385",613
"20058","23556","235",569
"20059","86733","867",982
"20060","91462","914",893
"20061","98528","985",959
"20062","87645","876",1166
"20063","96191","961",58
"20064","29597","295",725
"20065","29499","294",726
"20066","19260","192",765
"20067","86943","869",980
"20068","86316","863",952
"20069","38486","384",614
"20070","82435","824",13
"20071","82272","822",19
"20072","01689","016",806
"20073","16356","163",880
"20074","15745","157",912
"20075","16225","162",888
"20076","94145","941",1175
"20077","01189","011",812
"20078","15528","155",913
"20079","01825","018",856
"20080","01819","018",856
"20081","34277","342",419
"20082","88527","885",1068
"20083","25489","254",848
"20084","34346","343",412
"20085","97941","979",1072
"20086","37635","376",631
"20087","29643","296",724
"20088","88287","882",1078
"20089","88131","881",1080
"20090","15306","153",914
"20091","02625","026",769
"20092","15295","152",915
"20093","02791","027",768
"20094","54439","544",240
"20095","47877","478",208
"20096","46399","463",96
"20097","54308","543",244
"20098","40545","405",1067
"20099","54427","544",241
"20100","50769","507",957
"20101","66839","668",301
"20102","45481","454",157
"20103","40627","406",1062
"20104","54349","543",247
"20105","46286","462",98
"20106","45966","459",188
"20107","45149","451",160
"20108","51377","513",1148
"20109","44225","442",339
"20110","48161","481",206
"20111","58579","585",105
"20112","26434","264",792
"20113","49610","496",642
"20114","57078","570",172
"20115","49078","490",658
"20116","49596","495",643
"20117","48336","483",202
"20118","55435","554",436
"20119","65347","653",309
"20120","57271","572",170
"20121","79725","797",488
"20122","56182","561",382
"20123","56322","563",354
"20124","26670","266",788
"20125","59077","590",227
"20126","79238","792",502
"20127","49586","495",643
"20128","56377","563",354
"20129","55624","556",430
"20130","44894","448",417
"20131","53804","538",335
"20132","56295","562",365
"20133","58313","583",109
"20134","53577","535",345
"20135","55619","556",429
"20136","45276","452",159
"20137","51145","511",1096
"20138","66606","666",249
"20139","66564","665",250
"20140","56812","568",425
"20141","42279","422",232
"20142","48488","484",197
"20143","42897","428",274
"20144","65614","656",377
"20145","59505","595",221
"20146","26939","269",781
"20147","95145","951",93
"20148","08538","085",730
"20149","92700","927",835
"20150","19386","193",763
"20151","93352","933",51
"20152","18109","181",701
"20153","95199","951",93
"20154","08529","085",730
"20155","93096","930",28
"20156","93093","930",28
"20157","08645","086",729
"20158","08428","084",731
"20159","92648","926",843
"20160","93104","931",55
"20161","08496","084",731
"20162","84152","841",45
"20163","83224","832",135
"20164","84562","845",80
"20165","18375","183",697
"20166","08134","081",737
"20167","84577","845",79
"20168","09356","093",1126
"20169","94372","943",26
"20170","84552","845",79
"20171","94366","943",26
"20172","04889","048",858
"20173","84378","843",83
"20174","83416","834",132
"20175","04746","047",859
"20176","14621","146",774
"20177","09488","094",1123
"20178","14471","144",777
"20179","94255","942",27
"20180","93462","934",50
"20181","94166","941",1171
"20182","04749","047",859
"20183","17089","170",723
"20184","17033","170",723
"20185","94072","940",1176
"20186","01665","016",806
"20187","94160","941",1175
"20188","91238","912",897
"20189","92339","923",851
"20190","82061","820",1167
"20191","07366","073",747
"20192","95356","953",156
"20193","93349","933",51
"20194","95502","955",148
"20195","06636","066",682
"20196","95509","955",148
"20197","83666","836",129
"20198","85649","856",1052
"20199","83627","836",129
"20200","95519","955",149
"20201","18236","182",698
"20202","06193","061",692
"20203","07927","079",739
"20204","06255","062",690
"20205","93326","933",51
"20206","07639","076",744
"20207","07586","075",745
"20208","83052","830",87
"20209","17291","172",721
"20210","15711","157",912
"20211","01217","012",811
"20212","01458","014",809
"20213","15864","158",910
"20214","17326","173",718
"20215","02742","027",768
"20216","55494","554",435
"20217","67748","677",449
"20218","79346","793",501
"20219","79112","791",506
"20220","67699","676",451
"20221","59067","590",227
"20222","79244","792",502
"20223","77955","779",390
"20224","79276","792",502
"20225","41179","411",285
"20226","66706","667",305
"20227","47661","476",210
"20228","50181","501",928
"20229","46487","464",94
"20230","52391","523",1023
"20231","41569","415",321
"20232","48691","486",193
"20233","47053","470",217
"20234","66809","668",301
"20235","54534","545",234
"20236","50858","508",956
"20237","40595","405",1066
"20238","46284","462",98
"20239","42699","426",280
"20240","66121","661",260
"20241","56746","567",348
"20242","53343","533",292
"20243","51688","516",1140
"20244","53809","538",335
"20245","56588","565",350
"20246","66892","668",303
"20247","26607","266",788
"20248","53842","538",334
"20249","55768","557",514
"20250","42369","423",230
"20251","45739","457",144
"20252","42289","422",232
"20253","53619","536",341
"20254","49770","497",641
"20255","39359","393",708
"20256","86919","869",980
"20257","82449","824",13
"20258","82407","824",16
"20259","90482","904",760
"20260","96515","965",88
"20261","38828","388",606
"20262","96524","965",88
"20263","90542","905",758
"20264","86571","865",996
"20265","86561","865",996
"20266","85117","851",1005
"20267","91286","912",897
"20268","79802","798",485
"20269","64579","645",1101
"20270","27572","275",922
"20271","34508","345",408
"20272","68526","685",389
"20273","78609","786",262
"20274","69502","695",173
"20275","69190","691",186
"20276","63329","633",1103
"20277","27751","277",919
"20278","75228","752",1124
"20279","64287","642",1037
"20280","78549","785",265
"20281","32105","321",628
"20282","21765","217",525
"20283","69518","695",173
"20284","75057","750",1131
"20285","71134","711",126
"20286","75395","753",1121
"20287","72149","721",34
"20288","27432","274",923
"20289","25813","258",830
"20290","74363","743",929
"20291","70839","708",1
"20292","63814","638",1157
"20293","27446","274",923
"20294","74226","742",932
"20295","71144","711",127
"20296","25876","258",830
"20297","34311","343",410
"20298","72667","726",67
"20299","63933","639",1151
"20300","31702","317",671
"20301","72800","728",63
"20302","72585","725",70
"20303","63872","638",1156
"20304","63846","638",1156
"20305","72661","726",67
"20306","34281","342",419
"20307","72581","725",70
"20308","24863","248",531
"20309","71570","715",118
"20310","97834","978",1077
"20311","21647","216",528
"20312","36282","362",560
"20313","24790","247",534
"20314","97769","977",1079
"20315","97780","977",1079
"20316","97776","977",1079
"20317","24796","247",534
"20318","24632","246",536
"20319","21256","212",487
"20320","74572","745",969
"20321","36169","361",561
"20322","97450","974",1018
"20323","29352","293",727
"20324","20539","205",640
"20325","97659","976",1082
"20326","87561","875",1135
"20327","73463","734",1042
"20328","91608","916",883
"20329","73441","734",1042
"20330","21358","213",478
"20331","91596","915",889
"20332","21481","214",475
"20333","29525","295",725
"20334","86473","864",943
"20335","29399","293",727
"20336","38835","388",606
"20337","29591","295",725
"20338","23611","236",568
"20339","87672","876",1166
"20340","23564","235",569
"20341","86199","861",953
"20342","86944","869",980
"20343","90513","905",756
"20344","82488","824",13
"20345","99091","990",1158
"20346","99631","996",1141
"20347","39356","393",708
"20348","07426","074",746
"20349","67280","672",469
"20350","77886","778",392
"20351","77728","777",397
"20352","49214","492",651
"20353","57339","573",169
"20354","78098","780",277
"20355","76767","767",1111
"20356","67361","673",463
"20357","76461","764",1045
"20358","33449","334",503
"20359","32351","323",626
"20360","25996","259",829
"20361","67376","673",463
"20362","79780","797",488
"20363","25999","259",829
"20364","67547","675",455
"20365","65439","654",308
"20366","64560","645",1101
"20367","67063","670",480
"20368","77948","779",390
"20369","56414","564",352
"20370","55597","555",434
"20371","79252","792",502
"20372","26452","264",792
"20373","57076","570",172
"20374","65399","653",309
"20375","49086","490",658
"20376","36381","363",559
"20377","72587","725",70
"20378","73614","736",1039
"20379","25358","253",850
"20380","73275","732",971
"20381","21640","216",528
"20382","73660","736",1039
"20383","73655","736",1039
"20384","73099","730",979
"20385","37633","376",631
"20386","29699","296",724
"20387","24891","248",531
"20388","21255","212",487
"20389","24808","248",531
"20390","92263","922",852
"20391","39261","392",711
"20392","07549","075",745
"20393","08525","085",730
"20394","92706","927",835
"20395","84186","841",45
"20396","18146","181",701
"20397","93149","931",53
"20398","83122","831",84
"20399","84144","841",45
"20400","08499","084",731
"20401","08223","082",735
"20402","84100","841",45
"20403","95671","956",143
"20404","84183","841",45
"20405","04600","046",860
"20406","94369","943",26
"20407","94339","943",26
"20408","83342","833",133
"20409","83339","833",133
"20410","93489","934",50
"20411","17139","171",722
"20412","94360","943",26
"20413","08280","082",736
"20414","94569","945",21
"20415","83451","834",132
"20416","94554","945",21
"20417","09477","094",1123
"20418","14943","149",770
"20419","13591","135",820
"20420","94252","942",27
"20421","01683","016",806
"20422","09629","096",1116
"20423","61250","612",1030
"20424","76228","762",1048
"20425","76229","762",1048
"20426","33613","336",499
"20427","64653","646",1100
"20428","28816","288",894
"20429","35112","351",581
"20430","75399","753",1121
"20431","35066","350",587
"20432","72184","721",33
"20433","75249","752",1124
"20434","25882","258",830
"20435","78259","782",270
"20436","69483","694",178
"20437","78585","785",265
"20438","74933","749",964
"20439","35325","353",578
"20440","78343","783",267
"20441","74389","743",929
"20442","25693","256",845
"20443","88605","886",1064
"20444","21730","217",525
"20445","72147","721",35
"20446","31619","316",677
"20447","64754","647",1099
"20448","72127","721",36
"20449","31693","316",675
"20450","25878","258",830
"20451","34599","345",407
"20452","70619","706",7
"20453","74360","743",929
"20454","21712","217",525
"20455","74861","748",966
"20456","63599","635",1163
"20457","25594","255",846
"20458","72669","726",67
"20459","88677","886",1064
"20460","71384","713",122
"20461","71404","714",121
"20462","37697","376",631
"20463","88289","882",1078
"20464","31073","310",663
"20465","97237","972",1020
"20466","24360","243",546
"20467","97261","972",1020
"20468","22525","225",393
"20469","73486","734",1042
"20470","97222","972",1020
"20471","97285","972",1020
"20472","89185","891",332
"20473","97078","970",1024
"20474","99837","998",1169
"20475","97076","970",1024
"20476","89183","891",332
"20477","97230","972",1020
"20478","89269","892",327
"20479","97729","977",1079
"20480","21388","213",478
"20481","91587","915",891
"20482","89284","892",327
"20483","37339","373",635
"20484","97346","973",1019
"20485","38678","386",610
"20486","87755","877",1165
"20487","22965","229",453
"20488","87776","877",1165
"20489","97488","974",1018
"20490","97503","975",1085
"20491","91598","915",889
"20492","87769","877",1165
"20493","29393","293",727
"20494","21483","214",475
"20495","91572","915",889
"20496","97528","975",1093
"20497","98553","985",959
"20498","87656","876",1166
"20499","96193","961",58
"20500","23562","235",569
"20501","86709","867",987
"20502","23683","236",568
"20503","96120","961",58
"20504","96135","961",58
"20505","96103","961",58
"20506","90587","905",756
"20507","96274","962",57
"20508","86978","869",980
"20509","82467","824",13
"20510","86153","861",953
"20511","23942","239",589
"20512","38379","383",616
"20513","90547","905",756
"20514","86438","864",945
"20515","86935","869",980
"20516","99195","991",1154
"20517","82297","822",19
"20518","86922","869",980
"20519","41749","417",314
"20520","41065","410",286
"20521","41363","413",282
"20522","47802","478",208
"20523","54585","545",235
"20524","47809","478",208
"20525","54343","543",245
"20526","54341","543",245
"20527","47057","470",217
"20528","46049","460",100
"20529","54524","545",234
"20530","42697","426",280
"20531","51061","510",1097
"20532","48527","485",196
"20533","26736","267",786
"20534","51109","511",1096
"20535","34246","342",420
"20536","24944","249",564
"20537","24975","249",564
"20538","74535","745",969
"20539","25593","255",846
"20540","97737","977",1079
"20541","97944","979",1072
"20542","74420","744",970
"20543","37216","372",636
"20544","95488","954",154
"20545","19300","193",762
"20546","39326","393",708
"20547","95131","951",93
"20548","19089","190",766
"20549","06628","066",681
"20550","83607","836",129
"20551","85774","857",1049
"20552","92655","926",841
"20553","83707","837",128
"20554","06249","062",690
"20555","93176","931",53
"20556","92284","922",852
"20557","85604","856",1052
"20558","39596","395",705
"20559","57635","576",161
"20560","44263","442",339
"20561","49774","497",641
"20562","66919","669",296
"20563","57258","572",171
"20564","26486","264",795
"20565","79350","793",501
"20566","67814","678",518
"20567","77836","778",392
"20568","57299","572",170
"20569","67297","672",470
"20570","65623","656",373
"20571","65345","653",309
"20572","26386","263",797
"20573","58540","585",105
"20574","67718","677",446
"20575","77975","779",390
"20576","79232","792",502
"20577","59065","590",227
"20578","57482","574",168
"20579","65552","655",307
"20580","55291","552",441
"20581","79871","798",482
"20582","35686","356",572
"20583","72270","722",76
"20584","67574","675",455
"20585","65529","655",307
"20586","67240","672",469
"20587","51469","514",1146
"20588","48465","484",197
"20589","42111","421",233
"20590","66540","665",250
"20591","42119","421",233
"20592","26907","269",780
"20593","53639","536",341
"20594","42287","422",232
"20595","56821","568",425
"20596","53579","535",345
"20597","58256","582",112
"20598","55756","557",515
"20599","96465","964",89
"20600","82266","822",19
"20601","82281","822",19
"20602","07427","074",746
"20603","06463","064",687
"20604","06449","064",687
"20605","09544","095",1119
"20606","18586","185",695
"20607","01471","014",809
"20608","17379","173",718
"20609","01109","011",813
"20610","01239","012",811
"20611","01309","013",810
"20612","01993","019",853
"20613","01816","018",856
"20614","17373","173",718
"20615","01824","018",856
"20616","03096","030",908
"20617","03119","031",906
"20618","02699","026",769
"20619","16307","163",881
"20620","03050","030",908
"20621","02747","027",768
"20622","47509","475",211
"20623","54589","545",235
"20624","54655","546",288
"20625","47447","474",213
"20626","46117","461",99
"20627","40699","406",1062
"20628","46282","462",98
"20629","45359","453",158
"20630","51371","513",1148
"20631","54497","544",242
"20632","45136","451",160
"20633","66129","661",260
"20634","45309","453",158
"20635","85131","851",1005
"20636","90571","905",758
"20637","07422","074",746
"20638","82327","823",17
"20639","29494","294",726
"20640","06343","063",688
"20641","82140","821",20
"20642","19069","190",766
"20643","83661","836",129
"20644","56581","565",350
"20645","51588","515",1142
"20646","66507","665",253
"20647","59394","593",223
"20648","56333","563",355
"20649","88263","882",1078
"20650","25585","255",846
"20651","88361","883",1074
"20652","36275","362",560
"20653","24878","248",531
"20654","21644","216",528
"20655","71566","715",118
"20656","30989","309",597
"20657","21641","216",528
"20658","36148","361",561
"20659","77889","778",392
"20660","65195","651",311
"20661","65618","656",378
"20662","76287","762",1048
"20663","55283","552",443
"20664","67105","671",476
"20665","65719","657",371
"20666","76199","761",1056
"20667","44319","443",336
"20668","58642","586",104
"20669","57610","576",161
"20670","48157","481",206
"20671","79369","793",501
"20672","67700","677",447
"20673","57577","575",167
"20674","79227","792",502
"20675","79585","795",495
"20676","79359","793",501
"20677","55487","554",435
"20678","53557","535",344
"20679","44359","443",336
"20680","44357","443",336
"20681","53489","534",291
"20682","56820","568",425
"20683","85459","854",1060
"20684","85669","856",1055
"20685","92690","926",841
"20686","95195","951",93
"20687","93345","933",51
"20688","95704","957",138
"20689","06385","063",689
"20690","92253","922",852
"20691","84085","840",49
"20692","84424","844",81
"20693","06679","066",681
"20694","84097","840",49
"20695","83561","835",131
"20696","18273","182",698
"20697","92660","926",841
"20698","92699","926",843
"20699","83549","835",131
"20700","93089","930",28
"20701","83229","832",135
"20702","93090","930",28
"20703","08258","082",735
"20704","06785","067",674
"20705","06869","068",669
"20706","93179","931",53
"20707","83119","831",85
"20708","06773","067",674
"20709","93194","931",53
"20710","18337","183",697
"20711","84574","845",79
"20712","92554","925",847
"20713","08304","083",732
"20714","04425","044",866
"20715","84570","845",79
"20716","84518","845",79
"20717","83368","833",133
"20718","93455","934",50
"20719","83374","833",133
"20720","84556","845",79
"20721","94436","944",23
"20722","18461","184",696
"20723","94563","945",21
"20724","18442","184",696
"20725","83435","834",132
"20726","09114","091",1132
"20727","04736","047",859
"20728","18507","185",694
"20729","84385","843",83
"20730","14959","149",770
"20731","09579","095",1119
"20732","17391","173",718
"20733","07349","073",747
"20734","96367","963",56
"20735","95355","953",156
"20736","19079","190",766
"20737","39629","396",704
"20738","29493","294",726
"20739","95473","954",154
"20740","91275","912",897
"20741","80933","809",814
"20742","23992","239",589
"20743","82054","820",1167
"20744","95517","955",151
"20745","07924","079",739
"20746","85652","856",1054
"20747","18246","182",698
"20748","07607","076",744
"20749","93152","931",53
"20750","88099","880",1084
"20751","30851","308",601
"20752","88447","884",1071
"20753","74673","746",968
"20754","31061","310",663
"20755","36157","361",561
"20756","22869","228",458
"20757","97244","972",1020
"20758","97299","972",1020
"20759","97282","972",1020
"20760","88416","884",1071
"20761","73453","734",1042
"20762","73540","735",1041
"20763","74585","745",969
"20764","21107","211",491
"20765","97199","971",1022
"20766","21272","212",487
"20767","22393","223",400
"20768","87740","877",1165
"20769","91635","916",883
"20770","24253","242",550
"20771","29353","293",727
"20772","29578","295",725
"20773","89367","893",325
"20774","21386","213",478
"20775","24256","242",550
"20776","21357","213",478
"20777","91634","916",884
"20778","23858","238",591
"20779","29365","293",727
"20780","38640","386",612
"20781","23715","237",566
"20782","91604","916",883
"20783","32139","321",629
"20784","68775","687",386
"20785","78727","787",261
"20786","78736","787",261
"20787","35117","351",582
"20788","72189","721",33
"20789","33106","331",511
"20790","72218","722",76
"20791","35392","353",577
"20792","78669","786",264
"20793","27251","272",926
"20794","35415","354",576
"20795","34497","344",409
"20796","72359","723",74
"20797","75443","754",1117
"20798","71083","710",77
"20799","35274","352",580
"20800","64823","648",1098
"20801","72406","724",72
"20802","63452","634",1164
"20803","72379","723",75
"20804","63691","636",1161
"20805","63546","635",1163
"20806","25724","257",834
"20807","63526","635",1163
"20808","64850","648",1098
"20809","63517","635",1163
"20810","72144","721",35
"20811","25541","255",846
"20812","72135","721",38
"20813","31712","317",671
"20814","74865","748",966
"20815","21734","217",525
"20816","74388","743",929
"20817","25572","255",846
"20818","70327","703",10
"20819","74199","741",938
"20820","27386","273",925
"20821","88367","883",1074
"20822","34131","341",423
"20823","34292","342",420
"20824","36323","363",559
"20825","72644","726",67
"20826","88529","885",1069
"20827","25348","253",850
"20828","72582","725",70
"20829","21682","216",529
"20830","21400","214",474
"20831","19258","192",765
"20832","38547","385",613
"20833","98529","985",959
"20834","89443","894",323
"20835","91489","914",893
"20836","38477","384",614
"20837","90574","905",756
"20838","38489","384",614
"20839","38458","384",614
"20840","96163","961",58
"20841","96114","961",58
"20842","96199","961",58
"20843","86928","869",980
"20844","38838","388",606
"20845","82405","824",14
"20846","23775","237",566
"20847","86676","866",988
"20848","59063","590",227
"20849","79249","792",502
"20850","65385","653",309
"20851","49219","492",650
"20852","59846","598",218
"20853","65375","653",309
"20854","56462","564",352
"20855","79261","792",502
"20856","67472","674",460
"20857","59821","598",218
"20858","79872","798",482
"20859","49451","494",645
"20860","76779","767",1111
"20861","77796","777",397
"20862","15926","159",907
"20863","18609","186",693
"20864","12526","125",521
"20865","16359","163",880
"20866","94158","941",1175
"20867","01936","019",853
"20868","17358","173",718
"20869","15890","158",911
"20870","02788","027",768
"20871","02929","029",803
"20872","39279","392",712
"20873","85465","854",1060
"20874","08539","085",730
"20875","93133","931",53
"20876","07950","079",739
"20877","95111","951",93
"20878","39307","393",709
"20879","84172","841",45
"20880","95707","957",141
"20881","08626","086",729
"20882","95689","956",143
"20883","83101","831",84
"20884","92712","927",835
"20885","84028","840",47
"20886","08239","082",735
"20887","84103","841",45
"20888","18347","183",697
"20889","94333","943",26
"20890","83259","832",135
"20891","18195","181",699
"20892","84175","841",45
"20893","83257","832",135
"20894","84180","841",45
"20895","08144","081",737
"20896","84546","845",80
"20897","84140","841",45
"20898","04643","046",861
"20899","94327","943",26
"20900","09212","092",1130
"20901","06895","068",669
"20902","84561","845",79
"20903","09221","092",1130
"20904","09326","093",1127
"20905","04779","047",859
"20906","09423","094",1123
"20907","94256","942",27
"20908","18437","184",696
"20909","09496","094",1123
"20910","16767","167",873
"20911","01616","016",806
"20912","01561","015",808
"20913","01662","016",806
"20914","85258","852",1004
"20915","39628","396",704
"20916","82515","825",12
"20917","85241","852",1004
"20918","23970","239",589
"20919","95369","953",156
"20920","85296","852",1004
"20921","91249","912",897
"20922","39439","394",706
"20923","95362","953",156
"20924","19412","194",761
"20925","39128","391",713
"20926","07747","077",742
"20927","92331","923",851
"20928","95189","951",93
"20929","82276","822",19
"20930","85135","851",1005
"20931","96264","962",57
"20932","85137","851",1005
"20933","91171","911",898
"20934","92342","923",851
"20935","82223","822",19
"20936","85247","852",1004
"20937","99441","994",1147
"20938","91480","914",893
"20939","90619","906",752
"20940","91486","914",893
"20941","23730","237",566
"20942","96173","961",58
"20943","87642","876",1166
"20944","96148","961",58
"20945","98673","986",1016
"20946","86695","866",988
"20947","99718","997",1170
"20948","91325","913",895
"20949","38368","383",616
"20950","86492","864",944
"20951","82383","823",17
"20952","96472","964",89
"20953","86573","865",996
"20954","02994","029",802
"20955","01848","018",856
"20956","02979","029",802
"20957","01904","019",854
"20958","02681","026",769
"20959","12359","123",523
"20960","01744","017",804
"20961","52074","520",1027
"20962","52511","525",1094
"20963","47647","476",210
"20964","53937","539",330
"20965","46499","464",94
"20966","54584","545",235
"20967","54459","544",240
"20968","46562","465",90
"20969","47443","474",213
"20970","66687","666",249
"20971","46244","462",98
"20972","46047","460",100
"20973","40764","407",1061
"20974","66115","661",260
"20975","66119","661",260
"20976","45329","453",158
"20977","45883","458",189
"20978","42113","421",233
"20979","51515","515",1144
"20980","24405","244",544
"20981","89143","891",332
"20982","88138","881",1080
"20983","97947","979",1072
"20984","88267","882",1078
"20985","24589","245",543
"20986","74549","745",969
"20987","30627","306",602
"20988","21224","212",487
"20989","36289","362",560
"20990","73575","735",1041
"20991","37269","372",636
"20992","97993","979",1072
"20993","22850","228",459
"20994","29225","292",728
"20995","88319","883",1076
"20996","89186","891",332
"20997","24620","246",539
"20998","38723","387",608
"20999","37299","372",636
"21000","87700","877",1165
"21001","87737","877",1165
"21002","73466","734",1042
"21003","87787","877",1165
"21004","29362","293",727
"21005","23827","238",594
"21006","29574","295",725
"21007","91471","914",893
"21008","91483","914",893
"21009","97539","975",1085
"21010","86739","867",982
"21011","87782","877",1165
"21012","86748","867",982
"21013","21380","213",478
"21014","96181","961",58
"21015","23719","237",566
"21016","59590","595",221
"21017","68794","687",386
"21018","35578","355",574
"21019","35116","351",582
"21020","33659","336",499
"21021","35583","355",574
"21022","33604","336",499
"21023","33607","336",499
"21024","35398","353",577
"21025","60486","604",61
"21026","69124","691",187
"21027","28757","287",896
"21028","32107","321",628
"21029","27232","272",926
"21030","25927","259",829
"21031","25836","258",830
"21032","64372","643",1035
"21033","78595","785",265
"21034","75433","754",1117
"21035","71263","712",124
"21036","78239","782",270
"21037","72364","723",74
"21038","75446","754",1117
"21039","21775","217",525
"21040","63454","634",1164
"21041","32689","326",656
"21042","35285","352",580
"21043","71277","712",124
"21044","25889","258",830
"21045","63695","636",1161
"21046","36320","363",559
"21047","24969","249",564
"21048","31633","316",677
"21049","25729","257",834
"21050","63773","637",1160
"21051","31582","315",680
"21052","72793","727",66
"21053","32676","326",655
"21054","31714","317",671
"21055","73760","737",1038
"21056","21706","217",525
"21057","88633","886",1064
"21058","88718","887",1134
"21059","31634","316",677
"21060","74246","742",934
"21061","34369","343",412
"21062","24955","249",564
"21063","97909","979",1073
"21064","25573","255",846
"21065","74259","742",934
"21066","24806","248",531
"21067","97859","978",1077
"21068","24817","248",531
"21069","51674","516",1139
"21070","48477","484",197
"21071","56587","565",350
"21072","26817","268",784
"21073","67754","677",447
"21074","49757","497",641
"21075","56179","561",382
"21076","55592","555",433
"21077","26639","266",788
"21078","66981","669",295
"21079","26676","266",788
"21080","67716","677",446
"21081","67705","677",446
"21082","48346","483",203
"21083","77743","777",397
"21084","79331","793",501
"21085","79689","796",492
"21086","79285","792",502
"21087","57580","575",166
"21088","65232","652",310
"21089","55263","552",442
"21090","35708","357",570
"21091","79862","798",482
"21092","79804","798",481
"21093","76479","764",1045
"21094","59581","595",221
"21095","65520","655",307
"21096","65205","652",310
"21097","67366","673",463
"21098","76773","767",1111
"21099","25524","255",846
"21100","27389","273",925
"21101","88370","883",1074
"21102","97845","978",1077
"21103","73271","732",971
"21104","24881","248",531
"21105","24866","248",531
"21106","88250","882",1078
"21107","72535","725",70
"21108","57648","576",163
"21109","55559","555",434
"21110","57555","575",166
"21111","65556","655",307
"21112","26388","263",797
"21113","67434","674",460
"21114","44581","445",328
"21115","66914","669",297
"21116","49838","498",638
"21117","79379","793",500
"21118","55568","555",433
"21119","59439","594",222
"21120","49479","494",644
"21121","48317","483",201
"21122","48145","481",206
"21123","26446","264",792
"21124","56357","563",354
"21125","58675","586",104
"21126","55583","555",434
"21127","76549","765",1044
"21128","26384","263",797
"21129","77883","778",392
"21130","35781","357",570
"21131","33378","333",509
"21132","49326","493",648
"21133","77776","777",397
"21134","49429","494",645
"21135","76756","767",1111
"21136","76593","765",1044
"21137","76316","763",1046
"21138","35789","357",570
"21139","35689","356",572
"21140","35756","357",570
"21141","59909","599",216
"21142","45701","457",144
"21143","53229","532",293
"21144","26759","267",786
"21145","56818","568",425
"21146","44797","447",422
"21147","56754","567",346
"21148","48612","486",193
"21149","54689","546",288
"21150","47929","479",207
"21151","54595","545",236
"21152","41189","411",285
"21153","52355","523",1023
"21154","54666","546",288
"21155","54586","545",235
"21156","41564","415",322
"21157","54550","545",238
"21158","45479","454",157
"21159","46145","461",99
"21160","54492","544",243
"21161","53347","533",292
"21162","45721","457",144
"21163","49751","497",641
"21164","26603","266",788
"21165","26427","264",792
"21166","66954","669",295
"21167","56075","560",385
"21168","56073","560",385
"21169","26897","268",784
"21170","44287","442",339
"21171","56305","563",356
"21172","67817","678",518
"21173","79254","792",502
"21174","79183","791",508
"21175","67307","673",464
"21176","49597","495",643
"21177","49186","491",654
"21178","79733","797",488
"21179","65326","653",309
"21180","49088","490",658
"21181","66424","664",255
"21182","56642","566",349
"21183","66482","664",255
"21184","44388","443",336
"21185","56630","566",349
"21186","49740","497",641
"21187","55490","554",435
"21188","24989","249",564
"21189","29683","296",724
"21190","24361","243",546
"21191","24996","249",564
"21192","73084","730",978
"21193","30559","305",604
"21194","30521","305",604
"21195","37133","371",637
"21196","74582","745",969
"21197","25486","254",848
"21198","22523","225",393
"21199","24214","242",552
"21200","89547","895",320
"21201","22846","228",459
"21202","74564","745",969
"21203","87534","875",1135
"21204","88316","883",1075
"21205","97717","977",1079
"21206","24404","244",545
"21207","89129","891",332
"21208","97337","973",1019
"21209","22359","223",400
"21210","89290","892",327
"21211","23816","238",591
"21212","24235","242",550
"21213","73499","734",1042
"21214","87781","877",1165
"21215","91478","914",893
"21216","38536","385",613
"21217","91601","916",883
"21218","91484","914",893
"21219","97357","973",1019
"21220","86476","864",943
"21221","91438","914",893
"21222","97516","975",1089
"21223","86505","865",994
"21224","24257","242",550
"21225","91632","916",885
"21226","97478","974",1018
"21227","83673","836",129
"21228","92318","923",851
"21229","92364","923",851
"21230","07381","073",747
"21231","07356","073",747
"21232","85375","853",999
"21233","95466","954",154
"21234","06408","064",687
"21235","92256","922",852
"21236","92260","922",852
"21237","92245","922",852
"21238","93180","931",53
"21239","85457","854",1060
"21240","39649","396",703
"21241","98744","987",1013
"21242","91361","913",895
"21243","82287","822",19
"21244","82493","824",13
"21245","82237","822",19
"21246","96317","963",56
"21247","95515","955",145
"21248","85080","850",1009
"21249","39444","394",706
"21250","26935","269",781
"21251","78048","780",276
"21252","67141","671",476
"21253","35647","356",571
"21254","75323","753",1121
"21255","28777","287",896
"21256","27809","278",917
"21257","35102","351",581
"21258","60488","604",61
"21259","60438","604",61
"21260","27749","277",919
"21261","60433","604",61
"21262","28237","282",902
"21263","78247","782",270
"21264","64678","646",1100
"21265","27257","272",926
"21266","61197","611",962
"21267","64832","648",1098
"21268","28309","283",901
"21269","71272","712",124
"21270","25704","257",834
"21271","78476","784",266
"21272","74862","748",966
"21273","72475","724",72
"21274","31710","317",670
"21275","74864","748",966
"21276","74831","748",966
"21277","70193","701",11
"21278","34479","344",409
"21279","31718","317",671
"21280","36329","363",559
"21281","31556","315",678
"21282","72768","727",66
"21283","72519","725",70
"21284","72505","725",68
"21285","72517","725",70
"21286","73765","737",1038
"21287","25794","257",834
"21288","31559","315",678
"21289","63930","639",1153
"21290","71364","713",123
"21291","71522","715",118
"21292","21684","216",529
"21293","88377","883",1074
"21294","91481","914",893
"21295","38871","388",606
"21296","91468","914",893
"21297","86866","868",981
"21298","23628","236",567
"21299","86647","866",988
"21300","86399","863",950
"21301","91728","917",878
"21302","87662","876",1166
"21303","86687","866",988
"21304","98716","987",1015
"21305","38384","383",616
"21306","91738","917",878
"21307","86932","869",980
"21308","91781","917",878
"21309","86923","869",980
"21310","39365","393",707
"21311","31863","318",665
"21312","34121","341",423
"21313","36137","361",561
"21314","24860","248",531
"21315","73235","732",971
"21316","73272","732",971
"21317","74523","745",969
"21318","74635","746",968
"21319","31089","310",663
"21320","07952","079",739
"21321","83043","830",87
"21322","06116","061",692
"21323","08527","085",730
"21324","92521","925",847
"21325","93055","930",28
"21326","93105","931",53
"21327","92715","927",839
"21328","93098","930",28
"21329","04539","045",862
"21330","92543","925",847
"21331","92696","926",844
"21332","83132","831",85
"21333","84555","845",79
"21334","93167","931",53
"21335","83358","833",133
"21336","14806","148",771
"21337","14770","147",772
"21338","14550","145",775
"21339","18469","184",696
"21340","83364","833",133
"21341","09241","092",1130
"21342","09387","093",1126
"21343","04703","047",859
"21344","14552","145",775
"21345","09577","095",1119
"21346","94550","945",22
"21347","94094","940",1176
"21348","01587","015",807
"21349","04924","049",857
"21350","17126","171",722
"21351","15838","158",909
"21352","09619","096",1116
"21353","12355","123",523
"21354","94136","941",1175
"21355","01705","017",804
"21356","16247","162",888
"21357","15910","159",907
"21358","15907","159",907
"21359","17429","174",716
"21360","15848","158",910
"21361","17419","174",716
"21362","02997","029",802
"21363","02708","027",768
"21364","82433","824",13
"21365","91356","913",895
"21366","91359","913",895
"21367","91177","911",898
"21368","99438","994",1147
"21369","82441","824",13
"21370","82216","822",19
"21371","06543","065",685
"21372","82234","822",19
"21373","23996","239",589
"21374","95349","953",156
"21375","39340","393",708
"21376","91239","912",897
"21377","23972","239",589
"21378","82538","825",12
"21379","91235","912",897
"21380","92283","922",852
"21381","06648","066",681
"21382","07343","073",747
"21383","85119","851",1007
"21384","07774","077",743
"21385","84072","840",48
"21386","95188","951",93
"21387","95478","954",154
"21388","95168","951",93
"21389","84079","840",47
"21390","93186","931",53
"21391","92702","927",835
"21392","06688","066",681
"21393","83064","830",87
"21394","92551","925",847
"21395","04435","044",865
"21396","83547","835",131
"21397","17209","172",719
"21398","06749","067",674
"21399","08485","084",731
"21400","18190","181",699
"21401","04519","045",863
"21402","93199","931",53
"21403","84559","845",79
"21404","17194","171",722
"21405","08248","082",735
"21406","04288","042",868
"21407","06886","068",669
"21408","04654","046",861
"21409","84529","845",79
"21410","14624","146",774
"21411","94491","944",23
"21412","94547","945",22
"21413","09603","096",1116
"21414","14513","145",776
"21415","09638","096",1116
"21416","01612","016",806
"21417","17491","174",717
"21418","86825","868",981
"21419","98663","986",1016
"21420","96106","961",58
"21421","38173","381",618
"21422","86744","867",982
"21423","23883","238",595
"21424","91719","917",878
"21425","23626","236",568
"21426","90579","905",756
"21427","91757","917",878
"21428","91097","910",900
"21429","86700","867",987
"21430","38889","388",606
"21431","29465","294",726
"21432","38471","384",614
"21433","91091","910",900
"21434","90522","905",756
"21435","91187","911",898
"21436","29479","294",726
"21437","19249","192",765
"21438","96155","961",58
"21439","13088","130",833
"21440","01454","014",809
"21441","01796","017",805
"21442","01829","018",856
"21443","01996","019",853
"21444","03044","030",908
"21445","03197","031",906
"21446","52070","520",1027
"21447","54619","546",288
"21448","52224","522",1025
"21449","47589","475",212
"21450","47627","476",210
"21451","52428","524",1095
"21452","54668","546",288
"21453","46419","464",94
"21454","41238","412",284
"21455","54634","546",288
"21456","54294","542",248
"21457","54296","542",248
"21458","47228","472",214
"21459","54320","543",245
"21460","53919","539",331
"21461","45472","454",157
"21462","48712","487",191
"21463","54486","544",243
"21464","42329","423",230
"21465","48739","487",191
"21466","42651","426",280
"21467","45661","456",153
"21468","26725","267",786
"21469","56829","568",425
"21470","73037","730",978
"21471","73102","731",974
"21472","74417","744",970
"21473","74542","745",969
"21474","22589","225",393
"21475","97265","972",1020
"21476","21149","211",491
"21477","88444","884",1071
"21478","37215","372",636
"21479","21266","212",487
"21480","37154","371",637
"21481","22527","225",393
"21482","21077","210",493
"21483","37077","370",639
"21484","36414","364",558
"21485","97253","972",1020
"21486","21438","214",472
"21487","24145","241",557
"21488","97720","977",1079
"21489","22045","220",405
"21490","31226","312",661
"21491","36469","364",558
"21492","74579","745",969
"21493","89294","892",327
"21494","38271","382",617
"21495","37359","373",635
"21496","97711","977",1079
"21497","99976","999",1168
"21498","98597","985",959
"21499","89335","893",325
"21500","23869","238",591
"21501","97469","974",1018
"21502","23843","238",591
"21503","36456","364",558
"21504","97353","973",1019
"21505","22927","229",453
"21506","38275","382",617
"21507","38707","387",609
"21508","86742","867",982
"21509","38179","381",618
"21510","96157","961",58
"21511","98593","985",959
"21512","87745","877",1165
"21513","89438","894",323
"21514","91717","917",878
"21515","76131","761",1056
"21516","76359","763",1046
"21517","76297","762",1048
"21518","78078","780",275
"21519","78667","786",262
"21520","75328","753",1121
"21521","64297","642",1037
"21522","69226","692",180
"21523","72202","722",76
"21524","60389","603",62
"21525","28239","282",902
"21526","75438","754",1117
"21527","78583","785",265
"21528","31606","316",676
"21529","78601","786",263
"21530","35447","354",576
"21531","33184","331",511
"21532","74924","749",964
"21533","78357","783",269
"21534","63791","637",1160
"21535","64747","647",1099
"21536","25715","257",834
"21537","74080","740",942
"21538","31855","318",665
"21539","74254","742",936
"21540","25872","258",830
"21541","25887","258",830
"21542","24992","249",564
"21543","74229","742",937
"21544","24997","249",564
"21545","72622","726",67
"21546","88719","887",1133
"21547","31848","318",665
"21548","34225","342",419
"21549","34576","345",407
"21550","88693","886",1064
"21551","31868","318",665
"21552","27383","273",925
"21553","59069","590",227
"21554","57572","575",166
"21555","55543","555",434
"21556","67677","676",451
"21557","79102","791",506
"21558","79199","791",507
"21559","57567","575",166
"21560","59755","597",219
"21561","49692","496",642
"21562","49082","490",658
"21563","57074","570",172
"21564","79856","798",482
"21565","59889","598",218
"21566","44532","445",329
"21567","59192","591",226
"21568","56341","563",354
"21569","56276","562",367
"21570","51702","517",1138
"21571","79639","796",492
"21572","67706","677",446
"21573","57636","576",161
"21574","56133","561",381
"21575","67707","677",446
"21576","58791","587",102
"21577","79650","796",492
"21578","67821","678",519
"21579","57439","574",168
"21580","37627","376",631
"21581","31020","310",663
"21582","34260","342",419
"21583","34359","343",412
"21584","24882","248",531
"21585","97842","978",1077
"21586","21635","216",528
"21587","49191","491",654
"21588","79853","798",482
"21589","35794","357",570
"21590","65606","656",378
"21591","26127","261",800
"21592","55128","551",445
"21593","59597","595",221
"21594","67550","675",455
"21595","78144","781",273
"21596","79787","797",488
"21597","53560","535",345
"21598","44892","448",417
"21599","56294","562",365
"21600","44379","443",336
"21601","56330","563",355
"21602","59379","593",223
"21603","07570","075",745
"21604","19399","193",763
"21605","85456","854",1060
"21606","06184","061",692
"21607","08541","085",730
"21608","04249","042",868
"21609","06800","068",667
"21610","93189","931",53
"21611","94368","943",26
"21612","93185","931",53
"21613","83355","833",133
"21614","84543","845",79
"21615","84558","845",79
"21616","93495","934",50
"21617","04880","048",858
"21618","93437","934",50
"21619","17153","171",722
"21620","09116","091",1132
"21621","94469","944",23
"21622","09487","094",1123
"21623","04769","047",859
"21624","93453","934",50
"21625","94239","942",27
"21626","84359","843",83
"21627","84364","843",83
"21628","14089","140",782
"21629","17129","171",722
"21630","18528","185",695
"21631","01609","016",806
"21632","16348","163",880
"21633","13127","131",826
"21634","17495","174",717
"21635","94142","941",1175
"21636","36037","360",563
"21637","88368","883",1074
"21638","97259","972",1020
"21639","88436","884",1071
"21640","25495","254",848
"21641","24622","246",537
"21642","30655","306",602
"21643","97291","972",1020
"21644","97723","977",1079
"21645","24646","246",538
"21646","37214","372",636
"21647","31275","312",661
"21648","37581","375",632
"21649","21228","212",487
"21650","36404","364",558
"21651","24247","242",551
"21652","97228","972",1020
"21653","89189","891",332
"21654","88481","884",1071
"21655","74589","745",969
"21656","24641","246",536
"21657","87480","874",1136
"21658","21035","210",494
"21659","87758","877",1165
"21660","31234","312",661
"21661","97342","973",1019
"21662","89340","893",325
"21663","97493","974",1018
"21664","29358","293",727
"21665","87487","874",1136
"21666","22949","229",453
"21667","89192","891",332
"21668","87767","877",1165
"21669","89537","895",320
"21670","86498","864",943
"21671","97525","975",1085
"21672","87549","875",1135
"21673","23824","238",594
"21674","87541","875",1135
"21675","23823","238",594
"21676","89415","894",323
"21677","91617","916",883
"21678","87499","874",1136
"21679","97491","974",1018
"21680","98630","986",1016
"21681","29386","293",727
"21682","87654","876",1166
"21683","91460","914",893
"21684","99991","999",1168
"21685","52525","525",1094
"21686","52076","520",1027
"21687","52064","520",1027
"21688","46459","464",94
"21689","54636","546",288
"21690","52372","523",1023
"21691","54455","544",240
"21692","50126","501",928
"21693","54576","545",235
"21694","54338","543",245
"21695","54429","544",241
"21696","66352","663",257
"21697","40629","406",1062
"21698","66620","666",249
"21699","45219","452",159
"21700","54484","544",243
"21701","53340","533",292
"21702","26723","267",786
"21703","66130","661",260
"21704","53225","532",293
"21705","42555","425",281
"21706","45527","455",155
"21707","53572","535",345
"21708","66877","668",303
"21709","67685","676",451
"21710","85276","852",1004
"21711","95365","953",156
"21712","85293","852",1004
"21713","81377","813",43
"21714","39443","394",706
"21715","39576","395",705
"21716","85609","856",1053
"21717","92289","922",852
"21718","93343","933",51
"21719","85598","855",1057
"21720","83734","837",128
"21721","83727","837",128
"21722","09623","096",1116
"21723","01776","017",804
"21724","03246","032",905
"21725","01307","013",810
"21726","01987","019",853
"21727","01328","013",810
"21728","03229","032",905
"21729","02991","029",802
"21730","03116","031",906
"21731","03051","030",908
"21732","15898","158",911
"21733","03159","031",906
"21734","91154","911",898
"21735","91790","917",878
"21736","96196","961",58
"21737","82346","823",17
"21738","96260","962",57
"21739","07429","074",746
"21740","90537","905",755
"21741","86673","866",988
"21742","96328","963",56
"21743","96342","963",56
"21744","85302","853",1000
"21745","92361","923",851
"21746","78087","780",276
"21747","67122","671",476
"21748","72293","722",76
"21749","75334","753",1121
"21750","72294","722",76
"21751","35584","355",574
"21752","75210","752",1124
"21753","72299","722",76
"21754","68789","687",386
"21755","64390","643",1035
"21756","78607","786",262
"21757","78554","785",265
"21758","28717","287",896
"21759","78588","785",265
"21760","35418","354",576
"21761","32108","321",628
"21762","32758","327",653
"21763","69256","692",182
"21764","35469","354",576
"21765","64354","643",1035
"21766","75449","754",1117
"21767","69436","694",175
"21768","72119","721",37
"21769","78579","785",265
"21770","27246","272",926
"21771","34630","346",406
"21772","74847","748",966
"21773","72479","724",72
"21774","31618","316",677
"21775","78355","783",269
"21776","21745","217",525
"21777","63579","635",1163
"21778","27337","273",925
"21779","32816","328",646
"21780","72419","724",72
"21781","72138","721",36
"21782","78464","784",266
"21783","25782","257",834
"21784","72760","727",66
"21785","88682","886",1064
"21786","72666","726",67
"21787","63636","636",1161
"21788","74196","741",941
"21789","34295","342",419
"21790","21717","217",525
"21791","34393","343",412
"21792","24855","248",531
"21793","97843","978",1077
"21794","73268","732",971
"21795","21397","213",478
"21796","38106","381",618
"21797","90616","906",752
"21798","86660","866",988
"21799","23629","236",568
"21800","86860","868",981
"21801","91710","917",878
"21802","86500","865",995
"21803","96151","961",58
"21804","99734","997",1170
"21805","86807","868",981
"21806","87677","876",1166
"21807","38479","384",614
"21808","38448","384",614
"21809","86920","869",980
"21810","86456","864",948
"21811","91564","915",889
"21812","86391","863",951
"21813","38836","388",606
"21814","98667","986",1016
"21815","86956","869",980
"21816","29456","294",726
"21817","38462","384",614
"21818","86674","866",988
"21819","91804","918",875
"21820","91166","911",898
"21821","99095","990",1158
"21822","86949","869",980
"21823","91080","910",900
"21824","67737","677",447
"21825","26683","266",788
"21826","58849","588",101
"21827","77933","779",390
"21828","77694","776",312
"21829","49492","494",644
"21830","55545","555",434
"21831","79688","796",492
"21832","26340","263",796
"21833","67729","677",450
"21834","55457","554",435
"21835","57399","573",169
"21836","49134","491",654
"21837","59269","592",225
"21838","77839","778",392
"21839","65549","655",307
"21840","65343","653",309
"21841","79875","798",482
"21842","74747","747",967
"21843","36286","362",560
"21844","30926","309",597
"21845","73095","730",978
"21846","97791","977",1079
"21847","30900","309",598
"21848","74653","746",968
"21849","37127","371",637
"21850","67598","675",455
"21851","67159","671",476
"21852","76776","767",1111
"21853","35687","356",572
"21854","67245","672",469
"21855","67133","671",476
"21856","55246","552",444
"21857","67578","675",455
"21858","79805","798",486
"21859","91796","917",878
"21860","96242","962",57
"21861","96279","962",57
"21862","86668","866",988
"21863","85122","851",1005
"21864","96361","963",56
"21865","95490","954",154
"21866","88448","884",1071
"21867","73342","733",1043
"21868","30982","309",597
"21869","30179","301",596
"21870","73527","735",1041
"21871","97772","977",1079
"21872","97274","972",1020
"21873","97990","979",1072
"21874","37297","372",636
"21875","88178","881",1080
"21876","22459","224",398
"21877","97294","972",1020
"21878","24254","242",551
"21879","89275","892",327
"21880","24111","241",556
"21881","73460","734",1042
"21882","29328","293",727
"21883","31188","311",662
"21884","22395","223",400
"21885","97523","975",1085
"21886","89522","895",320
"21887","91628","916",883
"21888","97537","975",1085
"21889","24223","242",550
"21890","73450","734",1042
"21891","38274","382",617
"21892","91592","915",889
"21893","89362","893",325
"21894","37431","374",634
"21895","89350","893",325
"21896","21524","215",466
"21897","21337","213",478
"21898","38116","381",618
"21899","97486","974",1018
"21900","91522","915",889
"21901","99998","999",1168
"21902","03058","030",908
"21903","15328","153",914
"21904","02748","027",768
"21905","49201","492",651
"21906","26349","263",796
"21907","77709","777",397
"21908","76477","764",1045
"21909","67593","675",455
"21910","67454","674",461
"21911","57319","573",169
"21912","55129","551",445
"21913","79877","798",482
"21914","78112","781",273
"21915","76771","767",1111
"21916","27793","277",918
"21917","76135","761",1056
"21918","76706","767",1111
"21919","25591","255",846
"21920","24879","248",531
"21921","30826","308",601
"21922","37643","376",631
"21923","88524","885",1068
"21924","25590","255",846
"21925","74545","745",969
"21926","74638","746",968
"21927","89597","895",319
"21928","25492","254",848
"21929","79695","796",492
"21930","65366","653",309
"21931","79736","797",488
"21932","65329","653",309
"21933","67317","673",464
"21934","65555","655",307
"21935","48149","481",206
"21936","26901","269",779
"21937","48153","481",206
"21938","49509","495",643
"21939","79599","795",495
"21940","49477","494",644
"21941","67735","677",447
"21942","67659","676",451
"21943","56235","562",367
"21944","57489","574",168
"21945","51643","516",1139
"21946","51545","515",1142
"21947","55627","556",428
"21948","26835","268",784
"21949","67756","677",447
"21950","61389","613",1029
"21951","35649","356",571
"21952","76337","763",1046
"21953","27639","276",921
"21954","27628","276",921
"21955","76689","766",1115
"21956","68809","688",384
"21957","76707","767",1113
"21958","64319","643",1035
"21959","69123","691",187
"21960","27574","275",922
"21961","72348","723",74
"21962","33104","331",511
"21963","78234","782",270
"21964","69517","695",173
"21965","64807","648",1098
"21966","64401","644",1032
"21967","75392","753",1122
"21968","25923","259",829
"21969","28279","282",902
"21970","28359","283",901
"21971","25764","257",834
"21972","21762","217",525
"21973","61209","612",1030
"21974","74930","749",964
"21975","63457","634",1164
"21976","64720","647",1099
"21977","78597","785",265
"21978","28870","288",894
"21979","71088","710",78
"21980","31613","316",677
"21981","63811","638",1157
"21982","25770","257",834
"21983","70771","707",4
"21984","74821","748",966
"21985","34466","344",409
"21986","31609","316",677
"21987","63776","637",1160
"21988","25727","257",834
"21989","70184","701",11
"21990","88690","886",1064
"21991","72654","726",67
"21992","25554","255",846
"21993","71729","717",111
"21994","73770","737",1038
"21995","97904","979",1073
"21996","24850","248",531
"21997","37619","376",631
"21998","39317","393",709
"21999","18198","181",700
"22000","93059","930",28
"22001","07957","079",739
"22002","06711","067",673
"22003","95666","956",143
"22004","83567","835",131
"22005","83123","831",85
"22006","14789","147",772
"22007","08236","082",735
"22008","04571","045",862
"22009","14798","147",772
"22010","08058","080",738
"22011","08393","083",733
"22012","94356","943",26
"22013","83376","833",133
"22014","04849","048",858
"22015","08373","083",733
"22016","94377","943",26
"22017","09350","093",1126
"22018","84508","845",79
"22019","83317","833",133
"22020","09249","092",1130
"22021","93485","934",50
"22022","84389","843",83
"22023","09468","094",1123
"22024","83457","834",132
"22025","09392","093",1126
"22026","17235","172",719
"22027","94264","942",27
"22028","17087","170",723
"22029","41379","413",283
"22030","41334","413",283
"22031","54616","546",288
"22032","54675","546",288
"22033","47665","476",210
"22034","54332","543",244
"22035","53894","538",333
"22036","47441","474",213
"22037","66798","667",304
"22038","54293","542",248
"22039","46485","464",94
"22040","50374","503",960
"22041","49824","498",638
"22042","47169","471",215
"22043","47051","470",217
"22044","50827","508",956
"22045","53505","535",343
"22046","46359","463",95
"22047","51105","511",1096
"22048","45134","451",160
"22049","42327","423",230
"22050","55777","557",514
"22051","45731","457",144
"22052","66386","663",256
"22053","48249","482",204
"22054","44653","446",326
"22055","48629","486",193
"22056","42285","422",232
"22057","91740","917",878
"22058","23617","236",568
"22059","86863","868",981
"22060","91448","914",893
"22061","23554","235",569
"22062","29378","293",727
"22063","96172","961",58
"22064","91560","915",889
"22065","29594","295",725
"22066","86368","863",951
"22067","38446","384",614
"22068","38464","384",614
"22069","86672","866",988
"22070","86165","861",953
"22071","38372","383",616
"22072","86510","865",993
"22073","29416","294",726
"22074","94556","945",22
"22075","16341","163",880
"22076","94164","941",1175
"22077","16259","162",888
"22078","06642","066",682
"22079","82544","825",12
"22080","82065","820",1167
"22081","96365","963",56
"22082","06311","063",688
"22083","39606","396",704
"22084","95511","955",146
"22085","91289","912",897
"22086","95493","954",154
"22087","85625","856",1052
"22088","95183","951",93
"22089","93164","931",53
"22090","85139","851",1005
"22091","85238","852",1004
"22092","91287","912",897
"22093","95346","953",156
"22094","39615","396",704
"22095","95364","953",156
"22096","83714","837",128
"22097","85646","856",1055
"22098","92271","922",852
"22099","92272","922",852
"22100","06259","062",690
"22101","95697","956",143
"22102","06237","062",690
"22103","95688","956",143
"22104","83544","835",131
"22105","18196","181",699
"22106","07580","075",745
"22107","92548","925",847
"22108","06844","068",668
"22109","14712","147",772
"22110","08648","086",729
"22111","04159","041",870
"22112","16909","169",869
"22113","83530","835",131
"22114","08209","082",735
"22115","14774","147",772
"22116","04349","043",867
"22117","84549","845",79
"22118","94431","944",23
"22119","93482","934",50
"22120","93449","934",50
"22121","08301","083",734
"22122","14929","149",770
"22123","83417","834",132
"22124","09232","092",1130
"22125","93444","934",50
"22126","09439","094",1123
"22127","09557","095",1119
"22128","18519","185",694
"22129","01591","015",807
"22130","94538","945",22
"22131","17506","175",714
"22132","04932","049",857
"22133","01723","017",804
"22134","01737","017",804
"22135","16321","163",880
"22136","15755","157",912
"22137","15741","157",912
"22138","17367","173",718
"22139","02633","026",769
"22140","85235","852",1004
"22141","82396","823",17
"22142","82290","822",19
"22143","82229","822",19
"22144","29497","294",726
"22145","82494","824",13
"22146","19288","192",765
"22147","19309","193",762
"22148","86706","867",985
"22149","83671","836",129
"22150","96358","963",56
"22151","52072","520",1027
"22152","41751","417",314
"22153","47475","474",213
"22154","52351","523",1023
"22155","54664","546",288
"22156","46535","465",90
"22157","46514","465",90
"22158","46325","463",95
"22159","53913","539",331
"22160","49846","498",638
"22161","53506","535",343
"22162","54539","545",234
"22163","45968","459",188
"22164","66589","665",250
"22165","53121","531",294
"22166","51647","516",1139
"22167","26847","268",784
"22168","67686","676",451
"22169","42499","424",228
"22170","42477","424",228
"22171","58452","584",106
"22172","53567","535",345
"22173","26789","267",785
"22174","45884","458",189
"22175","48624","486",193
"22176","26548","265",790
"22177","49779","497",641
"22178","42281","422",232
"22179","26831","268",784
"22180","53498","534",291
"22181","67165","671",476
"22182","27777","277",919
"22183","27239","272",926
"22184","27243","272",926
"22185","72285","722",76
"22186","64331","643",1035
"22187","61348","613",1029
"22188","75203","752",1124
"22189","35083","350",586
"22190","35435","354",576
"22191","35096","350",586
"22192","64367","643",1035
"22193","33178","331",511
"22194","35394","353",577
"22195","69509","695",173
"22196","31603","316",676
"22197","35099","350",587
"22198","35043","350",586
"22199","78244","782",270
"22200","32602","326",656
"22201","33165","331",511
"22202","63075","630",1106
"22203","71149","711",125
"22204","28277","282",902
"22205","69239","692",185
"22206","35282","352",580
"22207","71296","712",124
"22208","21763","217",525
"22209","72459","724",72
"22210","72411","724",73
"22211","71254","712",124
"22212","71229","712",124
"22213","21769","217",525
"22214","72131","721",35
"22215","63697","636",1161
"22216","63868","638",1156
"22217","31655","316",675
"22218","74257","742",936
"22219","31812","318",665
"22220","31623","316",677
"22221","31638","316",677
"22222","31515","315",678
"22223","97903","979",1073
"22224","63628","636",1161
"22225","74245","742",933
"22226","24976","249",564
"22227","71579","715",118
"22228","24939","249",564
"22229","97782","977",1079
"22230","30167","301",596
"22231","88279","882",1078
"22232","25497","254",848
"22233","89155","891",332
"22234","73577","735",1041
"22235","73550","735",1040
"22236","25462","254",848
"22237","97289","972",1020
"22238","74541","745",969
"22239","89079","890",337
"22240","89558","895",320
"22241","24376","243",546
"22242","31303","313",660
"22243","31134","311",662
"22244","97236","972",1020
"22245","88489","884",1071
"22246","89182","891",332
"22247","21385","213",478
"22248","73479","734",1042
"22249","89278","892",327
"22250","37520","375",632
"22251","37115","371",637
"22252","97247","972",1020
"22253","29361","293",727
"22254","21509","215",468
"22255","24222","242",550
"22256","21449","214",472
"22257","24217","242",550
"22258","21529","215",466
"22259","29582","295",725
"22260","87733","877",1165
"22261","38122","381",618
"22262","23623","236",568
"22263","38533","385",613
"22264","38531","385",613
"22265","38108","381",618
"22266","97514","975",1090
"22267","91629","916",883
"22268","38324","383",615
"22269","38553","385",613
"22270","91487","914",893
"22271","87640","876",1166
"22272","96138","961",58
"22273","98544","985",959
"22274","23689","236",568
"22275","87669","876",1166
"22276","98527","985",959
"22277","99768","997",1170
"22278","90613","906",750
"22279","98711","987",1014
"22280","86462","864",948
"22281","86698","866",988
"22282","86692","866",988
"22283","86934","869",980
"22284","38364","383",616
"22285","86684","866",988
"22286","82497","824",13
"22287","99326","993",1149
"22288","82487","824",13
"22289","29451","294",726
"22290","57518","575",166
"22291","26188","261",800
"22292","57562","575",166
"22293","49681","496",642
"22294","77767","777",397
"22295","49661","496",642
"22296","49196","491",654
"22297","76744","767",1111
"22298","67152","671",476
"22299","33442","334",505
"22300","79777","797",488
"22301","26937","269",781
"22302","76726","767",1111
"22303","65428","654",308
"22304","78733","787",261
"22305","36110","361",561
"22306","36272","362",560
"22307","24791","247",534
"22308","37586","375",632
"22309","24857","248",531
"22310","89601","896",318
"22311","73033","730",978
"22312","34329","343",415
"22313","25548","255",846
"22314","36039","360",563
"22315","59174","591",226
"22316","51597","515",1142
"22317","58638","586",104
"22318","56130","561",381
"22319","55413","554",435
"22320","59199","591",226
"22321","55425","554",435
"22322","26655","266",788
"22323","25488","254",848
"22324","25337","253",850
"22325","24354","243",546
"22326","89188","891",332
"22327","97797","977",1079
"22328","88433","884",1071
"22329","24367","243",546
"22330","37124","371",637
"22331","97297","972",1020
"22332","24395","243",546
"22333","74423","744",970
"22334","22549","225",393
"22335","21079","210",493
"22336","97725","977",1079
"22337","24539","245",541
"22338","97218","972",1020
"22339","89233","892",327
"22340","97440","974",1018
"22341","24626","246",539
"22342","24229","242",552
"22343","21445","214",472
"22344","24159","241",557
"22345","21441","214",472
"22346","29342","293",727
"22347","87751","877",1165
"22348","22926","229",453
"22349","97506","975",1085
"22350","38272","382",617
"22351","23829","238",591
"22352","87439","874",1136
"22353","89447","894",323
"22354","22961","229",453
"22355","87739","877",1165
"22356","99974","999",1168
"22357","91567","915",889
"22358","91443","914",893
"22359","22959","229",453
"22360","87653","876",1166
"22361","64584","645",1101
"22362","65795","657",370
"22363","61350","613",1029
"22364","32369","323",626
"22365","72213","722",76
"22366","60529","605",60
"22367","68535","685",389
"22368","64342","643",1035
"22369","27711","277",920
"22370","32791","327",653
"22371","78262","782",270
"22372","69250","692",185
"22373","61138","611",962
"22374","34516","345",407
"22375","63179","631",1105
"22376","74374","743",929
"22377","25870","258",830
"22378","28355","283",901
"22379","78567","785",265
"22380","25917","259",829
"22381","21772","217",525
"22382","63796","637",1160
"22383","25858","258",830
"22384","63843","638",1156
"22385","36325","363",559
"22386","72820","728",63
"22387","70469","704",9
"22388","25855","258",830
"22389","63839","638",1156
"22390","63920","639",1151
"22391","63856","638",1156
"22392","24983","249",564
"22393","63927","639",1151
"22394","72649","726",67
"22395","72531","725",70
"22396","24988","249",564
"22397","36280","362",560
"22398","25569","255",846
"22399","73277","732",971
"22400","49638","496",642
"22401","55450","554",435
"22402","79194","791",506
"22403","77749","777",397
"22404","48231","482",205
"22405","76857","768",1107
"22406","79286","792",502
"22407","65624","656",375
"22408","65589","655",307
"22409","77704","777",397
"22410","65629","656",374
"22411","79837","798",482
"22412","65554","655",307
"22413","49179","491",654
"22414","65396","653",309
"22415","77740","777",397
"22416","26123","261",800
"22417","76456","764",1045
"22418","35685","356",572
"22419","35683","356",572
"22420","49324","493",648
"22421","26931","269",781
"22422","77773","777",397
"22423","61276","612",1030
"22424","76597","765",1044
"22425","67065","670",480
"22426","36154","361",561
"22427","97906","979",1073
"22428","24991","249",564
"22429","97846","978",1077
"22430","88085","880",1084
"22431","25551","255",846
"22432","36391","363",559
"22433","97837","978",1077
"22434","97799","977",1079
"22435","97264","972",1020
"22436","51709","517",1137
"22437","44141","441",340
"22438","66509","665",253
"22439","56291","562",364
"22440","56076","560",385
"22441","66953","669",295
"22442","79589","795",495
"22443","49699","496",642
"22444","56598","565",350
"22445","26605","266",788
"22446","06484","064",687
"22447","82284","822",19
"22448","91364","913",895
"22449","91322","913",895
"22450","07407","074",746
"22451","96268","962",57
"22452","91349","913",895
"22453","39624","396",704
"22454","91327","913",895
"22455","85049","850",1009
"22456","82340","823",17
"22457","91245","912",897
"22458","91282","912",897
"22459","93348","933",51
"22460","85617","856",1052
"22461","85469","854",1060
"22462","39319","393",709
"22463","84069","840",49
"22464","18055","180",702
"22465","93173","931",53
"22466","83134","831",85
"22467","84169","841",45
"22468","84171","841",45
"22469","93170","931",53
"22470","83564","835",131
"22471","83536","835",131
"22472","92431","924",849
"22473","08451","084",731
"22474","93086","930",28
"22475","93191","931",53
"22476","08056","080",738
"22477","92693","926",842
"22478","83308","833",133
"22479","93488","934",50
"22480","93413","934",50
"22481","94365","943",26
"22482","84323","843",83
"22483","09322","093",1127
"22484","94354","943",26
"22485","83362","833",133
"22486","08340","083",732
"22487","09419","094",1123
"22488","04861","048",858
"22489","94542","945",22
"22490","14974","149",770
"22491","94496","944",24
"22492","94535","945",22
"22493","94148","941",1172
"22494","09599","095",1120
"22495","94518","945",22
"22496","94152","941",1174
"22497","54536","545",234
"22498","45892","458",189
"22499","53175","531",294
"22500","48607","486",193
"22501","42855","428",274
"22502","53797","537",338
"22503","44628","446",326
"22504","44803","448",417
"22505","56659","566",349
"22506","47652","476",210
"22507","52457","524",1095
"22508","47495","474",213
"22509","66780","667",304
"22510","41472","414",324
"22511","54314","543",244
"22512","47167","471",215
"22513","41539","415",321
"22514","99510","995",1145
"22515","85304","853",1001
"22516","83646","836",129
"22517","83623","836",129
"22518","95339","953",156
"22519","85126","851",1008
"22520","07806","078",740
"22521","93333","933",51
"22522","85406","854",1060
"22523","85445","854",1060
"22524","85417","854",1060
"22525","95191","951",93
"22526","18239","182",698
"22527","06388","063",689
"22528","95508","955",152
"22529","06120","061",692
"22530","93342","933",51
"22531","98587","985",959
"22532","38524","385",613
"22533","23560","235",569
"22534","38700","387",607
"22535","91743","917",878
"22536","87659","876",1166
"22537","38170","381",618
"22538","96170","961",58
"22539","23744","237",566
"22540","23569","235",569
"22541","86983","869",980
"22542","21371","213",478
"22543","91086","910",900
"22544","98693","986",1017
"22545","96049","960",59
"22546","38382","383",616
"22547","86694","866",988
"22548","86931","869",980
"22549","82409","824",13
"22550","96231","962",57
"22551","90765","907",748
"22552","99638","996",1141
"22553","82380","823",17
"22554","94078","940",1178
"22555","01156","011",813
"22556","01445","014",809
"22557","15748","157",912
"22558","01809","018",856
"22559","01237","012",811
"22560","17321","173",718
"22561","02959","029",802
"22562","02923","029",803
"22563","84076","840",49
"22564","93195","931",53
"22565","92711","927",835
"22566","93138","931",53
"22567","84427","844",81
"22568","18147","181",701
"22569","95685","956",143
"22570","04626","046",860
"22571","08412","084",731
"22572","18311","183",697
"22573","83233","832",135
"22574","84187","841",45
"22575","84155","841",45
"22576","83370","833",133
"22577","83236","832",135
"22578","08237","082",735
"22579","04319","043",867
"22580","84565","845",79
"22581","94315","943",26
"22582","04451","044",866
"22583","04824","048",858
"22584","84503","845",79
"22585","09376","093",1126
"22586","09306","093",1127
"22587","94527","945",21
"22588","14656","146",774
"22589","04886","048",858
"22590","09127","091",1132
"22591","17091","170",723
"22592","93474","934",50
"22593","16727","167",873
"22594","94571","945",22
"22595","94249","942",27
"22596","94541","945",22
"22597","04931","049",857
"22598","15806","158",909
"22599","17268","172",721
"22600","15827","158",909
"22601","17392","173",718
"22602","76307","763",1046
"22603","68782","687",386
"22604","27612","276",921
"22605","65843","658",361
"22606","65760","657",372
"22607","61381","613",1029
"22608","27259","272",926
"22609","75179","751",1128
"22610","35457","354",576
"22611","27624","276",921
"22612","75242","752",1125
"22613","32549","325",624
"22614","25842","258",830
"22615","78564","785",265
"22616","32545","325",624
"22617","28357","283",901
"22618","72365","723",74
"22619","32657","326",656
"22620","63165","631",1105
"22621","61130","611",962
"22622","35315","353",578
"22623","25797","257",834
"22624","28876","288",894
"22625","21789","217",525
"22626","25795","257",834
"22627","27318","273",925
"22628","33034","330",513
"22629","63931","639",1150
"22630","31629","316",677
"22631","34613","346",406
"22632","63571","635",1163
"22633","63925","639",1151
"22634","27283","272",927
"22635","63808","638",1156
"22636","63607","636",1161
"22637","34582","345",407
"22638","63934","639",1151
"22639","72555","725",70
"22640","63619","636",1161
"22641","71737","717",111
"22642","72636","726",67
"22643","72539","725",70
"22644","74626","746",968
"22645","63639","636",1161
"22646","25560","255",846
"22647","34639","346",406
"22648","86926","869",980
"22649","23747","237",566
"22650","82386","823",17
"22651","06556","065",683
"22652","86565","865",996
"22653","82319","823",17
"22654","91233","912",897
"22655","06313","063",688
"22656","82067","820",1167
"22657","06347","063",688
"22658","39116","391",713
"22659","85402","854",1060
"22660","06420","064",687
"22661","84089","840",49
"22662","85551","855",1057
"22663","19370","193",763
"22664","07819","078",740
"22665","95176","951",93
"22666","12437","124",522
"22667","03249","032",905
"22668","94051","940",1178
"22669","94146","941",1175
"22670","12587","125",521
"22671","94118","941",1175
"22672","01990","019",853
"22673","01067","010",816
"22674","01129","011",813
"22675","01108","011",813
"22676","01847","018",856
"22677","01877","018",856
"22678","01844","018",856
"22679","03042","030",908
"22680","02794","027",768
"22681","02785","027",768
"22682","57632","576",161
"22683","44265","442",339
"22684","55629","556",428
"22685","56584","565",350
"22686","66849","668",303
"22687","56317","563",356
"22688","56170","561",382
"22689","55496","554",435
"22690","48653","486",192
"22691","45772","457",144
"22692","55779","557",514
"22693","26524","265",789
"22694","42389","423",231
"22695","56253","562",365
"22696","58456","584",106
"22697","44575","445",328
"22698","56869","568",426
"22699","66869","668",302
"22700","26556","265",789
"22701","66882","668",303
"22702","30669","306",603
"22703","89191","891",332
"22704","97783","977",1079
"22705","73565","735",1041
"22706","21261","212",487
"22707","73568","735",1041
"22708","73329","733",1043
"22709","97957","979",1072
"22710","30539","305",604
"22711","88161","881",1080
"22712","97727","977",1079
"22713","97074","970",1024
"22714","89194","891",332
"22715","29320","293",727
"22716","89250","892",327
"22717","22339","223",400
"22718","88486","884",1071
"22719","97318","973",1019
"22720","37199","371",637
"22721","97616","976",1082
"22722","89346","893",325
"22723","22941","229",453
"22724","24226","242",550
"22725","97422","974",1018
"22726","37351","373",635
"22727","91605","916",883
"22728","38268","382",617
"22729","98574","985",959
"22730","89352","893",325
"22731","89429","894",323
"22732","89431","894",323
"22733","38226","382",617
"22734","21436","214",472
"22735","87488","874",1136
"22736","98596","985",959
"22737","87634","876",1166
"22738","99820","998",1169
"22739","91599","915",889
"22740","91744","917",878
"22741","89344","893",325
"22742","38304","383",615
"22743","97494","974",1018
"22744","89361","893",325
"22745","86868","868",981
"22746","23684","236",568
"22747","87668","876",1166
"22748","29590","295",725
"22749","86494","864",943
"22750","87675","876",1166
"22751","23627","236",567
"22752","91475","914",893
"22753","91729","917",878
"22754","91723","917",878
"22755","86875","868",981
"22756","91085","910",900
"22757","96164","961",58
"22758","86679","866",988
"22759","06502","065",686
"22760","99634","996",1141
"22761","96117","961",58
"22762","96528","965",88
"22763","90766","907",748
"22764","23777","237",566
"22765","19243","192",765
"22766","86453","864",947
"22767","91301","913",895
"22768","23948","239",589
"22769","52078","520",1027
"22770","47638","476",210
"22771","52393","523",1023
"22772","46509","465",91
"22773","54612","546",288
"22774","41066","410",286
"22775","47839","478",208
"22776","41352","413",282
"22777","53947","539",330
"22778","54574","545",235
"22779","54529","545",234
"22780","46569","465",90
"22781","50354","503",960
"22782","40885","408",1059
"22783","66822","668",301
"22784","66346","663",257
"22785","45470","454",157
"22786","45357","453",158
"22787","54487","544",242
"22788","45239","452",159
"22789","50679","506",958
"22790","53859","538",334
"22791","51149","511",1096
"22792","42657","426",280
"22793","66271","662",258
"22794","34314","343",412
"22795","73650","736",1039
"22796","74639","746",968
"22797","88373","883",1074
"22798","37639","376",631
"22799","73635","736",1039
"22800","34125","341",423
"22801","30823","308",601
"22802","88422","884",1071
"22803","74632","746",968
"22804","74676","746",968
"22805","88142","881",1080
"22806","67734","677",447
"22807","48155","481",206
"22808","49624","496",642
"22809","26409","264",792
"22810","79291","792",502
"22811","56206","562",367
"22812","79219","792",502
"22813","26689","266",788
"22814","56335","563",359
"22815","79618","796",492
"22816","79111","791",506
"22817","77972","779",390
"22818","55593","555",434
"22819","59227","592",225
"22820","77876","778",392
"22821","67146","671",476
"22822","76870","768",1108
"22823","77830","778",392
"22824","77793","777",397
"22825","55268","552",441
"22826","65527","655",307
"22827","65207","652",310
"22828","25980","259",829
"22829","76774","767",1111
"22830","79801","798",483
"22831","78713","787",261
"22832","67471","674",460
"22833","59457","594",222
"22834","49593","495",643
"22835","67319","673",464
"22836","67304","673",464
"22837","65604","656",376
"22838","77716","777",397
"22839","85664","856",1055
"22840","92720","927",835
"22841","18276","182",698
"22842","93080","930",28
"22843","93128","931",53
"22844","07552","075",745
"22845","93158","931",53
"22846","84416","844",81
"22847","95173","951",93
"22848","84439","844",81
"22849","07546","075",745
"22850","84051","840",49
"22851","06849","068",668
"22852","04178","041",870
"22853","04613","046",860
"22854","83555","835",131
"22855","83129","831",85
"22856","08427","084",731
"22857","93099","930",29
"22858","84494","844",81
"22859","93492","934",50
"22860","94359","943",26
"22861","09355","093",1126
"22862","84307","843",83
"22863","93468","934",50
"22864","06917","069",664
"22865","14547","145",775
"22866","08352","083",732
"22867","09380","093",1126
"22868","09390","093",1126
"22869","01594","015",807
"22870","17498","174",717
"22871","04938","049",857
"22872","94163","941",1175
"22873","09548","095",1119
"22874","94032","940",1177
"22875","85309","853",1002
"22876","85101","851",1005
"22877","95367","953",156
"22878","92345","923",851
"22879","82041","820",1167
"22880","91281","912",897
"22881","83626","836",129
"22882","07619","076",744
"22883","19406","194",761
"22884","85416","854",1060
"22885","85410","854",1060
"22886","16928","169",869
"22887","06721","067",673
"22888","13129","131",826
"22889","12621","126",516
"22890","01896","018",856
"22891","03226","032",905
"22892","17328","173",718
"22893","02694","026",769
"22894","02953","029",802
"22895","02906","029",803
"22896","79685","796",492
"22897","57080","570",172
"22898","57368","573",169
"22899","77790","777",397
"22900","65553","655",307
"22901","25364","253",850
"22902","36043","360",563
"22903","36199","361",562
"22904","74405","744",970
"22905","29323","293",727
"22906","30519","305",604
"22907","30657","306",602
"22908","36129","361",561
"22909","36205","362",560
"22910","24259","242",551
"22911","31319","313",659
"22912","37318","373",635
"22913","37130","371",637
"22914","89077","890",337
"22915","24239","242",551
"22916","24598","245",541
"22917","21217","212",487
"22918","37589","375",632
"22919","22417","224",399
"22920","24244","242",552
"22921","87538","875",1135
"22922","73430","734",1042
"22923","24106","241",557
"22924","89264","892",327
"22925","97464","974",1018
"22926","31185","311",662
"22927","24211","242",550
"22928","91465","914",893
"22929","73485","734",1042
"22930","89561","895",320
"22931","89364","893",325
"22932","86381","863",949
"22933","23818","238",593
"22934","37355","373",635
"22935","21395","213",478
"22936","21382","213",478
"22937","29587","295",725
"22938","97631","976",1083
"22939","87484","874",1136
"22940","91474","914",893
"22941","86657","866",988
"22942","29439","294",726
"22943","86938","869",980
"22944","82496","824",13
"22945","90596","905",755
"22946","86669","866",988
"22947","91358","913",895
"22948","29488","294",726
"22949","91207","912",897
"22950","99439","994",1147
"22951","29484","294",726
"22952","82404","824",15
"22953","35239","352",579
"22954","35579","355",574
"22955","72280","722",76
"22956","35576","355",574
"22957","35232","352",579
"22958","33617","336",499
"22959","72178","721",33
"22960","35581","355",574
"22961","28779","287",896
"22962","25826","258",830
"22963","35108","351",584
"22964","61352","613",1029
"22965","78194","781",273
"22966","76703","767",1112
"22967","69120","691",187
"22968","35516","355",575
"22969","78665","786",264
"22970","69234","692",179
"22971","72356","723",74
"22972","78604","786",262
"22973","75223","752",1124
"22974","31600","316",676
"22975","32427","324",625
"22976","78570","785",265
"22977","74867","748",966
"22978","63505","635",1163
"22979","32683","326",656
"22980","69427","694",177
"22981","24980","249",564
"22982","63867","638",1157
"22983","21787","217",525
"22984","70195","701",11
"22985","74399","743",929
"22986","70567","705",8
"22987","25885","258",830
"22988","27367","273",925
"22989","72501","725",70
"22990","74395","743",929
"22991","70329","703",10
"22992","71723","717",111
"22993","34270","342",419
"22994","74189","741",939
"22995","21710","217",525
"22996","34305","343",410
"22997","71543","715",118
"22998","26802","268",784
"22999","49809","498",638
"23000","53578","535",345
"23001","51766","517",1137
"23002","44369","443",336
"23003","48431","484",198
"23004","45891","458",189
"23005","48531","485",196
"23006","53844","538",334
"23007","45549","455",155
"23008","45665","456",153
"23009","56736","567",346
"23010","45711","457",144
"23011","44147","441",340
"23012","87650","876",1166
"23013","96132","961",58
"23014","86450","864",943
"23015","38126","381",618
"23016","97475","974",1018
"23017","21514","215",467
"23018","86637","866",988
"23019","91595","915",889
"23020","87666","876",1166
"23021","86759","867",982
"23022","91746","917",878
"23023","29588","295",725
"23024","86650","866",988
"23025","86856","868",981
"23026","86482","864",943
"23027","91575","915",889
"23028","19217","192",765
"23029","99765","997",1170
"23030","86989","869",980
"23031","99334","993",1149
"23032","29459","294",726
"23033","86947","869",980
"23034","98701","987",1013
"23035","91334","913",895
"23036","82269","822",19
"23037","86911","869",980
"23038","29482","294",726
"23039","86941","869",980
"23040","47559","475",212
"23041","52146","521",1026
"23042","41836","418",313
"23043","52459","524",1095
"23044","52399","523",1023
"23045","54306","543",245
"23046","54313","543",245
"23047","26757","267",787
"23048","54318","543",245
"23049","40549","405",1067
"23050","47249","472",214
"23051","47138","471",215
"23052","40589","405",1066
"23053","50829","508",956
"23054","50321","503",960
"23055","42579","425",281
"23056","50389","503",960
"23057","51143","511",1096
"23058","48619","486",193
"23059","71554","715",118
"23060","97828","978",1077
"23061","97922","979",1072
"23062","24768","247",534
"23063","89607","896",315
"23064","97292","972",1020
"23065","57639","576",162
"23066","58636","586",104
"23067","67311","673",464
"23068","76473","764",1045
"23069","49401","494",645
"23070","26129","261",800
"23071","65203","652",310
"23072","67161","671",476
"23073","55296","552",443
"23074","76571","765",1044
"23075","67071","670",480
"23076","67112","671",476
"23077","85661","856",1055
"23078","85461","854",1060
"23079","95700","957",138
"23080","06132","061",692
"23081","92729","927",835
"23082","93077","930",28
"23083","08606","086",729
"23084","06188","061",692
"23085","18119","181",701
"23086","06780","067",674
"23087","83550","835",131
"23088","83026","830",87
"23089","84184","841",45
"23090","07985","079",739
"23091","95703","957",137
"23092","06809","068",666
"23093","83128","831",85
"23094","83112","831",84
"23095","14827","148",771
"23096","84137","841",45
"23097","83209","832",135
"23098","92697","926",844
"23099","95695","956",143
"23100","84453","844",81
"23101","83346","833",133
"23102","83371","833",133
"23103","84339","843",83
"23104","09328","093",1127
"23105","83458","834",132
"23106","83334","833",133
"23107","94362","943",26
"23108","84547","845",79
"23109","83454","834",132
"23110","93473","934",50
"23111","83367","833",133
"23112","14913","149",770
"23113","83486","834",132
"23114","94250","942",27
"23115","17219","172",720
"23116","17111","171",722
"23117","09244","092",1130
"23118","83395","833",134
"23119","17094","170",723
"23120","16792","167",873
"23121","01619","016",806
"23122","39167","391",713
"23123","85716","857",1051
"23124","80937","809",814
"23125","83708","837",128
"23126","95192","951",93
"23127","07616","076",744
"23128","95469","954",154
"23129","85356","853",999
"23130","92676","926",841
"23131","84094","840",49
"23132","85667","856",1052
"23133","92242","922",852
"23134","86559","865",996
"23135","82256","822",19
"23136","90552","905",758
"23137","85229","852",1004
"23138","85123","851",1006
"23139","17390","173",718
"23140","15566","155",913
"23141","94110","941",1175
"23142","15859","158",910
"23143","16248","162",888
"23144","01994","019",853
"23145","17454","174",716
"23146","15234","152",915
"23147","46446","464",94
"23148","41366","413",283
"23149","52396","523",1023
"23150","41199","411",285
"23151","52349","523",1023
"23152","41517","415",321
"23153","54311","543",244
"23154","46414","464",94
"23155","47226","472",214
"23156","66709","667",306
"23157","66265","662",259
"23158","40883","408",1059
"23159","48599","485",195
"23160","45257","452",159
"23161","56575","565",350
"23162","48429","484",198
"23163","48282","482",205
"23164","26904","269",779
"23165","56154","561",380
"23166","56072","560",385
"23167","44329","443",336
"23168","58566","585",105
"23169","66399","663",256
"23170","44793","447",422
"23171","42277","422",232
"23172","51789","517",1137
"23173","58332","583",108
"23174","44149","441",340
"23175","59939","599",216
"23176","67166","671",476
"23177","35080","350",586
"23178","33415","334",504
"23179","72226","722",76
"23180","68163","681",401
"23181","75335","753",1121
"23182","59929","599",216
"23183","78054","780",275
"23184","78056","780",275
"23185","33611","336",499
"23186","68723","687",386
"23187","27570","275",922
"23188","78187","781",273
"23189","61191","611",962
"23190","69231","692",179
"23191","69126","691",187
"23192","78606","786",262
"23193","64658","646",1100
"23194","64846","648",1098
"23195","74889","748",965
"23196","71299","712",124
"23197","28865","288",894
"23198","27249","272",926
"23199","34477","344",409
"23200","27339","273",925
"23201","63512","635",1162
"23202","63500","635",1162
"23203","34454","344",409
"23204","74397","743",929
"23205","21770","217",525
"23206","71032","710",78
"23207","63755","637",1160
"23208","71101","711",127
"23209","27333","273",925
"23210","31683","316",675
"23211","31547","315",678
"23212","70597","705",8
"23213","21732","217",525
"23214","31636","316",677
"23215","72574","725",70
"23216","74243","742",934
"23217","29664","296",724
"23218","88048","880",1084
"23219","73666","736",1039
"23220","37603","376",631
"23221","88400","884",1071
"23222","25421","254",848
"23223","88410","884",1071
"23224","73569","735",1041
"23225","88437","884",1071
"23226","24647","246",537
"23227","97996","979",1072
"23228","24644","246",537
"23229","31139","311",662
"23230","24649","246",537
"23231","37287","372",636
"23232","88484","884",1071
"23233","73572","735",1041
"23234","22455","224",398
"23235","73563","735",1041
"23236","89179","891",332
"23237","97286","972",1020
"23238","21439","214",472
"23239","24628","246",536
"23240","88459","884",1071
"23241","22149","221",404
"23242","29565","295",725
"23243","89176","891",332
"23244","99817","998",1169
"23245","98590","985",959
"23246","87766","877",1165
"23247","87545","875",1135
"23248","89423","894",323
"23249","87435","874",1136
"23250","99986","999",1168
"23251","91578","915",889
"23252","22964","229",453
"23253","89356","893",325
"23254","79591","795",495
"23255","56340","563",354
"23256","57589","575",167
"23257","56191","561",382
"23258","56237","562",367
"23259","55430","554",435
"23260","57537","575",166
"23261","79341","793",501
"23262","58809","588",101
"23263","79224","792",502
"23264","67826","678",519
"23265","86741","867",982
"23266","89420","894",323
"23267","38302","383",615
"23268","29579","295",725
"23269","86865","868",981
"23270","21398","213",478
"23271","86497","864",943
"23272","38556","385",613
"23273","23909","239",588
"23274","23568","235",569
"23275","86681","866",988
"23276","21369","213",478
"23277","38473","384",614
"23278","86986","869",980
"23279","90617","906",754
"23280","86156","861",953
"23281","96052","960",59
"23282","86916","869",980
"23283","38461","384",614
"23284","96450","964",89
"23285","23743","237",566
"23286","86703","867",986
"23287","86415","864",945
"23288","96489","964",89
"23289","58710","587",103
"23290","76846","768",1110
"23291","79299","792",502
"23292","79289","792",502
"23293","59229","592",225
"23294","56459","564",352
"23295","26219","262",798
"23296","49170","491",654
"23297","49205","492",652
"23298","65346","653",309
"23299","49084","490",658
"23300","77784","777",397
"23301","65344","653",309
"23302","67147","671",476
"23303","49163","491",654
"23304","67149","671",476
"23305","33829","338",549
"23306","67134","671",476
"23307","55131","551",445
"23308","49356","493",649
"23309","35619","356",571
"23310","67583","675",455
"23311","65474","654",308
"23312","73274","732",971
"23313","34376","343",412
"23314","36103","361",561
"23315","72537","725",70
"23316","34326","343",413
"23317","97855","978",1077
"23318","37632","376",631
"23319","24816","248",531
"23320","30827","308",601
"23321","89613","896",315
"23322","85567","855",1057
"23323","95615","956",143
"23324","83539","835",131
"23325","83533","835",131
"23326","92717","927",837
"23327","19395","193",763
"23328","06861","068",668
"23329","83512","835",131
"23330","83137","831",85
"23331","93177","931",53
"23332","17213","172",719
"23333","92526","925",847
"23334","84478","844",81
"23335","17166","171",722
"23336","04552","045",862
"23337","08132","081",737
"23338","14662","146",774
"23339","08141","081",737
"23340","93483","934",50
"23341","94419","944",23
"23342","84579","845",79
"23343","94375","943",26
"23344","94336","943",26
"23345","18513","185",694
"23346","84332","843",83
"23347","94262","942",27
"23348","94560","945",21
"23349","09123","091",1132
"23350","83404","834",132
"23351","94539","945",21
"23352","17121","171",722
"23353","09471","094",1123
"23354","16798","167",873
"23355","09432","094",1123
"23356","94530","945",22
"23357","94508","945",22
"23358","94575","945",22
"23359","94060","940",1176
"23360","09526","095",1119
"23361","94154","941",1175
"23362","85055","850",1009
"23363","91247","912",897
"23364","19067","190",766
"23365","83674","836",129
"23366","92259","922",852
"23367","07929","079",739
"23368","81677","816",39
"23369","95119","951",93
"23370","81929","819",30
"23371","85737","857",1049
"23372","85653","856",1052
"23373","83700","837",128
"23374","85658","856",1052
"23375","85462","854",1060
"23376","92274","922",852
"23377","95032","950",97
"23378","07955","079",739
"23379","96237","962",57
"23380","96247","962",57
"23381","82285","822",19
"23382","91369","913",895
"23383","29472","294",726
"23384","86556","865",996
"23385","29476","294",726
"23386","91346","913",895
"23387","86562","865",996
"23388","99427","994",1147
"23389","91227","912",897
"23390","96337","963",56
"23391","86558","865",996
"23392","07333","073",747
"23393","23896","238",595
"23394","38104","381",618
"23395","91722","917",878
"23396","99706","997",1170
"23397","99867","998",1169
"23398","29379","293",727
"23399","23879","238",595
"23400","23717","237",566
"23401","86502","865",998
"23402","86405","864",948
"23403","86678","866",988
"23404","23738","237",566
"23405","86972","869",980
"23406","99090","990",1158
"23407","86688","866",988
"23408","91792","917",878
"23409","86159","861",953
"23410","86167","861",953
"23411","96253","962",57
"23412","19205","192",765
"23413","91096","910",900
"23414","90763","907",748
"23415","90449","904",760
"23416","98724","987",1013
"23417","01558","015",808
"23418","17509","175",715
"23419","13051","130",833
"23420","01762","017",804
"23421","15754","157",912
"23422","16227","162",888
"23423","03185","031",906
"23424","02692","026",769
"23425","02782","027",768
"23426","02739","027",768
"23427","67580","675",455
"23428","65451","654",308
"23429","61267","612",1030
"23430","76356","763",1046
"23431","76327","763",1046
"23432","64546","645",1101
"23433","27607","276",921
"23434","75305","753",1121
"23435","79798","797",490
"23436","75339","753",1121
"23437","25924","259",829
"23438","33699","336",499
"23439","65933","659",353
"23440","78250","782",270
"23441","33181","331",511
"23442","27474","274",924
"23443","72186","721",33
"23444","72351","723",74
"23445","74918","749",963
"23446","78573","785",265
"23447","69253","692",185
"23448","28219","282",902
"23449","61200","612",1030
"23450","74909","749",964
"23451","71126","711",125
"23452","32760","327",653
"23453","35410","354",576
"23454","72361","723",74
"23455","75031","750",1131
"23456","74937","749",964
"23457","71287","712",124
"23458","27254","272",926
"23459","88631","886",1065
"23460","34513","345",407
"23461","25746","257",834
"23462","72116","721",35
"23463","74928","749",964
"23464","72474","724",72
"23465","72514","725",69
"23466","63743","637",1160
"23467","63911","639",1151
"23468","25864","258",830
"23469","74834","748",966
"23470","71711","717",111
"23471","72805","728",63
"23472","74850","748",966
"23473","31535","315",678
"23474","34621","346",406
"23475","24899","248",531
"23476","31787","317",672
"23477","24963","249",564
"23478","97833","978",1077
"23479","73240","732",971
"23480","24870","248",531
"23481","88521","885",1068
"23482","24885","248",531
"23483","41068","410",287
"23484","54610","546",289
"23485","47239","472",214
"23486","47259","472",214
"23487","41466","414",324
"23488","66793","667",304
"23489","53534","535",342
"23490","53539","535",342
"23491","50933","509",955
"23492","46242","462",98
"23493","66126","661",260
"23494","49828","498",638
"23495","51373","513",1148
"23496","42553","425",281
"23497","45881","458",189
"23498","22880","228",457
"23499","97857","978",1077
"23500","21279","212",487
"23501","97225","972",1020
"23502","24793","247",535
"23503","31028","310",663
"23504","74544","745",969
"23505","37213","372",636
"23506","73571","735",1041
"23507","97082","970",1024
"23508","24623","246",537
"23509","88299","882",1078
"23510","97535","975",1087
"23511","73491","734",1042
"23512","98634","986",1016
"23513","37434","374",633
"23514","36466","364",558
"23515","37281","372",636
"23516","31241","312",661
"23517","89359","893",325
"23518","22967","229",453
"23519","29556","295",725
"23520","87719","877",1165
"23521","96152","961",58
"23522","86747","867",982
"23523","67722","677",450
"23524","79280","792",502
"23525","58739","587",103
"23526","77746","777",397
"23527","59071","590",227
"23528","79104","791",506
"23529","59514","595",221
"23530","77799","777",397
"23531","77723","777",397
"23532","49080","490",658
"23533","26316","263",796
"23534","65627","656",377
"23535","49685","496",642
"23536","26131","261",800
"23537","78141","781",273
"23538","76474","764",1045
"23539","67378","673",463
"23540","76476","764",1045
"23541","35638","356",571
"23542","67459","674",461
"23543","33334","333",509
"23544","65817","658",362
"23545","76275","762",1048
"23546","65779","657",371
"23547","27804","278",917
"23548","97907","979",1073
"23549","74744","747",967
"23550","88069","880",1084
"23551","88079","880",1084
"23552","73642","736",1039
"23553","21649","216",528
"23554","31008","310",663
"23555","73345","733",1043
"23556","51427","514",1146
"23557","56727","567",346
"23558","56651","566",349
"23559","51503","515",1143
"23560","66453","664",255
"23561","45525","455",155
"23562","55743","557",514
"23563","53773","537",338
"23564","79592","795",495
"23565","58644","586",104
"23566","55571","555",433
"23567","49637","496",642
"23568","56428","564",351
"23569","26632","266",788
"23570","49811","498",638
"23571","66904","669",297
"23572","58135","581",114
"23573","67746","677",448
"23574","26487","264",792
"23575","67749","677",447
"23576","83730","837",128
"23577","83553","835",131
"23578","92546","925",847
"23579","08547","085",730
"23580","06846","068",668
"23581","04509","045",863
"23582","92447","924",849
"23583","84431","844",81
"23584","84544","845",79
"23585","08267","082",735
"23586","08064","080",738
"23587","14776","147",772
"23588","08112","081",737
"23589","17179","171",722
"23590","04668","046",861
"23591","08118","081",737
"23592","17159","171",722
"23593","09481","094",1123
"23594","14548","145",775
"23595","18510","185",694
"23596","09128","091",1132
"23597","09661","096",1116
"23598","09429","094",1123
"23599","94474","944",24
"23600","12279","122",524
"23601","15834","158",909
"23602","17348","173",718
"23603","17098","170",723
"23604","24392","243",546
"23605","73337","733",1043
"23606","88364","883",1074
"23607","25373","253",850
"23608","37574","375",632
"23609","37218","372",636
"23610","24634","246",537
"23611","37242","372",636
"23612","25479","254",848
"23613","24398","243",546
"23614","97084","970",1024
"23615","97653","976",1082
"23616","36142","361",561
"23617","37296","372",636
"23618","22419","224",399
"23619","88453","884",1071
"23620","37276","372",636
"23621","73447","734",1042
"23622","97645","976",1082
"23623","24250","242",550
"23624","89296","892",327
"23625","21031","210",494
"23626","91583","915",889
"23627","29345","293",727
"23628","24248","242",550
"23629","97350","973",1019
"23630","89297","892",327
"23631","38228","382",617
"23632","86480","864",943
"23633","87471","874",1136
"23634","37345","373",635
"23635","97519","975",1092
"23636","89343","893",325
"23637","91749","917",878
"23638","38528","385",613
"23639","91472","914",893
"23640","38315","383",615
"23641","86745","867",982
"23642","38667","386",611
"23643","85134","851",1005
"23644","91257","912",897
"23645","95500","955",147
"23646","85777","857",1051
"23647","95179","951",93
"23648","18233","182",698
"23649","85104","851",1008
"23650","95239","952",92
"23651","39245","392",712
"23652","06386","063",689
"23653","75337","753",1121
"23654","65479","654",308
"23655","78183","781",273
"23656","68766","687",386
"23657","68519","685",389
"23658","69493","694",176
"23659","35041","350",586
"23660","27248","272",926
"23661","63303","633",1102
"23662","75181","751",1128
"23663","34431","344",409
"23664","64409","644",1034
"23665","63128","631",1105
"23666","33100","331",511
"23667","75391","753",1121
"23668","32756","327",653
"23669","63674","636",1161
"23670","35321","353",578
"23671","64732","647",1099
"23672","27321","273",925
"23673","21782","217",525
"23674","27327","273",925
"23675","72417","724",72
"23676","25840","258",830
"23677","72810","728",64
"23678","34596","345",407
"23679","71696","716",116
"23680","36304","363",559
"23681","74235","742",934
"23682","37688","376",631
"23683","72829","728",63
"23684","63828","638",1156
"23685","73733","737",1038
"23686","24861","248",531
"23687","24876","248",531
"23688","74706","747",967
"23689","97901","979",1073
"23690","37699","376",631
"23691","73630","736",1039
"23692","24937","249",564
"23693","87494","874",1136
"23694","87674","876",1166
"23695","99887","998",1169
"23696","38321","383",615
"23697","86754","867",982
"23698","90599","905",757
"23699","91580","915",889
"23700","86609","866",988
"23701","29562","295",725
"23702","91452","914",893
"23703","86477","864",943
"23704","38468","384",614
"23705","38476","384",614
"23706","91741","917",878
"23707","91720","917",878
"23708","96479","964",89
"23709","91799","917",878
"23710","96482","964",89
"23711","96149","961",58
"23712","96269","962",57
"23713","38822","388",606
"23714","86974","869",980
"23715","96129","961",58
"23716","90453","904",760
"23717","91088","910",900
"23718","91161","911",898
"23719","85072","850",1010
"23720","96272","962",57
"23721","06577","065",683
"23722","96277","962",57
"23723","91367","913",895
"23724","82392","823",17
"23725","19057","190",766
"23726","04934","049",857
"23727","15366","153",914
"23728","15713","157",912
"23729","01099","010",816
"23730","01279","012",811
"23731","01998","019",853
"23732","15868","158",910
"23733","03130","031",906
"23734","02730","027",768
"23735","41812","418",313
"23736","66663","666",249
"23737","54568","545",235
"23738","50171","501",928
"23739","54662","546",288
"23740","46397","463",96
"23741","47199","471",215
"23742","47198","471",215
"23743","41542","415",321
"23744","54531","545",234
"23745","54346","543",245
"23746","40878","408",1059
"23747","40822","408",1059
"23748","56769","567",347
"23749","42781","427",279
"23750","53117","531",294
"23751","51465","514",1146
"23752","49744","497",641
"23753","49762","497",641
"23754","42859","428",274
"23755","51491","514",1146
"23756","44627","446",326
"23757","77887","778",392
"23758","55271","552",441
"23759","26197","261",801
"23760","65611","656",378
"23761","79761","797",488
"23762","35799","357",570
"23763","76470","764",1045
"23764","76751","767",1111
"23765","65191","651",311
"23766","77761","777",397
"23767","79793","797",488
"23768","79771","797",488
"23769","72290","722",76
"23770","35768","357",570
"23771","61279","612",1030
"23772","24800","248",531
"23773","31832","318",665
"23774","71549","715",118
"23775","97892","978",1077
"23776","24811","248",531
"23777","36041","360",563
"23778","24977","249",564
"23779","25436","254",848
"23780","25597","255",846
"23781","21258","212",487
"23782","24813","248",531
"23783","73667","736",1039
"23784","36151","361",561
"23785","24784","247",534
"23786","66976","669",295
"23787","49626","496",642
"23788","79539","795",495
"23789","67829","678",517
"23790","79268","792",502
"23791","79288","792",502
"23792","51598","515",1142
"23793","79294","792",502
"23794","49696","496",642
"23795","49688","496",642
"23796","79312","793",501
"23797","57645","576",165
"23798","57584","575",166
"23799","49565","495",643
"23800","49635","496",642
"23801","65321","653",309
"23802","79694","796",492
"23803","79682","796",492
"23804","49090","490",658
"23805","65599","655",307
"23806","26389","263",797
"23807","42399","423",231
"23808","48301","483",199
"23809","56656","566",349
"23810","55774","557",514
"23811","49777","497",641
"23812","55626","556",430
"23813","44143","441",340
"23814","66917","669",296
"23815","66506","665",253
"23816","58239","582",113
"23817","56321","563",354
"23818","52134","521",1026
"23819","41372","413",283
"23820","52379","523",1023
"23821","54614","546",288
"23822","53949","539",330
"23823","54587","545",235
"23824","54451","544",240
"23825","41462","414",324
"23826","41468","414",324
"23827","40489","404",1070
"23828","46539","465",90
"23829","53533","535",342
"23830","66127","661",260
"23831","54421","544",241
"23832","54558","545",234
"23833","46342","463",95
"23834","54470","544",243
"23835","56828","568",425
"23836","48529","485",196
"23837","45259","452",159
"23838","74249","742",934
"23839","88094","880",1084
"23840","73252","732",971
"23841","30974","309",597
"23842","29690","296",724
"23843","21739","217",525
"23844","97953","979",1072
"23845","88097","880",1084
"23846","97956","979",1072
"23847","73119","731",972
"23848","37642","376",631
"23849","88326","883",1074
"23850","73117","731",974
"23851","34298","342",419
"23852","31036","310",663
"23853","58769","587",102
"23854","79427","794",498
"23855","49584","495",643
"23856","79241","792",502
"23857","58640","586",104
"23858","55444","554",435
"23859","59423","594",222
"23860","79336","793",501
"23861","49577","495",643
"23862","59073","590",227
"23863","65551","655",307
"23864","76534","765",1044
"23865","67269","672",469
"23866","35764","357",570
"23867","33803","338",549
"23868","49424","494",645
"23869","67680","676",451
"23870","77978","779",390
"23871","67292","672",470
"23872","26215","262",799
"23873","44536","445",329
"23874","44339","443",336
"23875","66503","665",253
"23876","56593","565",350
"23877","56281","562",364
"23878","26845","268",784
"23879","48565","485",194
"23880","26532","265",789
"23881","66500","665",251
"23882","56599","565",350
"23883","56648","566",349
"23884","66629","666",249
"23885","26899","268",784
"23886","19303","193",762
"23887","82288","822",19
"23888","91320","913",895
"23889","82447","824",13
"23890","82390","823",17
"23891","96197","961",58
"23892","91344","913",895
"23893","91220","912",897
"23894","99425","994",1147
"23895","85232","852",1004
"23896","85125","851",1005
"23897","95336","953",156
"23898","82431","824",13
"23899","82178","821",20
"23900","91244","912",897
"23901","95158","951",93
"23902","06366","063",689
"23903","06722","067",673
"23904","85656","856",1055
"23905","85643","856",1055
"23906","16945","169",869
"23907","07958","079",739
"23908","92694","926",840
"23909","92507","925",847
"23910","92705","927",835
"23911","92540","925",847
"23912","84082","840",49
"23913","18279","182",698
"23914","84178","841",45
"23915","84564","845",80
"23916","92552","925",847
"23917","92714","927",838
"23918","04279","042",868
"23919","83256","832",135
"23920","84168","841",45
"23921","84130","841",45
"23922","92444","924",849
"23923","04838","048",858
"23924","18320","183",697
"23925","17207","172",719
"23926","04827","048",858
"23927","92549","925",847
"23928","93497","934",50
"23929","04860","048",858
"23930","84367","843",83
"23931","09474","094",1123
"23932","84381","843",83
"23933","94265","942",27
"23934","84384","843",83
"23935","09456","094",1123
"23936","94149","941",1171
"23937","94099","940",1176
"23938","04936","049",857
"23939","94127","941",1174
"23940","94157","941",1175
"23941","16244","162",888
"23942","33335","333",509
"23943","33619","336",499
"23944","28790","287",896
"23945","33615","336",499
"23946","49419","494",645
"23947","64347","643",1035
"23948","35582","355",574
"23949","75385","753",1121
"23950","75015","750",1131
"23951","64289","642",1037
"23952","34519","345",408
"23953","75245","752",1124
"23954","35104","351",585
"23955","35519","355",575
"23956","33102","331",511
"23957","60388","603",62
"23958","72401","724",72
"23959","69151","691",187
"23960","71159","711",125
"23961","71292","712",124
"23962","35466","354",576
"23963","31604","316",676
"23964","71157","711",126
"23965","64711","647",1099
"23966","72461","724",72
"23967","63694","636",1161
"23968","32825","328",646
"23969","31675","316",675
"23970","34439","344",409
"23971","72510","725",71
"23972","63549","635",1163
"23973","27299","272",927
"23974","72488","724",72
"23975","88696","886",1064
"23976","72770","727",66
"23977","71679","716",116
"23978","70437","704",9
"23979","70186","701",11
"23980","63825","638",1156
"23981","70378","703",10
"23982","34637","346",406
"23983","36369","363",559
"23984","37671","376",631
"23985","73734","737",1038
"23986","63869","638",1156
"23987","72639","726",67
"23988","21714","217",525
"23989","21698","216",528
"23990","36124","361",561
"23991","74677","746",968
"23992","30966","309",597
"23993","31171","311",662
"23994","24897","248",531
"23995","25494","254",848
"23996","88145","881",1080
"23997","88353","883",1074
"23998","37290","372",636
"23999","97232","972",1020
"24000","88179","881",1080
"24001","89198","891",332
"24002","24582","245",543
"24003","89555","895",320
"24004","97246","972",1020
"24005","31167","311",662
"24006","99834","998",1169
"24007","97215","972",1020
"24008","29356","293",727
"24009","99831","998",1169
"24010","24232","242",550
"24011","89568","895",320
"24012","21360","213",478
"24013","21407","214",471
"24014","38518","385",613
"24015","38120","381",618
"24016","99869","998",1169
"24017","85298","852",1004
"24018","92369","923",851
"24019","96349","963",56
"24020","85757","857",1050
"24021","06308","063",688
"24022","91236","912",897
"24023","85098","850",1009
"24024","81477","814",42
"24025","39179","391",713
"24026","83677","836",129
"24027","93351","933",51
"24028","85599","855",1057
"24029","95234","952",92
"24030","85413","854",1060
"24031","19336","193",764
"24032","07589","075",745
"24033","99752","997",1170
"24034","38300","383",615
"24035","86732","867",982
"24036","86751","867",982
"24037","98660","986",1016
"24038","29394","293",727
"24039","86833","868",981
"24040","97500","975",1091
"24041","99885","998",1169
"24042","86854","868",981
"24043","38554","385",613
"24044","23669","236",568
"24045","86690","866",988
"24046","91189","911",899
"24047","91785","917",878
"24048","91352","913",895
"24049","91788","917",878
"24050","23749","237",566
"24051","86568","865",996
"24052","23746","237",566
"24053","19230","192",765
"24054","16269","162",888
"24055","01814","018",856
"24056","15320","153",914
"24057","03172","031",906
"24058","01979","019",853
"24059","17406","174",716
"24060","47574","475",212
"24061","52499","524",1095
"24062","54608","546",288
"24063","47669","476",210
"24064","53925","539",330
"24065","47179","471",215
"24066","41470","414",324
"24067","53881","538",333
"24068","66333","663",257
"24069","47166","471",215
"24070","49843","498",638
"24071","40593","405",1066
"24072","53332","533",292
"24073","45356","453",158
"24074","51379","513",1148
"24075","42799","427",278
"24076","66287","662",259
"24077","51069","510",1097
"24078","44866","448",418
"24079","66640","666",249
"24080","51429","514",1146
"24081","56653","566",349
"24082","44625","446",326
"24083","26892","268",784
"24084","44579","445",328
"24085","88281","882",1078
"24086","24864","248",531
"24087","24888","248",531
"24088","24802","248",531
"24089","29308","293",727
"24090","73312","733",1043
"24091","97789","977",1079
"24092","36160","361",561
"24093","97795","977",1079
"24094","25485","254",848
"24095","25469","254",848
"24096","24364","243",546
"24097","24568","245",540
"24098","97080","970",1024
"24099","36419","364",558
"24100","74424","744",970
"24101","36284","362",560
"24102","89197","891",332
"24103","31162","311",662
"24104","73494","734",1042
"24105","97656","976",1082
"24106","21220","212",487
"24107","21376","213",478
"24108","88451","884",1071
"24109","31311","313",660
"24110","89281","892",327
"24111","87764","877",1165
"24112","73492","734",1042
"24113","24635","246",539
"24114","24245","242",550
"24115","24610","246",539
"24116","87773","877",1165
"24117","87785","877",1165
"24118","91550","915",889
"24119","91555","915",889
"24120","97508","975",1085
"24121","29351","293",727
"24122","38704","387",608
"24123","89446","894",323
"24124","22958","229",454
"24125","29553","295",725
"24126","99947","999",1168
"24127","22956","229",453
"24128","99880","998",1169
"24129","89407","894",323
"24130","87775","877",1165
"24131","38551","385",613
"24132","35644","356",571
"24133","33647","336",499
"24134","33739","337",554
"24135","72175","721",33
"24136","35075","350",586
"24137","78083","780",275
"24138","68799","687",386
"24139","35428","354",576
"24140","64295","642",1037
"24141","72221","722",76
"24142","78591","785",265
"24143","72229","722",76
"24144","60314","603",62
"24145","64668","646",1100
"24146","78582","785",265
"24147","64859","648",1098
"24148","28844","288",894
"24149","78589","785",265
"24150","63073","630",1106
"24151","78224","782",270
"24152","74915","749",964
"24153","78600","786",263
"24154","64757","647",1099
"24155","34414","344",409
"24156","78345","783",267
"24157","74906","749",964
"24158","63533","635",1162
"24159","78351","783",267
"24160","74372","743",929
"24161","69439","694",174
"24162","74392","743",929
"24163","70569","705",8
"24164","74391","743",929
"24165","78354","783",267
"24166","31628","316",677
"24167","35327","353",578
"24168","63897","638",1155
"24169","34434","344",409
"24170","72631","726",67
"24171","74379","743",929
"24172","71691","716",116
"24173","63826","638",1156
"24174","71642","716",116
"24175","72658","726",67
"24176","63875","638",1156
"24177","71334","713",122
"24178","88356","883",1074
"24179","24887","248",531
"24180","73773","737",1038
"24181","34128","341",423
"24182","97900","979",1072
"24183","26180","261",800
"24184","78136","781",273
"24185","67169","671",477
"24186","59609","596",220
"24187","76448","764",1045
"24188","78199","781",273
"24189","49448","494",645
"24190","59555","595",221
"24191","35688","356",572
"24192","67373","673",463
"24193","68623","686",388
"24194","64589","645",1101
"24195","34323","343",413
"24196","27374","273",925
"24197","34302","343",414
"24198","74629","746",968
"24199","24960","249",564
"24200","24999","249",564
"24201","73066","730",978
"24202","34253","342",419
"24203","88276","882",1078
"24204","88214","882",1078
"24205","72589","725",70
"24206","24594","245",542
"24207","89617","896",316
"24208","24894","248",531
"24209","73105","731",973
"24210","30455","304",605
"24211","30453","304",605
"24212","55424","554",435
"24213","77656","776",312
"24214","79674","796",492
"24215","49076","490",658
"24216","57072","570",172
"24217","77654","776",312
"24218","67305","673",464
"24219","77797","777",397
"24220","49124","491",654
"24221","79730","797",488
"24222","79859","798",482
"24223","56316","563",356
"24224","58762","587",102
"24225","79541","795",495
"24226","48167","481",206
"24227","48324","483",201
"24228","79356","793",501
"24229","59075","590",227
"24230","26169","261",800
"24231","67806","678",518
"24232","56410","564",351
"24233","79292","792",502
"24234","48356","483",199
"24235","48480","484",197
"24236","06128","061",692
"24237","95182","951",93
"24238","84056","840",49
"24239","83098","830",87
"24240","06712","067",673
"24241","08548","085",730
"24242","92533","925",847
"24243","83569","835",131
"24244","95691","956",143
"24245","04523","045",862
"24246","95692","956",143
"24247","06792","067",674
"24248","92727","927",838
"24249","93102","931",55
"24250","83546","835",131
"24251","14727","147",772
"24252","04575","045",862
"24253","92445","924",849
"24254","08228","082",735
"24255","83278","832",136
"24256","94347","943",26
"24257","94357","943",26
"24258","83379","833",133
"24259","09366","093",1126
"24260","17154","171",722
"24261","93477","934",50
"24262","04862","048",858
"24263","84533","845",79
"24264","94244","942",27
"24265","14554","145",775
"24266","14109","141",778
"24267","94227","942",27
"24268","94548","945",22
"24269","14979","149",770
"24270","12209","122",524
"24271","13351","133",824
"24272","85244","852",1004
"24273","85256","852",1004
"24274","06295","062",691
"24275","07387","073",747
"24276","39446","394",706
"24277","95358","953",156
"24278","85301","853",1001
"24279","85376","853",999
"24280","92278","922",852
"24281","06179","061",692
"24282","85452","854",1060
"24283","95514","955",150
"24284","92724","927",836
"24285","95506","955",150
"24286","93359","933",51
"24287","91365","913",895
"24288","19071","190",766
"24289","06458","064",687
"24290","96332","963",56
"24291","06464","064",687
"24292","95491","954",154
"24293","97496","974",1018
"24294","24327","243",547
"24295","86879","868",981
"24296","96166","961",58
"24297","23899","238",595
"24298","96145","961",58
"24299","98669","986",1016
"24300","96182","961",58
"24301","99338","993",1149
"24302","86682","866",988
"24303","98666","986",1016
"24304","91174","911",898
"24305","38895","388",606
"24306","86981","869",980
"24307","86929","869",980
"24308","96486","964",89
"24309","90451","904",760
"24310","94133","941",1175
"24311","94124","941",1175
"24312","01157","011",813
"24313","15569","155",913
"24314","15378","153",914
"24315","15526","155",913
"24316","03054","030",908
"24317","02689","026",769
"24318","02827","028",767
"24319","44534","445",329
"24320","51645","516",1139
"24321","26489","264",792
"24322","44267","442",339
"24323","52531","525",1094
"24324","47626","476",210
"24325","47804","478",208
"24326","66763","667",304
"24327","50767","507",957
"24328","53518","535",342
"24329","66128","661",260
"24330","42489","424",229
"24331","51375","513",1148
"24332","67678","676",451
"24333","67727","677",450
"24334","49632","496",642
"24335","56368","563",354
"24336","79713","797",488
"24337","79868","798",482
"24338","67316","673",464
"24339","55237","552",440
"24340","79263","792",502
"24341","79874","798",482
"24342","59302","593",224
"24343","42653","426",280
"24344","56823","568",425
"24345","53474","534",291
"24346","53115","531",294
"24347","45529","455",155
"24348","42929","429",272
"24349","44791","447",422
"24350","42899","428",274
"24351","26624","266",788
"24352","79540","795",495
"24353","49599","495",643
"24354","49545","495",643
"24355","57644","576",164
"24356","67655","676",451
"24357","67824","678",519
"24358","48499","484",197
"24359","26810","268",784
"24360","48329","483",199
"24361","44227","442",339
"24362","88147","881",1080
"24363","73326","733",1043
"24364","25482","254",848
"24365","97980","979",1072
"24366","36132","361",561
"24367","73333","733",1043
"24368","30175","301",596
"24369","88454","884",1071
"24370","30625","306",602
"24371","97270","972",1020
"24372","97250","972",1020
"24373","25451","254",848
"24374","97256","972",1020
"24375","29313","293",727
"24376","31195","311",662
"24377","97705","977",1079
"24378","36208","362",560
"24379","88167","881",1080
"24380","89195","891",332
"24381","73457","734",1042
"24382","97288","972",1020
"24383","97708","977",1079
"24384","97241","972",1020
"24385","37191","371",637
"24386","97252","972",1021
"24387","87544","875",1135
"24388","23866","238",592
"24389","99830","998",1169
"24390","97509","975",1085
"24391","38277","382",617
"24392","89347","893",325
"24393","87743","877",1165
"24394","99826","998",1169
"24395","97453","974",1018
"24396","97633","976",1083
"24397","91602","916",882
"24398","22952","229",453
"24399","21335","213",478
"24400","29581","295",725
"24401","97497","974",1018
"24402","87757","877",1165
"24403","21365","213",478
"24404","23619","236",568
"24405","89368","893",325
"24406","99713","997",1170
"24407","29392","293",727
"24408","38124","381",618
"24409","64521","645",1101
"24410","64569","645",1101
"24411","76227","762",1048
"24412","76676","766",1115
"24413","33142","331",511
"24414","35088","350",587
"24415","65929","659",353
"24416","27580","275",922
"24417","32051","320",630
"24418","35452","354",576
"24419","60528","605",60
"24420","61239","612",1030
"24421","63225","632",1104
"24422","35440","354",576
"24423","32052","320",630
"24424","64291","642",1037
"24425","64686","646",1100
"24426","78532","785",265
"24427","32479","324",625
"24428","75175","751",1128
"24429","72369","723",74
"24430","35460","354",576
"24431","35423","354",576
"24432","63322","633",1102
"24433","35091","350",586
"24434","35085","350",586
"24435","75233","752",1125
"24436","64839","648",1098
"24437","32469","324",625
"24438","63477","634",1164
"24439","71297","712",124
"24440","74927","749",964
"24441","78337","783",267
"24442","72362","723",74
"24443","64756","647",1099
"24444","78359","783",268
"24445","34474","344",409
"24446","74858","748",966
"24447","25926","259",829
"24448","34549","345",407
"24449","72458","724",72
"24450","69437","694",174
"24451","63741","637",1160
"24452","70565","705",8
"24453","74081","740",942
"24454","63834","638",1156
"24455","27313","273",925
"24456","63863","638",1156
"24457","25721","257",834
"24458","72655","726",67
"24459","34626","346",406
"24460","71394","713",122
"24461","25557","255",846
"24462","71546","715",118
"24463","25799","257",834
"24464","97877","978",1077
"24465","73265","732",971
"24466","74613","746",968
"24467","23999","239",590
"24468","91241","912",897
"24469","80999","809",814
"24470","19065","190",766
"24471","92281","922",852
"24472","80805","808",815
"24473","95497","954",154
"24474","07907","079",739
"24475","83684","836",130
"24476","91809","918",875
"24477","82278","822",19
"24478","86697","866",988
"24479","82399","823",17
"24480","91090","910",900
"24481","96523","965",88
"24482","82294","822",19
"24483","96275","962",57
"24484","85250","852",1004
"24485","90584","905",759
"24486","82432","824",13
"24487","82393","823",17
"24488","19077","190",766
"24489","96364","963",56
"24490","89440","894",323
"24491","86441","864",943
"24492","91747","917",878
"24493","29599","295",725
"24494","86845","868",981
"24495","86459","864",943
"24496","86853","868",981
"24497","99955","999",1168
"24498","38440","384",614
"24499","29473","294",726
"24500","91734","917",878
"24501","86899","868",981
"24502","96158","961",58
"24503","91793","917",878
"24504","86971","869",980
"24505","86946","869",980
"24506","86641","866",988
"24507","38350","383",616
"24508","39393","393",707
"24509","96110","961",58
"24510","59872","598",218
"24511","76863","768",1109
"24512","65197","651",311
"24513","35745","357",570
"24514","65193","651",311
"24515","55294","552",443
"24516","78730","787",261
"24517","67368","673",463
"24518","67360","673",463
"24519","33824","338",549
"24520","68647","686",388
"24521","35236","352",579
"24522","35606","356",571
"24523","25582","255",846
"24524","88273","882",1078
"24525","24986","249",564
"24526","24787","247",534
"24527","74679","746",968
"24528","73092","730",978
"24529","19339","193",764
"24530","85408","854",1060
"24531","83104","831",86
"24532","84174","841",45
"24533","84034","840",47
"24534","83088","830",87
"24535","83126","831",84
"24536","93107","931",52
"24537","93057","930",28
"24538","92718","927",835
"24539","06794","067",674
"24540","83083","830",87
"24541","08233","082",735
"24542","04463","044",864
"24543","83246","832",135
"24544","83361","833",133
"24545","16868","168",872
"24546","83242","832",135
"24547","92539","925",847
"24548","83301","833",133
"24549","94437","944",23
"24550","84568","845",79
"24551","06889","068",669
"24552","08321","083",732
"24553","14822","148",771
"24554","83329","833",133
"24555","94342","943",26
"24556","84375","843",83
"24557","84347","843",83
"24558","09125","091",1132
"24559","09130","091",1132
"24560","94572","945",22
"24561","94532","945",22
"24562","17258","172",721
"24563","94536","945",22
"24564","94034","940",1177
"24565","94065","940",1178
"24566","94130","941",1175
"24567","15712","157",912
"24568","15537","155",913
"24569","01983","019",853
"24570","16303","163",881
"24571","15299","152",915
"24572","02899","028",767
"24573","24893","248",531
"24574","25355","253",850
"24575","30659","306",602
"24576","29303","293",727
"24577","24363","243",546
"24578","73111","731",976
"24579","36217","362",560
"24580","25474","254",848
"24581","29646","296",724
"24582","88171","881",1080
"24583","36214","362",560
"24584","73560","735",1041
"24585","36115","361",561
"24586","73579","735",1041
"24587","36266","362",560
"24588","74592","745",969
"24589","88477","884",1071
"24590","88317","883",1076
"24591","31174","311",662
"24592","88450","884",1071
"24593","24643","246",536
"24594","97650","976",1082
"24595","73431","734",1042
"24596","29336","293",727
"24597","21435","214",473
"24598","22397","223",400
"24599","97258","972",1020
"24600","97490","974",1018
"24601","97714","977",1079
"24602","97702","977",1079
"24603","91631","916",883
"24604","74594","745",969
"24605","87474","874",1136
"24606","87509","875",1135
"24607","31228","312",661
"24608","91610","916",883
"24609","91620","916",883
"24610","97355","973",1019
"24611","87749","877",1165
"24612","22962","229",453
"24613","21409","214",471
"24614","38259","382",617
"24615","86491","864",943
"24616","87496","874",1136
"24617","87466","874",1136
"24618","21406","214",471
"24619","23821","238",594
"24620","23815","238",594
"24621","86470","864",943
"24622","99755","997",1170
"24623","29576","295",725
"24624","91726","917",878
"24625","91099","910",900
"24626","82293","822",19
"24627","06526","065",684
"24628","91077","910",900
"24629","90530","905",755
"24630","86633","866",988
"24631","91347","913",895
"24632","82395","823",17
"24633","86576","865",996
"24634","85114","851",1005
"24635","82387","823",17
"24636","82349","823",18
"24637","92360","923",851
"24638","85120","851",1005
"24639","19086","190",766
"24640","18230","182",698
"24641","92358","923",851
"24642","85088","850",1009
"24643","39122","391",713
"24644","85395","853",1001
"24645","85635","856",1052
"24646","39288","392",712
"24647","07922","079",739
"24648","84106","841",46
"24649","06124","061",692
"24650","93188","931",53
"24651","92421","924",849
"24652","95679","956",143
"24653","07548","075",745
"24654","83059","830",87
"24655","83024","830",87
"24656","95701","957",139
"24657","92721","927",839
"24658","08491","084",731
"24659","06868","068",669
"24660","83559","835",131
"24661","06901","069",664
"24662","92726","927",838
"24663","94330","943",26
"24664","83365","833",133
"24665","94350","943",26
"24666","93494","934",50
"24667","17248","172",719
"24668","94353","943",26
"24669","08294","082",736
"24670","93466","934",50
"24671","84329","843",83
"24672","94424","944",23
"24673","14542","145",775
"24674","16766","167",873
"24675","94439","944",23
"24676","09427","094",1123
"24677","04720","047",859
"24678","04895","048",858
"24679","09575","095",1119
"24680","13503","135",820
"24681","94529","945",22
"24682","09627","096",1116
"24683","87616","876",1166
"24684","91456","914",893
"24685","87600","876",1166
"24686","38879","388",606
"24687","87629","876",1166
"24688","86750","867",982
"24689","91732","917",878
"24690","38855","388",606
"24691","91466","914",893
"24692","91735","917",878
"24693","86420","864",943
"24694","38444","384",614
"24695","86653","866",988
"24696","86675","866",988
"24697","91074","910",900
"24698","19246","192",765
"24699","99192","991",1154
"24700","99707","997",1170
"24701","91058","910",900
"24702","15749","157",912
"24703","15757","157",912
"24704","94139","941",1175
"24705","03205","032",905
"24706","15377","153",914
"24707","01909","019",855
"24708","02736","027",768
"24709","68649","686",388
"24710","32289","322",627
"24711","61476","614",1028
"24712","64572","645",1101
"24713","68219","682",395
"24714","65824","658",361
"24715","35444","354",576
"24716","75217","752",1124
"24717","75394","753",1121
"24718","76698","766",1115
"24719","59964","599",216
"24720","75177","751",1128
"24721","69117","691",187
"24722","69118","691",187
"24723","71131","711",125
"24724","72181","721",33
"24725","72336","723",74
"24726","75417","754",1117
"24727","64385","643",1036
"24728","72414","724",72
"24729","71154","711",126
"24730","71139","711",126
"24731","78315","783",267
"24732","71735","717",110
"24733","64739","647",1099
"24734","63538","635",1162
"24735","74336","743",929
"24736","71706","717",110
"24737","74357","743",929
"24738","70825","708",2
"24739","24994","249",564
"24740","78467","784",266
"24741","63864","638",1157
"24742","63906","639",1151
"24743","21726","217",525
"24744","27449","274",923
"24745","73730","737",1038
"24746","36399","363",559
"24747","63879","638",1156
"24748","63860","638",1156
"24749","71576","715",118
"24750","37649","376",631
"24751","36396","363",559
"24752","88518","885",1068
"24753","34385","343",412
"24754","52538","525",1094
"24755","47623","476",210
"24756","47625","476",210
"24757","53940","539",330
"24758","52445","524",1095
"24759","52385","523",1023
"24760","54453","544",240
"24761","47445","474",213
"24762","40670","406",1063
"24763","54526","545",234
"24764","47119","471",215
"24765","66787","667",304
"24766","66773","667",304
"24767","41541","415",321
"24768","54516","545",234
"24769","66292","662",259
"24770","56767","567",347
"24771","45133","451",160
"24772","66625","666",249
"24773","49767","497",641
"24774","56759","567",347
"24775","26842","268",784
"24776","66978","669",295
"24777","67757","677",447
"24778","67827","678",517
"24779","67715","677",446
"24780","57587","575",166
"24781","58706","587",103
"24782","77971","779",390
"24783","67811","678",518
"24784","55124","551",445
"24785","59556","595",221
"24786","35792","357",570
"24787","76596","765",1044
"24788","35796","357",570
"24789","35716","357",570
"24790","55130","551",445
"24791","65462","654",308
"24792","35630","356",571
"24793","49328","493",648
"24794","33649","336",499
"24795","72297","722",76
"24796","78739","787",261
"24797","26441","264",792
"24798","26419","264",792
"24799","77866","778",392
"24800","57578","575",166
"24801","67295","672",470
"24802","77871","778",392
"24803","67816","678",520
"24804","49456","494",645
"24805","65620","656",377
"24806","88045","880",1084
"24807","97848","978",1077
"24808","25575","255",846
"24809","34266","342",419
"24810","88371","883",1074
"24811","74238","742",934
"24812","97788","977",1079
"24813","30419","304",605
"24814","88255","882",1078
"24815","24782","247",534
"24816","51147","511",1096
"24817","56861","568",425
"24818","66578","665",250
"24819","42115","421",233
"24820","49808","498",638
"24821","44807","448",417
"24822","48493","484",197
"24823","66916","669",297
"24824","53545","535",345
"24825","58300","583",109
"24826","53562","535",345
"24827","53783","537",338
"24828","79424","794",496
"24829","54646","546",288
"24830","52353","523",1023
"24831","46519","465",91
"24832","41516","415",321
"24833","47800","478",208
"24834","40668","406",1063
"24835","50226","502",961
"24836","46348","463",95
"24837","66359","663",257
"24838","40597","405",1066
"24839","54538","545",234
"24840","46238","462",98
"24841","54424","544",242
"24842","56826","568",425
"24843","53501","535",343
"24844","42549","425",281
"24845","56864","568",425
"24846","45768","457",144
"24847","79258","792",502
"24848","67752","677",447
"24849","58511","585",105
"24850","55422","554",435
"24851","55442","554",435
"24852","79353","793",501
"24853","58553","585",105
"24854","55618","556",428
"24855","44328","443",336
"24856","79415","794",496
"24857","58119","581",115
"24858","55499","554",435
"24859","59368","593",223
"24860","57638","576",161
"24861","48369","483",200
"24862","45289","452",159
"24863","66583","665",250
"24864","53227","532",293
"24865","66440","664",255
"24866","66539","665",250
"24867","66450","664",255
"24868","56865","568",426
"24869","44805","448",417
"24870","35719","357",570
"24871","78050","780",276
"24872","78737","787",261
"24873","59955","599",216
"24874","68753","687",386
"24875","35625","356",571
"24876","32130","321",629
"24877","61449","614",1028
"24878","27476","274",924
"24879","33758","337",553
"24880","64404","644",1033
"24881","76694","766",1115
"24882","76669","766",1115
"24883","32584","325",624
"24884","35396","353",577
"24885","32832","328",647
"24886","21776","217",525
"24887","69251","692",182
"24888","33189","331",511
"24889","78586","785",265
"24890","64689","646",1100
"24891","74931","749",964
"24892","35287","352",580
"24893","71155","711",126
"24894","25853","258",830
"24895","63762","637",1160
"24896","25860","258",830
"24897","34632","346",406
"24898","63584","635",1163
"24899","63939","639",1151
"24900","63739","637",1160
"24901","63688","636",1161
"24902","34628","346",406
"24903","74376","743",929
"24904","63589","635",1163
"24905","21755","217",525
"24906","63849","638",1156
"24907","74076","740",942
"24908","34308","343",410
"24909","88699","886",1064
"24910","71686","716",116
"24911","31558","315",678
"24912","27308","273",925
"24913","74232","742",930
"24914","34317","343",411
"24915","71717","717",111
"24916","72664","726",67
"24917","27336","273",925
"24918","71409","714",121
"24919","21702","217",526
"24920","88376","883",1074
"24921","31637","316",677
"24922","36367","363",559
"24923","88374","883",1074
"24924","74538","745",969
"24925","37217","372",636
"24926","30169","301",596
"24927","89180","891",332
"24928","97786","977",1079
"24929","24576","245",541
"24930","30916","309",598
"24931","24366","243",546
"24932","97792","977",1079
"24933","31141","311",662
"24934","97243","972",1020
"24935","22851","228",459
"24936","73489","734",1042
"24937","36460","364",558
"24938","21442","214",472
"24939","89518","895",320
"24940","89293","892",327
"24941","97654","976",1082
"24942","31246","312",661
"24943","24146","241",557
"24944","97456","974",1018
"24945","97532","975",1088
"24946","89312","893",325
"24947","87761","877",1165
"24948","87784","877",1165
"24949","23813","238",594
"24950","86489","864",943
"24951","97529","975",1085
"24952","36448","364",558
"24953","99848","998",1169
"24954","73467","734",1042
"24955","89349","893",325
"24956","24321","243",547
"24957","87647","876",1166
"24958","23820","238",594
"24959","21379","213",478
"24960","99891","998",1169
"24961","87663","876",1166
"24962","87651","876",1166
"24963","91315","913",895
"24964","38899","388",606
"24965","86857","868",981
"24966","96179","961",58
"24967","86937","869",980
"24968","86154","861",953
"24969","96250","962",57
"24970","96050","960",59
"24971","86704","867",986
"24972","99097","990",1158
"24973","99610","996",1141
"24974","67813","678",518
"24975","79664","796",492
"24976","49504","495",643
"24977","77652","776",312
"24978","79737","797",488
"24979","77791","777",397
"24980","65307","653",309
"24981","79215","792",502
"24982","79297","792",502
"24983","56479","564",352
"24984","76833","768",1107
"24985","49413","494",645
"24986","67433","674",460
"24987","76865","768",1109
"24988","76768","767",1111
"24989","76770","767",1111
"24990","26209","262",798
"24991","57334","573",169
"24992","76761","767",1111
"24993","35713","357",570
"24994","55299","552",443
"24995","65239","652",310
"24996","59558","595",221
"24997","76332","763",1046
"24998","24805","248",531
"24999","36287","362",560
"25000","71560","715",118
"25001","73669","736",1039
"25002","73035","730",978
"25003","97277","972",1020
"25004","24357","243",546
"25005","30855","308",601
"25006","07338","073",747
"25007","82069","820",1167
"25008","85107","851",1006
"25009","85053","850",1009
"25010","91224","912",897
"25011","85092","850",1009
"25012","06279","062",691
"25013","92268","922",852
"25014","85129","851",1008
"25015","93155","931",53
"25016","39291","392",712
"25017","07926","079",739
"25018","83629","836",129
"25019","18249","182",698
"25020","07629","076",744
"25021","07613","076",744
"25022","95683","956",143
"25023","83080","830",87
"25024","92670","926",841
"25025","83139","831",85
"25026","84166","841",45
"25027","95652","956",143
"25028","83093","830",87
"25029","06803","068",667
"25030","06808","068",666
"25031","17214","172",719
"25032","08459","084",731
"25033","04277","042",868
"25034","95698","956",143
"25035","08262","082",735
"25036","94345","943",26
"25037","93491","934",50
"25038","08328","083",732
"25039","84160","841",45
"25040","08309","083",732
"25041","08396","083",733
"25042","17192","171",722
"25043","04808","048",858
"25044","16833","168",871
"25045","84553","845",79
"25046","94522","945",21
"25047","93486","934",50
"25048","94559","945",21
"25049","08344","083",732
"25050","16827","168",871
"25051","93479","934",50
"25052","84387","843",83
"25053","14469","144",777
"25054","09430","094",1123
"25055","09518","095",1118
"25056","13587","135",820
"25057","16761","167",873
"25058","01623","016",806
"25059","09633","096",1116
"25060","94104","941",1175
"25061","18546","185",695
"25062","94143","941",1175
"25063","01773","017",804
"25064","01778","017",804
"25065","03222","032",905
"25066","15326","153",914
"25067","02799","027",768
"25068","02796","027",768
"25069","82362","823",17
"25070","82279","822",19
"25071","39387","393",707
"25072","85128","851",1005
"25073","39345","393",708
"25074","85116","851",1005
"25075","85254","852",1004
"25076","85259","852",1004
"25077","85253","852",1004
"25078","99628","996",1141
"25079","06456","064",687
"25080","29471","294",726
"25081","82377","823",17
"25082","85113","851",1005
"25083","82549","825",12
"25084","96346","963",56
"25085","80995","809",814
"25086","19306","193",762
"25087","07749","077",742
"25088","83624","836",129
"25089","95180","951",93
"25090","92224","922",852
"25091","93346","933",51
"25092","06242","062",690
"25093","95126","951",93
"25094","95709","957",140
"25095","93183","931",53
"25096","93182","931",53
"25097","82490","824",13
"25098","90469","904",760
"25099","90491","904",760
"25100","82211","822",19
"25101","82296","822",19
"25102","07318","073",747
"25103","19294","192",765
"25104","99444","994",1147
"25105","90559","905",755
"25106","99636","996",1141
"25107","91278","912",897
"25108","25365","253",850
"25109","89619","896",315
"25110","36100","361",561
"25111","88441","884",1071
"25112","30853","308",601
"25113","97295","972",1020
"25114","73525","735",1041
"25115","97999","979",1072
"25116","97271","972",1020
"25117","97276","972",1020
"25118","89173","891",332
"25119","88487","884",1071
"25120","37249","372",636
"25121","24242","242",551
"25122","21271","212",487
"25123","31191","311",662
"25124","22848","228",459
"25125","97688","976",1081
"25126","24629","246",536
"25127","29223","292",728
"25128","31249","312",661
"25129","97239","972",1020
"25130","21037","210",494
"25131","24637","246",539
"25132","36457","364",558
"25133","37539","375",632
"25134","24601","246",539
"25135","38729","387",608
"25136","87527","875",1135
"25137","21029","210",494
"25138","89564","895",320
"25139","91626","916",882
"25140","87724","877",1165
"25141","22955","229",453
"25142","97531","975",1085
"25143","97513","975",1089
"25144","91619","916",883
"25145","86720","867",982
"25146","98547","985",959
"25147","21527","215",466
"25148","29559","295",725
"25149","97461","974",1018
"25150","38110","381",618
"25151","38559","385",613
"25152","29585","295",725
"25153","86424","864",943
"25154","83735","837",128
"25155","93356","933",51
"25156","06112","061",692
"25157","39524","395",705
"25158","93053","930",28
"25159","93083","930",28
"25160","95659","956",143
"25161","18299","182",698
"25162","95706","957",142
"25163","04158","041",870
"25164","04564","045",862
"25165","83254","832",135
"25166","92559","925",847
"25167","84326","843",83
"25168","08324","083",732
"25169","08349","083",732
"25170","09394","093",1126
"25171","84524","845",79
"25172","84571","845",79
"25173","84335","843",83
"25174","94379","943",26
"25175","09236","092",1130
"25176","14478","144",777
"25177","14532","145",776
"25178","14129","141",778
"25179","94579","945",22
"25180","94261","942",27
"25181","16540","165",874
"25182","15936","159",907
"25183","15837","158",909
"25184","03253","032",905
"25185","17349","173",718
"25186","94568","945",22
"25187","33129","331",511
"25188","35580","355",574
"25189","78073","780",275
"25190","32609","326",657
"25191","27211","272",926
"25192","69254","692",179
"25193","75365","753",1121
"25194","64380","643",1035
"25195","72367","723",74
"25196","72358","723",74
"25197","63110","631",1105
"25198","78267","782",270
"25199","78253","782",270
"25200","35305","353",578
"25201","72415","724",72
"25202","78580","785",265
"25203","27442","274",923
"25204","28832","288",894
"25205","35260","352",580
"25206","32839","328",646
"25207","33039","330",513
"25208","70499","704",9
"25209","70435","704",9
"25210","63924","639",1151
"25211","21709","217",525
"25212","72511","725",70
"25213","36318","363",559
"25214","36358","363",559
"25215","88515","885",1069
"25216","71720","717",111
"25217","72813","728",63
"25218","71563","715",118
"25219","63871","638",1156
"25220","24941","249",564
"25221","34130","341",423
"25222","01774","017",804
"25223","12527","125",521
"25224","15732","157",912
"25225","17398","173",718
"25226","01968","019",853
"25227","15517","155",913
"25228","15374","153",914
"25229","02977","029",802
"25230","02733","027",768
"25231","15230","152",915
"25232","02956","029",803
"25233","02797","027",768
"25234","86874","868",981
"25235","87637","876",1166
"25236","99735","997",1170
"25237","96126","961",58
"25238","86842","868",981
"25239","96185","961",58
"25240","86514","865",995
"25241","21368","213",478
"25242","38557","385",613
"25243","86830","868",981
"25244","91805","918",876
"25245","96476","964",89
"25246","91469","914",893
"25247","96169","961",58
"25248","86356","863",951
"25249","86707","867",983
"25250","91801","918",877
"25251","38465","384",614
"25252","29490","294",726
"25253","38376","383",616
"25254","86444","864",948
"25255","96175","961",58
"25256","86161","861",953
"25257","29481","294",726
"25258","38459","384",614
"25259","91186","911",898
"25260","73663","736",1039
"25261","34593","345",407
"25262","97816","978",1077
"25263","88284","882",1078
"25264","88212","882",1078
"25265","97785","977",1079
"25266","30952","309",597
"25267","37235","372",636
"25268","58513","585",105
"25269","79426","794",497
"25270","77977","779",390
"25271","58708","587",103
"25272","77966","779",390
"25273","48351","483",201
"25274","57462","574",168
"25275","79669","796",492
"25276","79348","793",501
"25277","49594","495",643
"25278","67725","677",450
"25279","26160","261",800
"25280","59510","595",221
"25281","57290","572",170
"25282","57250","572",170
"25283","56477","564",352
"25284","78120","781",273
"25285","26133","261",800
"25286","76467","764",1045
"25287","67136","671",476
"25288","49152","491",654
"25289","33397","333",509
"25290","76149","761",1056
"25291","79879","798",482
"25292","55469","554",435
"25293","56579","565",350
"25294","26629","266",788
"25295","48163","481",206
"25296","44309","443",336
"25297","59387","593",223
"25298","54673","546",288
"25299","54669","546",288
"25300","54450","544",239
"25301","53909","539",331
"25302","53945","539",330
"25303","66701","667",304
"25304","47229","472",214
"25305","49847","498",638
"25306","41469","414",324
"25307","46537","465",90
"25308","41540","415",321
"25309","66806","668",300
"25310","40880","408",1059
"25311","46149","461",99
"25312","40789","407",1061
"25313","50937","509",955
"25314","50997","509",954
"25315","40724","407",1061
"25316","45141","451",160
"25317","45327","453",158
"25318","66649","666",249
"25319","26871","268",784
"25320","56567","565",350
"25321","66497","664",255
"25322","48341","483",199
"25323","66501","665",254
"25324","45277","452",159
"25325","53127","531",294
"25326","45770","457",144
"25327","45888","458",189
"25328","53757","537",338
"25329","45659","456",153
"25330","44795","447",422
"25331","39435","394",706
"25332","91217","912",897
"25333","83670","836",129
"25334","80689","806",818
"25335","85411","854",1060
"25336","39418","394",706
"25337","95494","954",154
"25338","19417","194",761
"25339","85290","852",1004
"25340","82024","820",1167
"25341","92280","922",852
"25342","95236","952",92
"25343","06406","064",687
"25344","95213","952",92
"25345","39579","395",705
"25346","84104","841",46
"25347","95152","951",93
"25348","85464","854",1060
"25349","85591","855",1057
"25350","93358","933",51
"25351","83620","836",129
"25352","19376","193",763
"25353","85614","856",1052
"25354","82398","823",17
"25355","91332","913",895
"25356","86577","865",996
"25357","82499","824",13
"25358","82239","822",19
"25359","29485","294",726
"25360","86567","865",996
"25361","82444","824",13
"25362","86579","865",996
"25363","96352","963",56
"25364","19061","190",766
"25365","06682","066",681
"25366","06118","061",692
"25367","18258","182",698
"25368","83543","835",131
"25369","06847","068",668
"25370","95643","956",143
"25371","84428","844",81
"25372","04610","046",860
"25373","84092","840",49
"25374","84539","845",80
"25375","04416","044",864
"25376","92542","925",847
"25377","83250","832",135
"25378","83352","833",133
"25379","83324","833",133
"25380","83377","833",133
"25381","04821","048",858
"25382","93499","934",50
"25383","09385","093",1126
"25384","84567","845",79
"25385","94234","942",27
"25386","93480","934",50
"25387","09465","094",1123
"25388","14947","149",770
"25389","94253","942",27
"25390","94140","941",1171
"25391","94544","945",22
"25392","09569","095",1119
"25393","94269","942",27
"25394","14163","141",778
"25395","14169","141",778
"25396","94113","941",1175
"25397","94161","941",1175
"25398","25581","255",846
"25399","21259","212",487
"25400","74547","745",969
"25401","37186","371",637
"25402","30459","304",605
"25403","36179","361",562
"25404","25579","255",846
"25405","30163","301",596
"25406","36145","361",561
"25407","24814","248",532
"25408","30938","309",598
"25409","24409","244",544
"25410","31180","311",662
"25411","97779","977",1079
"25412","24241","242",551
"25413","29633","296",724
"25414","37293","372",636
"25415","89177","891",332
"25416","89257","892",327
"25417","87452","874",1136
"25418","87789","877",1165
"25419","73488","734",1042
"25420","98617","986",1016
"25421","91637","916",883
"25422","31224","312",661
"25423","87736","877",1165
"25424","86519","865",992
"25425","87437","874",1136
"25426","87477","874",1136
"25427","91614","916",884
"25428","99842","998",1169
"25429","98631","986",1016
"25430","21493","214",475
"25431","38690","386",611
"25432","37445","374",634
"25433","35641","356",571
"25434","68804","688",384
"25435","61440","614",1028
"25436","32312","323",626
"25437","65936","659",353
"25438","33729","337",554
"25439","72227","722",76
"25440","64285","642",1037
"25441","33818","338",548
"25442","35119","351",582
"25443","74939","749",964
"25444","78576","785",265
"25445","32457","324",625
"25446","72469","724",72
"25447","72477","724",72
"25448","34537","345",407
"25449","71282","712",124
"25450","21781","217",525
"25451","32699","326",656
"25452","74369","743",929
"25453","25779","257",834
"25454","25862","258",830
"25455","74211","742",932
"25456","21756","217",525
"25457","21727","217",525
"25458","72818","728",63
"25459","25879","258",830
"25460","63829","638",1156
"25461","72513","725",70
"25462","25788","257",834
"25463","31627","316",677
"25464","31622","316",677
"25465","31699","316",675
"25466","24852","248",531
"25467","88697","886",1064
"25468","37647","376",631
"25469","34587","345",407
"25470","88271","882",1078
"25471","73207","732",971
"25472","25588","255",846
"25473","86479","864",943
"25474","96154","961",58
"25475","86738","867",982
"25476","97522","975",1090
"25477","23919","239",588
"25478","21401","214",474
"25479","86655","866",988
"25480","23566","235",569
"25481","86980","869",980
"25482","86517","865",989
"25483","86977","869",980
"25484","96161","961",58
"25485","96484","964",89
"25486","38375","383",616
"25487","38387","383",616
"25488","38470","384",614
"25489","86343","863",950
"25490","86169","861",953
"25491","29496","294",726
"25492","90768","907",748
"25493","86504","865",990
"25494","91056","910",900
"25495","99094","990",1158
"25496","91353","913",895
"25497","91798","917",878
"25498","86574","865",996
"25499","91052","910",900
"25500","91083","910",900
"25501","96271","962",57
"25502","54617","546",288
"25503","52223","522",1025
"25504","52249","522",1025
"25505","47608","476",210
"25506","54687","546",288
"25507","54457","544",240
"25508","46395","463",96
"25509","54329","543",244
"25510","50127","501",928
"25511","54292","542",248
"25512","50129","501",928
"25513","66802","668",299
"25514","54579","545",237
"25515","54344","543",246
"25516","47269","472",214
"25517","54347","543",247
"25518","48734","487",190
"25519","50999","509",954
"25520","66557","665",250
"25521","66646","666",249
"25522","45894","458",189
"25523","42551","425",281
"25524","53123","531",294
"25525","42655","426",280
"25526","79235","792",502
"25527","79361","793",501
"25528","56068","560",385
"25529","55432","554",435
"25530","67714","677",446
"25531","56203","562",367
"25532","67688","676",451
"25533","79365","793",501
"25534","66994","669",298
"25535","57581","575",166
"25536","13125","131",826
"25537","12557","125",521
"25538","01920","019",853
"25539","01900","019",855
"25540","02999","029",802
"25541","03053","030",908
"25542","02779","027",768
"25543","02894","028",767
"25544","44139","441",340
"25545","56218","562",366
"25546","57641","576",161
"25547","48268","482",205
"25548","57413","574",168
"25549","57586","575",166
"25550","57223","572",170
"25551","56470","564",352
"25552","65388","653",309
"25553","77855","778",392
"25554","77833","778",392
"25555","77736","777",397
"25556","77815","778",392
"25557","79774","797",488
"25558","97852","978",1077
"25559","24797","247",533
"25560","73278","732",971
"25561","34212","342",421
"25562","97778","977",1079
"25563","24837","248",531
"25564","71540","715",118
"25565","36251","362",560
"25566","97753","977",1079
"25567","65199","651",311
"25568","59329","593",224
"25569","79809","798",482
"25570","49393","493",649
"25571","78147","781",273
"25572","67158","671",476
"25573","65468","654",308
"25574","42659","426",280
"25575","66131","661",260
"25576","51519","515",1144
"25577","66459","664",255
"25578","58455","584",106
"25579","53819","538",335
"25580","56637","566",349
"25581","58339","583",107
"25582","82057","820",1167
"25583","85095","850",1011
"25584","82064","820",1167
"25585","07368","073",747
"25586","07745","077",742
"25587","92275","922",852
"25588","95447","954",154
"25589","95463","954",154
"25590","92363","923",851
"25591","95138","951",93
"25592","39218","392",710
"25593","95482","954",154
"25594","95197","951",93
"25595","85399","853",999
"25596","39240","392",710
"25597","93354","933",51
"25598","95030","950",97
"25599","06126","061",692
"25600","82436","824",13
"25601","19209","192",765
"25602","82438","824",13
"25603","90602","906",749
"25604","96142","961",58
"25605","90607","906",753
"25606","39619","396",704
"25607","92353","923",851
"25608","29475","294",726
"25609","76889","768",1107
"25610","79686","796",492
"25611","56457","564",352
"25612","26345","263",796
"25613","77781","777",397
"25614","59494","594",222
"25615","76547","765",1044
"25616","55262","552",442
"25617","88339","883",1074
"25618","29614","296",724
"25619","24794","247",534
"25620","22559","225",393
"25621","37181","371",637
"25622","36167","361",561
"25623","21274","212",487
"25624","31199","311",662
"25625","74586","745",969
"25626","88430","884",1071
"25627","21227","212",487
"25628","89287","892",327
"25629","97340","973",1019
"25630","29339","293",727
"25631","36433","364",558
"25632","97332","973",1019
"25633","21394","213",478
"25634","87727","877",1165
"25635","29355","293",727
"25636","87770","877",1165
"25637","38229","382",617
"25638","87490","874",1136
"25639","89331","893",325
"25640","38542","385",613
"25641","87778","877",1165
"25642","86513","865",991
"25643","87772","877",1165
"25644","89353","893",325
"25645","86753","867",982
"25646","23701","237",566
"25647","86850","868",981
"25648","86872","868",981
"25649","99994","999",1168
"25650","87679","876",1166
"25651","86975","869",980
"25652","91802","918",877
"25653","23570","235",569
"25654","86447","864",948
"25655","86508","865",997
"25656","23774","237",566
"25657","38820","388",606
"25658","34134","341",423
"25659","73266","732",971
"25660","88046","880",1084
"25661","71577","715",118
"25662","88074","880",1084
"25663","24884","248",531
"25664","36166","361",561
"25665","73104","731",974
"25666","47624","476",210
"25667","54649","546",288
"25668","50189","501",928
"25669","54309","543",245
"25670","66740","667",304
"25671","54518","545",234
"25672","40474","404",1070
"25673","47058","470",217
"25674","54528","545",234
"25675","45478","454",157
"25676","48683","486",193
"25677","54498","544",242
"25678","66571","665",250
"25679","45896","458",189
"25680","42719","427",279
"25681","66132","661",260
"25682","79400","794",496
"25683","44289","442",339
"25684","55497","554",435
"25685","58509","585",105
"25686","51580","515",1142
"25687","56329","563",358
"25688","49549","495",643
"25689","67731","677",447
"25690","76891","768",1107
"25691","67657","676",451
"25692","56427","564",351
"25693","44229","442",339
"25694","51570","515",1142
"25695","55621","556",427
"25696","65510","655",307
"25697","55126","551",445
"25698","35753","357",570
"25699","78132","781",273
"25700","49377","493",649
"25701","65187","651",311
"25702","49457","494",645
"25703","58285","582",112
"25704","55481","554",435
"25705","58453","584",106
"25706","51399","513",1148
"25707","56862","568",425
"25708","44879","448",416
"25709","49716","497",641
"25710","54483","544",242
"25711","53721","537",338
"25712","85447","854",1060
"25713","95185","951",93
"25714","84107","841",46
"25715","92681","926",841
"25716","95680","956",143
"25717","84435","844",81
"25718","18106","181",701
"25719","06231","062",690
"25720","84405","844",81
"25721","18057","180",702
"25722","84066","840",49
"25723","92442","924",849
"25724","83556","835",131
"25725","06779","067",674
"25726","92439","924",849
"25727","92685","926",844
"25728","08261","082",735
"25729","84189","841",45
"25730","93192","931",53
"25731","08289","082",736
"25732","18314","183",697
"25733","06905","069",664
"25734","09337","093",1126
"25735","18465","184",696
"25736","09247","092",1130
"25737","94574","945",21
"25738","93471","934",50
"25739","84371","843",83
"25740","09669","096",1116
"25741","94209","942",27
"25742","04916","049",857
"25743","09434","094",1123
"25744","09509","095",1119
"25745","16556","165",874
"25746","16559","165",874
"25747","16562","165",874
"25748","16567","165",874
"25749","61462","614",1028
"25750","76139","761",1056
"25751","33605","336",499
"25752","27478","274",924
"25753","75236","752",1124
"25754","75387","753",1121
"25755","33813","338",548
"25756","72224","722",76
"25757","75378","753",1121
"25758","75239","752",1124
"25759","32049","320",630
"25760","69488","694",176
"25761","35037","350",586
"25762","35039","350",586
"25763","61194","611",962
"25764","27252","272",926
"25765","75059","750",1131
"25766","69257","692",182
"25767","61203","612",1030
"25768","61137","611",962
"25769","25832","258",830
"25770","78598","785",265
"25771","75428","754",1117
"25772","74343","743",929
"25773","71665","716",117
"25774","74193","741",940
"25775","28879","288",894
"25776","32694","326",656
"25777","31737","317",670
"25778","63654","636",1161
"25779","27404","274",923
"25780","25884","258",830
"25781","88634","886",1064
"25782","36326","363",559
"25783","70192","701",11
"25784","31717","317",671
"25785","37696","376",631
"25786","70599","705",8
"25787","74842","748",966
"25788","74385","743",929
"25789","34560","345",407
"25790","63877","638",1156
"25791","70734","707",5
"25792","34590","345",407
"25793","36341","363",559
"25794","63874","638",1156
"25795","88090","880",1084
"25796","72532","725",70
"25797","74182","741",939
"25798","73776","737",1038
"25799","34132","341",423
"25800","72525","725",70
"25801","04928","049",857
"25802","01326","013",810
"25803","15344","153",914
"25804","15913","159",907
"25805","03099","030",908
"25806","03055","030",908
"25807","49406","494",645
"25808","78664","786",262
"25809","35216","352",579
"25810","32257","322",627
"25811","68239","682",395
"25812","33689","336",499
"25813","35633","356",573
"25814","78652","786",262
"25815","64625","646",1100
"25816","32120","321",629
"25817","78647","786",262
"25818","75053","750",1131
"25819","61169","611",962
"25820","76684","766",1115
"25821","61231","612",1030
"25822","78559","785",265
"25823","35463","354",576
"25824","75447","754",1117
"25825","71116","711",126
"25826","78269","782",270
"25827","78603","786",263
"25828","25852","258",830
"25829","32805","328",646
"25830","64753","647",1099
"25831","72070","720",40
"25832","31621","316",677
"25833","72072","720",40
"25834","35329","353",578
"25835","72393","723",75
"25836","72074","720",40
"25837","63594","635",1163
"25838","31711","317",670
"25839","31608","316",677
"25840","74855","748",966
"25841","74838","748",966
"25842","70199","701",11
"25843","63820","638",1156
"25844","31632","316",677
"25845","74223","742",931
"25846","71726","717",111
"25847","36355","363",559
"25848","72516","725",70
"25849","74219","742",934
"25850","71336","713",122
"25851","74248","742",933
"25852","63831","638",1156
"25853","88636","886",1064
"25854","74239","742",934
"25855","72534","725",70
"25856","99996","999",1168
"25857","37441","374",634
"25858","38527","385",613
"25859","98554","985",959
"25860","91623","916",887
"25861","38329","383",615
"25862","87665","876",1166
"25863","38877","388",606
"25864","91639","916",886
"25865","86862","868",981
"25866","99330","993",1149
"25867","96178","961",58
"25868","38467","384",614
"25869","90614","906",750
"25870","91183","911",898
"25871","99310","993",1149
"25872","29468","294",726
"25873","82491","824",13
"25874","96215","962",57
"25875","06537","065",683
"25876","36119","361",561
"25877","73061","730",978
"25878","34123","341",423
"25879","97773","977",1079
"25880","25587","255",846
"25881","97851","978",1077
"25882","25566","255",846
"25883","97775","977",1079
"25884","97849","978",1077
"25885","97794","977",1079
"25886","88427","884",1071
"25887","21614","216",528
"25888","73347","733",1043
"25889","73108","731",973
"25890","79739","797",489
"25891","55546","555",434
"25892","57647","576",163
"25893","67098","670",479
"25894","79256","792",502
"25895","67487","674",460
"25896","65597","655",307
"25897","33775","337",555
"25898","77794","777",397
"25899","65201","652",310
"25900","35767","357",570
"25901","49439","494",645
"25902","79865","798",482
"25903","33790","337",555
"25904","55276","552",443
"25905","58507","585",105
"25906","58730","587",103
"25907","48291","482",205
"25908","49525","495",643
"25909","79283","792",502
"25910","91180","911",898
"25911","06485","064",687
"25912","38829","388",606
"25913","82445","824",13
"25914","96187","961",58
"25915","82291","822",19
"25916","99448","994",1147
"25917","91362","913",895
"25918","23968","239",589
"25919","83676","836",129
"25920","90518","905",755
"25921","82335","823",17
"25922","82194","821",20
"25923","37139","371",637
"25924","74427","744",970
"25925","24401","244",544
"25926","88239","882",1078
"25927","36219","362",560
"25928","21147","211",491
"25929","74595","745",969
"25930","88175","881",1080
"25931","37081","370",639
"25932","36269","362",560
"25933","88483","884",1071
"25934","24369","243",546
"25935","21218","212",487
"25936","24537","245",541
"25937","89075","890",337
"25938","24640","246",536
"25939","89231","892",327
"25940","97273","972",1020
"25941","74599","745",969
"25942","37136","371",637
"25943","37308","373",635
"25944","29227","292",728
"25945","87763","877",1165
"25946","97505","975",1087
"25947","91541","915",890
"25948","21033","210",494
"25949","29348","293",727
"25950","87748","877",1165
"25951","89299","892",327
"25952","24149","241",557
"25953","87448","874",1136
"25954","97520","975",1085
"25955","29331","293",727
"25956","38279","382",617
"25957","97359","973",1019
"25958","37327","373",635
"25959","86488","864",943
"25960","87493","874",1136
"25961","38159","381",618
"25962","87746","877",1165
"25963","22969","229",452
"25964","91589","915",889
"25965","29593","295",725
"25966","87497","874",1136
"25967","87754","877",1165
"25968","38530","385",613
"25969","91731","917",878
"25970","38312","383",615
"25971","23898","238",595
"25972","24329","243",547
"25973","86483","864",943
"25974","91413","914",893
"25975","37444","374",634
"25976","07937","079",739
"25977","95028","950",97
"25978","95194","951",93
"25979","92665","926",841
"25980","93142","931",53
"25981","83135","831",86
"25982","83562","835",131
"25983","83071","830",87
"25984","84181","841",45
"25985","84437","844",81
"25986","92555","925",847
"25987","04205","042",868
"25988","08468","084",731
"25989","92545","925",847
"25990","83125","831",85
"25991","92709","927",838
"25992","17168","171",722
"25993","08107","081",737
"25994","14772","147",772
"25995","14641","146",774
"25996","94405","944",23
"25997","94428","944",23
"25998","08297","082",736
"25999","94553","945",21
"26000","17255","172",719
"26001","09648","096",1116
"26002","16835","168",871
"26003","83483","834",132
"26004","09131","091",1132
"26005","04874","048",858
"26006","93470","934",50
"26007","04741","047",859
"26008","94259","942",27
"26009","16515","165",874
"26010","94167","941",1173
"26011","16547","165",874
"26012","16548","165",874
"26013","94566","945",22
"26014","52066","520",1027
"26015","41849","418",313
"26016","47546","475",212
"26017","52388","523",1023
"26018","66679","666",249
"26019","50169","501",928
"26020","47055","470",217
"26021","46147","461",99
"26022","48703","487",191
"26023","51107","511",1096
"26024","58091","580",119
"26025","44145","441",340
"26026","56566","565",350
"26027","44269","442",339
"26028","48496","484",197
"26029","79418","794",496
"26030","49733","497",641
"26031","53426","534",291
"26032","44869","448",416
"26033","53424","534",291
"26034","53179","531",294
"26035","85084","850",1009
"26036","91284","912",897
"26037","82031","820",1167
"26038","95499","954",154
"26039","92262","922",852
"26040","95352","953",156
"26041","93339","933",51
"26042","07646","076",744
"26043","39126","391",713
"26044","85662","856",1052
"26045","39249","392",710
"26046","18209","182",698
"26047","95682","956",143
"26048","92287","922",852
"26049","10319","103",379
"26050","12683","126",516
"26051","01768","017",804
"26052","01728","017",804
"26053","16278","162",888
"26054","03103","031",906
"26055","02763","027",768
"26056","02828","028",767
"26057","57548","575",166
"26058","79100","791",506
"26059","59757","597",219
"26060","59320","593",224
"26061","67819","678",518
"26062","77960","779",390
"26063","67475","674",460
"26064","59759","597",219
"26065","49434","494",645
"26066","49074","490",658
"26067","79274","792",502
"26068","26203","262",798
"26069","47533","475",212
"26070","41844","418",313
"26071","52441","524",1095
"26072","47906","479",207
"26073","47918","479",207
"26074","66693","666",249
"26075","47803","478",208
"26076","41464","414",324
"26077","47178","471",215
"26078","54523","545",234
"26079","40229","402",1012
"26080","40882","408",1059
"26081","40625","406",1062
"26082","48455","484",197
"26083","66299","662",259
"26084","53177","531",294
"26085","45889","458",189
"26086","26506","265",789
"26087","42349","423",230
"26088","45699","456",153
"26089","53840","538",334
"26090","48727","487",191
"26091","55491","554",435
"26092","26826","268",784
"26093","56645","566",349
"26094","56626","566",349
"26095","59399","593",223
"26096","56589","565",350
"26097","66907","669",297
"26098","79367","793",501
"26099","79594","795",495
"26100","67701","677",447
"26101","56249","562",368
"26102","77963","779",390
"26103","56422","564",351
"26104","58840","588",101
"26105","56594","565",350
"26106","04910","049",857
"26107","15738","157",912
"26108","15746","157",912
"26109","94089","940",1179
"26110","01731","017",804
"26111","15370","153",914
"26112","15562","155",913
"26113","01259","012",811
"26114","01324","013",810
"26115","17424","174",716
"26116","82547","825",12
"26117","81249","812",44
"26118","29478","294",726
"26119","07768","077",741
"26120","91230","912",897
"26121","23974","239",589
"26122","95361","953",156
"26123","95445","954",154
"26124","85778","857",1051
"26125","85283","852",1004
"26126","92355","923",851
"26127","85748","857",1049
"26128","83679","836",129
"26129","06425","064",687
"26130","06246","062",690
"26131","85405","854",1060
"26132","85467","854",1060
"26133","95237","952",92
"26134","92269","922",852
"26135","84434","844",81
"26136","92449","924",849
"26137","95676","956",143
"26138","08543","085",730
"26139","07987","079",739
"26140","93095","930",28
"26141","93092","930",28
"26142","84149","841",45
"26143","14828","148",771
"26144","14793","147",772
"26145","83253","832",135
"26146","04179","041",870
"26147","04565","045",862
"26148","84164","841",45
"26149","04289","042",868
"26150","18334","183",697
"26151","04329","043",867
"26152","04683","046",861
"26153","83349","833",133
"26154","16837","168",871
"26155","83373","833",133
"26156","17252","172",719
"26157","09243","092",1130
"26158","94371","943",26
"26159","09399","093",1126
"26160","09217","092",1130
"26161","84489","844",82
"26162","84337","843",83
"26163","09228","092",1130
"26164","94526","945",21
"26165","04774","047",859
"26166","94577","945",22
"26167","09405","094",1123
"26168","18435","184",696
"26169","14480","144",777
"26170","94086","940",1176
"26171","13599","135",820
"26172","17279","172",721
"26173","13469","134",822
"26174","16552","165",874
"26175","12307","123",523
"26176","73116","731",974
"26177","24358","243",546
"26178","89616","896",315
"26179","88456","884",1071
"26180","24972","249",564
"26181","97950","979",1072
"26182","24340","243",546
"26183","73557","735",1041
"26184","21129","211",491
"26185","24402","244",544
"26186","97762","977",1079
"26187","37079","370",639
"26188","97249","972",1020
"26189","36163","361",561
"26190","74575","745",969
"26191","73574","735",1041
"26192","97209","972",1020
"26193","24631","246",538
"26194","24251","242",552
"26195","29229","292",728
"26196","24161","241",557
"26197","89291","892",327
"26198","97724","977",1079
"26199","24147","241",557
"26200","97424","974",1018
"26201","97334","973",1019
"26202","91607","916",883
"26203","97517","975",1088
"26204","29359","293",727
"26205","99988","999",1168
"26206","87760","877",1165
"26207","97526","975",1086
"26208","73495","734",1042
"26209","24306","243",547
"26210","21339","213",478
"26211","38543","385",613
"26212","87671","876",1166
"26213","29367","293",727
"26214","38239","382",617
"26215","89426","894",323
"26216","99846","998",1169
"26217","91611","916",883
"26218","97437","974",1018
"26219","21403","214",471
"26220","87459","874",1136
"26221","87657","876",1166
"26222","29549","295",725
"26223","78655","786",262
"26224","65812","658",361
"26225","35586","355",574
"26226","78176","781",273
"26227","78658","786",262
"26228","79807","798",484
"26229","64665","646",1100
"26230","76709","767",1114
"26231","69514","695",173
"26232","78661","786",262
"26233","75331","753",1121
"26234","69121","691",187
"26235","78594","785",265
"26236","61184","611",962
"26237","64397","643",1035
"26238","60386","603",62
"26239","27729","277",920
"26240","75038","750",1131
"26241","64405","644",1032
"26242","35110","351",583
"26243","63456","634",1164
"26244","27305","273",925
"26245","63486","634",1164
"26246","74934","749",964
"26247","25719","257",834
"26248","33014","330",513
"26249","63683","636",1161
"26250","71065","710",78
"26251","64750","647",1099
"26252","31715","317",671
"26253","63937","639",1152
"26254","74366","743",929
"26255","31688","316",675
"26256","31840","318",665
"26257","70794","707",4
"26258","74177","741",941
"26259","63840","638",1156
"26260","31626","316",677
"26261","34396","343",412
"26262","63633","636",1161
"26263","31860","318",665
"26264","25596","255",846
"26265","74255","742",934
"26266","34633","346",406
"26267","31542","315",678
"26268","74740","747",967
"26269","72584","725",70
"26270","21683","216",529
"26271","73249","732",971
"26272","29693","296",724
"26273","30890","308",600
"26274","27419","274",923
"26275","97836","978",1077
"26276","85132","851",1005
"26277","91795","917",879
"26278","06567","065",683
"26279","82299","822",19
"26280","96257","962",57
"26281","99625","996",1141
"26282","39164","391",713
"26283","82205","822",19
"26284","82402","824",16
"26285","82347","823",17
"26286","90610","906",751
"26287","85110","851",1005
"26288","82275","822",19
"26289","07330","073",747
"26290","06469","064",687
"26291","92334","923",851
"26292","86736","867",982
"26293","29575","295",725
"26294","97483","974",1018
"26295","21354","213",478
"26296","29584","295",725
"26297","91590","915",889
"26298","86486","864",943
"26299","86869","868",981
"26300","96184","961",58
"26301","96194","961",58
"26302","29413","294",726
"26303","86859","868",981
"26304","86987","869",980
"26305","90556","905",756
"26306","38474","384",614
"26307","86511","865",990
"26308","29410","294",726
"26309","82442","824",13
"26310","86643","866",988
"26311","91807","918",875
"26312","96123","961",58
"26313","86554","865",996
"26314","86666","866",988
"26315","91330","913",895
"26316","86551","865",996
"26317","91094","910",900
"26318","65594","655",307
"26319","49176","491",654
"26320","77756","777",397
"26321","57392","573",169
"26322","76877","768",1109
"26323","55120","551",445
"26324","26135","261",800
"26325","79848","798",482
"26326","67363","673",463
"26327","79843","798",482
"26328","27798","277",919
"26329","35690","356",572
"26330","76777","767",1111
"26331","67374","673",463
"26332","76344","763",1047
"26333","61479","614",1028
"26334","67354","673",463
"26335","74749","747",967
"26336","71573","715",118
"26337","73269","732",971
"26338","24890","248",531
"26339","88525","885",1068
"26340","34320","343",414
"26341","73349","733",1043
"26342","21643","216",528
"26343","24809","248",531
"26344","36211","362",560
"26345","94116","941",1175
"26346","01640","016",806
"26347","94151","941",1175
"26348","94107","941",1175
"26349","01734","017",804
"26350","17335","173",718
"26351","17309","173",718
"26352","17459","174",716
"26353","01477","014",809
"26354","33428","334",505
"26355","78148","781",273
"26356","55257","552",442
"26357","76530","765",1044
"26358","26125","261",800
"26359","25946","259",827
"26360","76187","761",1056
"26361","72275","722",76
"26362","78126","781",273
"26363","67346","673",463
"26364","76661","766",1115
"26365","79677","796",492
"26366","77731","777",397
"26367","79211","792",502
"26368","67691","676",451
"26369","55218","552",442
"26370","48361","483",202
"26371","01917","019",853
"26372","17329","173",718
"26373","03048","030",908
"26374","03052","030",908
"26375","02829","028",767
"26376","02826","028",767
"26377","85305","853",1000
"26378","82166","821",20
"26379","19063","190",766
"26380","99518","995",1145
"26381","06317","063",688
"26382","80939","809",814
"26383","85354","853",999
"26384","06618","066",681
"26385","93309","933",51
"26386","92277","922",852
"26387","92366","923",851
"26388","85586","855",1057
"26389","85560","855",1057
"26390","59348","593",223
"26391","48366","483",199
"26392","66901","669",297
"26393","48485","484",197
"26394","56299","562",365
"26395","58454","584",106
"26396","45279","452",159
"26397","49835","498",638
"26398","45886","458",189
"26399","56856","568",425
"26400","53604","536",341
"26401","66885","668",302
"26402","48308","483",199
"26403","79588","795",495
"26404","55569","555",433
"26405","90562","905",758
"26406","29462","294",726
"26407","99098","990",1158
"26408","96167","961",58
"26409","90475","904",760
"26410","96224","962",57
"26411","90592","905",755
"26412","98743","987",1013
"26413","96355","963",56
"26414","86564","865",996
"26415","82541","825",12
"26416","84101","841",46
"26417","06217","062",690
"26418","16949","169",869
"26419","95632","956",143
"26420","84095","840",47
"26421","92708","927",835
"26422","39539","395",705
"26423","07973","079",739
"26424","84432","844",81
"26425","92536","925",847
"26426","04420","044",865
"26427","18292","182",698
"26428","93087","930",28
"26429","93101","931",54
"26430","94348","943",26
"26431","84163","841",45
"26432","94344","943",26
"26433","08371","083",733
"26434","04567","045",862
"26435","93464","934",50
"26436","04651","046",861
"26437","83313","833",133
"26438","04828","048",858
"26439","04687","046",861
"26440","84333","843",83
"26441","14669","146",774
"26442","94267","942",27
"26443","06925","069",664
"26444","83410","834",132
"26445","83471","834",132
"26446","16775","167",873
"26447","94557","945",21
"26448","04758","047",859
"26449","14055","140",783
"26450","17034","170",723
"26451","13159","131",826
"26452","18551","185",695
"26453","35614","356",571
"26454","68307","683",394
"26455","68169","681",401
"26456","35510","355",575
"26457","32339","323",626
"26458","72172","721",33
"26459","64673","646",1100
"26460","32278","322",627
"26461","69221","692",184
"26462","75180","751",1128
"26463","28197","281",904
"26464","69242","692",179
"26465","28259","282",903
"26466","75248","752",1124
"26467","72355","723",74
"26468","28857","288",894
"26469","75382","753",1121
"26470","69245","692",182
"26471","69259","692",185
"26472","64407","644",1032
"26473","32425","324",625
"26474","35288","352",580
"26475","63667","636",1161
"26476","75050","750",1131
"26477","31592","315",679
"26478","63543","635",1163
"26479","74912","749",964
"26480","72076","720",40
"26481","34471","344",409
"26482","63853","638",1156
"26483","74078","740",942
"26484","63785","637",1159
"26485","88639","886",1064
"26486","74206","742",936
"26487","74348","743",929
"26488","72827","728",65
"26489","25712","257",834
"26490","74172","741",941
"26491","74074","740",942
"26492","31553","315",678
"26493","74743","747",967
"26494","25584","255",846
"26495","72660","726",67
"26496","21522","215",465
"26497","99894","998",1169
"26498","87660","876",1166
"26499","86877","868",981
"26500","98646","986",1016
"26501","89434","894",323
"26502","38875","388",606
"26503","38442","384",614
"26504","96176","961",58
"26505","23758","237",566
"26506","29571","295",725
"26507","23923","239",589
"26508","86984","869",980
"26509","91350","913",895
"26510","99189","991",1154
"26511","86940","869",980
"26512","82389","823",17
"26513","96146","961",58
"26514","23779","237",566
"26515","23936","239",589
"26516","90427","904",760
"26517","29487","294",726
"26518","79576","795",495
"26519","66969","669",298
"26520","56112","561",381
"26521","26849","268",784
"26522","48165","481",206
"26523","56077","560",385
"26524","59427","594",222
"26525","55590","555",433
"26526","79410","794",496
"26527","56204","562",367
"26528","79692","796",492
"26529","58802","588",101
"26530","79279","792",502
"26531","73114","731",975
"26532","30880","308",599
"26533","37284","372",636
"26534","89134","891",332
"26535","73340","733",1043
"26536","24351","243",546
"26537","37176","371",637
"26538","21075","210",493
"26539","24558","245",540
"26540","89174","891",332
"26541","89171","891",332
"26542","89551","895",320
"26543","87547","875",1135
"26544","23826","238",591
"26545","91616","916",883
"26546","38685","386",610
"26547","91593","915",892
"26548","89441","894",323
"26549","97511","975",1089
"26550","89355","893",325
"26551","52080","520",1027
"26552","54611","546",290
"26553","40667","406",1063
"26554","53902","539",330
"26555","46354","463",95
"26556","49849","498",638
"26557","50935","509",955
"26558","53359","533",292
"26559","46240","462",98
"26560","45964","459",188
"26561","51381","513",1148
"26562","56841","568",424
"26563","74214","742",934
"26564","24873","248",531
"26565","25578","255",846
"26566","37640","376",631
"26567","37620","376",631
"26568","89611","896",316
"26569","73110","731",972
"26570","89150","891",332
"26571","36088","360",563
"26572","73098","730",978
"26573","47551","475",212
"26574","52477","524",1095
"26575","52382","523",1023
"26576","47506","475",211
"26577","54647","546",288
"26578","54316","543",244
"26579","47139","471",215
"26580","50259","502",961
"26581","40599","405",1066
"26582","45475","454",157
"26583","50739","507",957
"26584","66636","666",249
"26585","66117","661",260
"26586","50968","509",954
"26587","56825","568",425
"26588","53125","531",294
"26589","48720","487",191
"26590","79822","798",482
"26591","35759","357",570
"26592","76437","764",1045
"26593","49143","491",654
"26594","79790","797",488
"26595","76764","767",1111
"26596","35684","356",572
"26597","76189","761",1056
"26598","67365","673",463
"26599","27801","278",916
"26600","59602","596",220
"26601","67117","671",476
"26602","66862","668",303
"26603","55596","555",433
"26604","67732","677",447
"26605","79429","794",496
"26606","56349","563",357
"26607","67697","676",451
"26608","49497","494",644
"26609","49536","495",643
"26610","67728","677",450
"26611","59469","594",222
"26612","65582","655",307
"26613","65626","656",375
"26614","59519","595",221
"26615","59823","598",218
"26616","57234","572",170
"26617","77787","777",397
"26618","67157","671",476
"26619","26903","269",779
"26620","26465","264",793
"26621","66504","665",252
"26622","56323","563",354
"26623","58515","585",105
"26624","48159","481",206
"26625","56743","567",346
"26626","55776","557",514
"26627","56751","567",346
"26628","24783","247",534
"26629","73054","730",978
"26630","73113","731",977
"26631","36277","362",560
"26632","37120","371",637
"26633","30629","306",602
"26634","29649","296",724
"26635","88260","882",1078
"26636","31137","311",662
"26637","37075","370",639
"26638","97657","976",1082
"26639","73434","734",1042
"26640","97647","976",1082
"26641","23812","238",591
"26642","73433","734",1042
"26643","97534","975",1085
"26644","89520","895",320
"26645","87779","877",1165
"26646","87752","877",1165
"26647","89567","895",320
"26648","89428","894",323
"26649","98639","986",1016
"26650","89358","893",325
"26651","24238","242",550
"26652","86735","867",982
"26653","96160","961",58
"26654","89365","893",325
"26655","87742","877",1165
"26656","91463","914",893
"26657","38114","381",618
"26658","32361","323",626
"26659","33154","331",511
"26660","35585","355",574
"26661","64683","646",1100
"26662","78662","786",262
"26663","75196","751",1129
"26664","75045","750",1131
"26665","33161","331",511
"26666","69469","694",176
"26667","28719","287",896
"26668","27616","276",921
"26669","61118","611",962
"26670","33175","331",511
"26671","61206","612",1031
"26672","27245","272",926
"26673","63150","631",1105
"26674","32429","324",625
"26675","32547","325",624
"26676","64853","648",1098
"26677","31595","315",679
"26678","25774","257",834
"26679","71106","711",126
"26680","27412","274",923
"26681","71739","717",110
"26682","74252","742",935
"26683","35279","352",580
"26684","63679","636",1161
"26685","25866","258",830
"26686","31719","317",671
"26687","25785","257",834
"26688","63768","637",1160
"26689","71640","716",116
"26690","63857","638",1156
"26691","71332","713",122
"26692","31867","318",665
"26693","74736","747",967
"26694","73230","732",971
"26695","91459","914",893
"26696","91622","916",883
"26697","38162","381",618
"26698","38319","383",615
"26699","38165","381",618
"26700","29389","293",727
"26701","91737","917",878
"26702","91586","915",889
"26703","86685","866",988
"26704","96188","961",58
"26705","86485","864",948
"26706","99100","991",1154
"26707","86925","869",980
"26708","96190","961",58
"26709","86507","865",989
"26710","86179","861",953
"26711","91336","913",895
"26712","24867","248",531
"26713","73262","732",971
"26714","36364","363",559
"26715","34327","343",414
"26716","24819","248",531
"26717","73101","731",972
"26718","21646","216",528
"26719","73087","730",978
"26720","34286","342",421
"26721","73344","733",1043
"26722","97854","978",1077
"26723","25336","253",850
"26724","97959","979",1072
"26725","92348","923",851
"26726","85077","850",1009
"26727","85391","853",1001
"26728","85386","853",999
"26729","06638","066",682
"26730","95233","952",92
"26731","85579","855",1058
"26732","85414","854",1060
"26733","92237","922",852
"26734","83703","837",128
"26735","06198","061",692
"26736","95686","956",143
"26737","84091","840",49
"26738","83737","837",128
"26739","85368","853",1003
"26740","92286","922",852
"26741","39590","395",705
"26742","93161","931",53
"26743","06258","062",690
"26744","83075","830",87
"26745","85659","856",1055
"26746","84098","840",49
"26747","83558","835",131
"26748","83527","835",131
"26749","83131","831",84
"26750","14728","147",773
"26751","04639","046",860
"26752","04275","042",868
"26753","08115","081",737
"26754","08147","081",737
"26755","14797","147",772
"26756","92557","925",847
"26757","84550","845",79
"26758","08315","083",732
"26759","09224","092",1130
"26760","83413","834",132
"26761","93476","934",50
"26762","94447","944",23
"26763","09484","094",1123
"26764","94486","944",23
"26765","17109","171",722
"26766","18516","185",694
"26767","94501","945",22
"26768","14482","144",777
"26769","94551","945",22
"26770","94137","941",1171
"26771","09514","095",1119
"26772","18574","185",695
"26773","09618","096",1116
"26774","94169","941",1175
"26775","17036","170",723
"26776","94481","944",25
"26777","99099","990",1158
"26778","86495","864",946
"26779","82418","824",13
"26780","86701","867",984
"26781","19075","190",766
"26782","91355","913",895
"26783","95359","953",156
"26784","06571","065",683
"26785","82110","821",20
"26786","29491","294",726
"26787","91242","912",897
"26788","01833","018",856
"26789","01906","019",853
"26790","03149","031",906
"26791","02727","027",768
"26792","94121","941",1175
"26793","94545","945",22
"26794","03238","032",905
"26795","01468","014",809
"26796","17389","173",718
"26797","01945","019",853
"26798","49844","498",638
"26799","49832","498",638
"26800","95100","951",93
"26801","06686","066",681
"26802","83109","831",86
"26803","95186","951",93
"26804","92703","927",837
"26805","84088","840",49
"26806","83115","831",84
"26807","06766","067",674
"26808","18184","181",699
"26809","84419","844",81
"26810","92436","924",849
"26811","04442","044",864
"26812","06774","067",674
"26813","84109","841",45
"26814","84573","845",80
"26815","08066","080",738
"26816","84177","841",45
"26817","14823","148",771
"26818","94363","943",26
"26819","04680","046",861
"26820","09353","093",1126
"26821","08359","083",732
"26822","16816","168",871
"26823","16831","168",871
"26824","94374","943",26
"26825","94505","945",21
"26826","09235","092",1130
"26827","93458","934",50
"26828","94533","945",21
"26829","17217","172",720
"26830","14612","146",774
"26831","13593","135",820
"26832","13589","135",820
"26833","18556","185",695
"26834","94258","942",27
"26835","94081","940",1176
"26836","13509","135",820
"26837","94513","945",22
"26838","12207","122",524
"26839","15938","159",907
"26840","12529","125",521
"26841","95326","953",156
"26842","85221","852",1004
"26843","95512","955",147
"26844","92367","923",851
"26845","93336","933",51
"26846","07743","077",742
"26847","95448","954",154
"26848","39221","392",710
"26849","19374","193",763
"26850","84048","840",49
"26851","18225","182",698
"26852","92249","922",852
"26853","85665","856",1052
"26854","85419","854",1060
"26855","85435","854",1060
"26856","86570","865",996
"26857","86529","865",996
"26858","82481","824",13
"26859","82343","823",17
"26860","85051","850",1009
"26861","25938","259",828
"26862","68642","686",388
"26863","78086","780",275
"26864","49453","494",645
"26865","61273","612",1030
"26866","75389","753",1121
"26867","72160","721",33
"26868","65934","659",353
"26869","33719","337",554
"26870","60489","604",61
"26871","35094","350",586
"26872","27619","276",921
"26873","60437","604",61
"26874","69198","691",187
"26875","75173","751",1128
"26876","69168","691",186
"26877","27721","277",920
"26878","75056","750",1131
"26879","78592","785",265
"26880","71120","711",126
"26881","35114","351",583
"26882","64760","647",1099
"26883","78256","782",270
"26884","32423","324",625
"26885","63450","634",1164
"26886","74921","749",964
"26887","71034","710",78
"26888","71093","710",78
"26889","31691","316",675
"26890","63699","636",1161
"26891","72124","721",36
"26892","31749","317",670
"26893","27324","273",925
"26894","88630","886",1064
"26895","74722","747",967
"26896","34379","343",412
"26897","34388","343",412
"26898","63637","636",1161
"26899","74746","747",967
"26900","36093","360",563
"26901","73079","730",978
"26902","21629","216",528
"26903","97267","972",1020
"26904","74429","744",970
"26905","25499","254",848
"26906","97204","972",1020
"26907","97262","972",1020
"26908","97502","975",1087
"26909","73432","734",1042
"26910","91625","916",883
"26911","22885","228",456
"26912","24148","241",557
"26913","87730","877",1165
"26914","87463","874",1136
"26915","23867","238",591
"26916","23795","237",565
"26917","38176","381",618
"26918","38539","385",613
"26919","91613","916",883
"26920","97499","974",1018
"26921","29369","293",727
"26922","89435","894",323
"26923","99759","997",1170
"26924","91725","917",878
"26925","86871","868",981
"26926","38550","385",613
"26927","23556","235",569
"26928","86733","867",982
"26929","91462","914",893
"26930","98528","985",959
"26931","87645","876",1166
"26932","96191","961",58
"26933","29597","295",725
"26934","29499","294",726
"26935","19260","192",765
"26936","86943","869",980
"26937","86316","863",952
"26938","38486","384",614
"26939","82435","824",13
"26940","82272","822",19
"26941","01689","016",806
"26942","16356","163",880
"26943","15745","157",912
"26944","16225","162",888
"26945","94145","941",1175
"26946","01189","011",812
"26947","15528","155",913
"26948","01825","018",856
"26949","01819","018",856
"26950","34277","342",419
"26951","88527","885",1068
"26952","34346","343",412
"26953","97941","979",1072
"26954","37635","376",631
"26955","29643","296",724
"26956","88287","882",1078
"26957","88131","881",1080
"26958","15306","153",914
"26959","02625","026",769
"26960","15295","152",915
"26961","02791","027",768
"26962","41169","411",285
"26963","54439","544",240
"26964","47877","478",208
"26965","46399","463",96
"26966","54308","543",244
"26967","54427","544",241
"26968","50769","507",957
"26969","66839","668",301
"26970","45481","454",157
"26971","40627","406",1062
"26972","54349","543",247
"26973","46286","462",98
"26974","45966","459",188
"26975","51377","513",1148
"26976","45899","458",189
"26977","66280","662",259
"26978","44225","442",339
"26979","48161","481",206
"26980","58579","585",105
"26981","26434","264",792
"26982","49610","496",642
"26983","57078","570",172
"26984","49078","490",658
"26985","49596","495",643
"26986","48336","483",202
"26987","55435","554",436
"26988","65347","653",309
"26989","57271","572",170
"26990","79725","797",488
"26991","67473","674",460
"26992","56182","561",382
"26993","56322","563",354
"26994","26670","266",788
"26995","59077","590",227
"26996","79238","792",502
"26997","49586","495",643
"26998","56377","563",354
"26999","55624","556",430
"27000","44894","448",417
"27001","53804","538",335
"27002","56295","562",365
"27003","58313","583",109
"27004","53577","535",345
"27005","55619","556",429
"27006","51145","511",1096
"27007","66606","666",249
"27008","66564","665",250
"27009","56812","568",425
"27010","42279","422",232
"27011","48488","484",197
"27012","42897","428",274
"27013","65614","656",377
"27014","59505","595",221
"27015","26939","269",781
"27016","95145","951",93
"27017","08538","085",730
"27018","92700","927",835
"27019","19386","193",763
"27020","93352","933",51
"27021","18109","181",701
"27022","95199","951",93
"27023","84061","840",49
"27024","08529","085",730
"27025","93093","930",28
"27026","08645","086",729
"27027","08428","084",731
"27028","92648","926",843
"27029","93104","931",55
"27030","08496","084",731
"27031","84152","841",45
"27032","83224","832",135
"27033","84562","845",80
"27034","18375","183",697
"27035","08134","081",737
"27036","84577","845",79
"27037","09356","093",1126
"27038","94372","943",26
"27039","84552","845",79
"27040","94366","943",26
"27041","04889","048",858
"27042","84378","843",83
"27043","83416","834",132
"27044","04746","047",859
"27045","14621","146",774
"27046","09488","094",1123
"27047","14471","144",777
"27048","94255","942",27
"27049","93462","934",50
"27050","94166","941",1171
"27051","04749","047",859
"27052","17089","170",723
"27053","17033","170",723
"27054","94072","940",1176
"27055","13507","135",820
"27056","09634","096",1116
"27057","01665","016",806
"27058","94160","941",1175
"27059","91238","912",897
"27060","92339","923",851
"27061","82061","820",1167
"27062","82049","820",1167
"27063","07366","073",747
"27064","95356","953",156
"27065","93349","933",51
"27066","95502","955",148
"27067","06636","066",682
"27068","95509","955",148
"27069","83666","836",129
"27070","85649","856",1052
"27071","83627","836",129
"27072","95519","955",149
"27073","18236","182",698
"27074","06193","061",692
"27075","07927","079",739
"27076","06255","062",690
"27077","93326","933",51
"27078","07639","076",744
"27079","07586","075",745
"27080","83052","830",87
"27081","17291","172",721
"27082","15711","157",912
"27083","01458","014",809
"27084","15864","158",910
"27085","17326","173",718
"27086","02742","027",768
"27087","55494","554",435
"27088","67748","677",449
"27089","79346","793",501
"27090","79112","791",506
"27091","67699","676",451
"27092","59067","590",227
"27093","79244","792",502
"27094","77955","779",390
"27095","79276","792",502
"27096","41179","411",285
"27097","66706","667",305
"27098","47661","476",210
"27099","50181","501",928
"27100","46487","464",94
"27101","52391","523",1023
"27102","41569","415",321
"27103","48691","486",193
"27104","66809","668",301
"27105","54534","545",234
"27106","50859","508",956
"27107","50858","508",956
"27108","40595","405",1066
"27109","46284","462",98
"27110","42699","426",280
"27111","66121","661",260
"27112","56746","567",348
"27113","53343","533",292
"27114","51688","516",1140
"27115","53809","538",335
"27116","56588","565",350
"27117","66892","668",303
"27118","26607","266",788
"27119","53842","538",334
"27120","42117","421",233
"27121","55768","557",514
"27122","42369","423",230
"27123","45657","456",153
"27124","45739","457",144
"27125","42289","422",232
"27126","53619","536",341
"27127","49770","497",641
"27128","39359","393",708
"27129","86919","869",980
"27130","82449","824",13
"27131","82407","824",16
"27132","90482","904",760
"27133","96515","965",88
"27134","38828","388",606
"27135","90473","904",760
"27136","96524","965",88
"27137","90542","905",758
"27138","86571","865",996
"27139","86561","865",996
"27140","85117","851",1005
"27141","91286","912",897
"27142","79802","798",485
"27143","64579","645",1101
"27144","27572","275",922
"27145","34508","345",408
"27146","78609","786",262
"27147","69502","695",173
"27148","69190","691",186
"27149","63329","633",1103
"27150","27751","277",919
"27151","75228","752",1124
"27152","64287","642",1037
"27153","78549","785",265
"27154","32105","321",628
"27155","21765","217",525
"27156","69518","695",173
"27157","75057","750",1131
"27158","71134","711",126
"27159","75395","753",1121
"27160","72149","721",34
"27161","27432","274",923
"27162","25813","258",830
"27163","74363","743",929
"27164","70839","708",1
"27165","63814","638",1157
"27166","27446","274",923
"27167","74226","742",932
"27168","31707","317",670
"27169","71144","711",127
"27170","25876","258",830
"27171","34311","343",410
"27172","72667","726",67
"27173","63933","639",1151
"27174","72800","728",63
"27175","72585","725",70
"27176","63872","638",1156
"27177","63846","638",1156
"27178","72661","726",67
"27179","34281","342",419
"27180","72581","725",70
"27181","71570","715",118
"27182","97834","978",1077
"27183","21647","216",528
"27184","36282","362",560
"27185","24790","247",534
"27186","97769","977",1079
"27187","97780","977",1079
"27188","97776","977",1079
"27189","24796","247",534
"27190","24632","246",536
"27191","21256","212",487
"27192","74572","745",969
"27193","36169","361",561
"27194","97450","974",1018
"27195","29352","293",727
"27196","97659","976",1082
"27197","87561","875",1135
"27198","73463","734",1042
"27199","91608","916",883
"27200","73441","734",1042
"27201","21358","213",478
"27202","91596","915",889
"27203","21481","214",475
"27204","29525","295",725
"27205","86473","864",943
"27206","29399","293",727
"27207","38835","388",606
"27208","29591","295",725
"27209","23611","236",568
"27210","87672","876",1166
"27211","23564","235",569
"27212","86199","861",953
"27213","86944","869",980
"27214","90513","905",756
"27215","82488","824",13
"27216","99631","996",1141
"27217","39356","393",708
"27218","07426","074",746
"27219","99096","990",1158
"27220","77886","778",392
"27221","77728","777",397
"27222","49214","492",651
"27223","57339","573",169
"27224","78098","780",277
"27225","76767","767",1111
"27226","67361","673",463
"27227","76461","764",1045
"27228","33449","334",503
"27229","32351","323",626
"27230","67376","673",463
"27231","79780","797",488
"27232","67547","675",455
"27233","65439","654",308
"27234","64560","645",1101
"27235","77948","779",390
"27236","56414","564",352
"27237","79252","792",502
"27238","26452","264",792
"27239","57076","570",172
"27240","65399","653",309
"27241","49086","490",658
"27242","36381","363",559
"27243","72587","725",70
"27244","73614","736",1039
"27245","25358","253",850
"27246","73275","732",971
"27247","21640","216",528
"27248","73660","736",1039
"27249","73655","736",1039
"27250","73099","730",979
"27251","37633","376",631
"27252","29699","296",724
"27253","24891","248",531
"27254","21255","212",487
"27255","24808","248",531
"27256","92263","922",852
"27257","39261","392",711
"27258","07549","075",745
"27259","08525","085",730
"27260","92706","927",835
"27261","84186","841",45
"27262","18146","181",701
"27263","93149","931",53
"27264","83122","831",84
"27265","84144","841",45
"27266","08499","084",731
"27267","08223","082",735
"27268","84100","841",45
"27269","95671","956",143
"27270","84183","841",45
"27271","04600","046",860
"27272","94369","943",26
"27273","94339","943",26
"27274","83342","833",133
"27275","83339","833",133
"27276","93489","934",50
"27277","17139","171",722
"27278","94360","943",26
"27279","08280","082",736
"27280","94569","945",21
"27281","83451","834",132
"27282","09119","091",1132
"27283","94554","945",21
"27284","09477","094",1123
"27285","14943","149",770
"27286","13591","135",820
"27287","94252","942",27
"27288","01683","016",806
"27289","13629","136",819
"27290","09629","096",1116
"27291","61250","612",1030
"27292","76228","762",1048
"27293","76229","762",1048
"27294","64653","646",1100
"27295","60549","605",60
"27296","28816","288",894
"27297","35112","351",581
"27298","75399","753",1121
"27299","35066","350",587
"27300","72184","721",33
"27301","75249","752",1124
"27302","78259","782",270
"27303","69483","694",178
"27304","78585","785",265
"27305","74933","749",964
"27306","35325","353",578
"27307","78343","783",267
"27308","74389","743",929
"27309","25693","256",845
"27310","88605","886",1064
"27311","72147","721",35
"27312","31619","316",677
"27313","64754","647",1099
"27314","72127","721",36
"27315","31708","317",670
"27316","31693","316",675
"27317","25878","258",830
"27318","34599","345",407
"27319","70619","706",7
"27320","74360","743",929
"27321","74861","748",966
"27322","63599","635",1163
"27323","25594","255",846
"27324","73732","737",1038
"27325","72669","726",67
"27326","88677","886",1064
"27327","71384","713",122
"27328","71404","714",121
"27329","37697","376",631
"27330","88289","882",1078
"27331","31073","310",663
"27332","97237","972",1020
"27333","30177","301",596
"27334","24360","243",546
"27335","97261","972",1020
"27336","73486","734",1042
"27337","97222","972",1020
"27338","97285","972",1020
"27339","89185","891",332
"27340","97078","970",1024
"27341","99837","998",1169
"27342","97076","970",1024
"27343","89183","891",332
"27344","97230","972",1020
"27345","89269","892",327
"27346","97729","977",1079
"27347","21388","213",478
"27348","91587","915",891
"27349","89284","892",327
"27350","37339","373",635
"27351","97346","973",1019
"27352","38678","386",610
"27353","87755","877",1165
"27354","97447","974",1018
"27355","22965","229",453
"27356","87776","877",1165
"27357","97488","974",1018
"27358","97503","975",1085
"27359","91598","915",889
"27360","87769","877",1165
"27361","29393","293",727
"27362","21483","214",475
"27363","91572","915",889
"27364","97528","975",1093
"27365","98553","985",959
"27366","87656","876",1166
"27367","96193","961",58
"27368","23562","235",569
"27369","86709","867",987
"27370","23683","236",568
"27371","96120","961",58
"27372","96135","961",58
"27373","96103","961",58
"27374","90587","905",756
"27375","96274","962",57
"27376","86978","869",980
"27377","82467","824",13
"27378","86153","861",953
"27379","23942","239",589
"27380","38379","383",616
"27381","90547","905",756
"27382","86438","864",945
"27383","86935","869",980
"27384","99195","991",1154
"27385","82297","822",19
"27386","86922","869",980
"27387","41749","417",314
"27388","41065","410",286
"27389","41363","413",282
"27390","47802","478",208
"27391","54585","545",235
"27392","47809","478",208
"27393","54343","543",245
"27394","54341","543",245
"27395","47057","470",217
"27396","46049","460",100
"27397","54524","545",234
"27398","45473","454",157
"27399","42697","426",280
"27400","51061","510",1097
"27401","66125","661",260
"27402","48527","485",196
"27403","53508","535",343
"27404","51109","511",1096
"27405","34246","342",420
"27406","24944","249",564
"27407","24975","249",564
"27408","74535","745",969
"27409","25593","255",846
"27410","97737","977",1079
"27411","97944","979",1072
"27412","74420","744",970
"27413","37216","372",636
"27414","95488","954",154
"27415","19300","193",762
"27416","81241","812",44
"27417","39326","393",708
"27418","95131","951",93
"27419","19089","190",766
"27420","81547","815",41
"27421","81549","815",41
"27422","06628","066",681
"27423","83607","836",129
"27424","85774","857",1049
"27425","81739","817",32
"27426","92655","926",841
"27427","83707","837",128
"27428","06249","062",690
"27429","93176","931",53
"27430","92284","922",852
"27431","85604","856",1052
"27432","39596","395",705
"27433","57635","576",161
"27434","44263","442",339
"27435","49774","497",641
"27436","66919","669",296
"27437","57258","572",171
"27438","79350","793",501
"27439","67814","678",518
"27440","77836","778",392
"27441","57299","572",170
"27442","65623","656",373
"27443","65345","653",309
"27444","26386","263",797
"27445","58540","585",105
"27446","79295","792",502
"27447","67718","677",446
"27448","77975","779",390
"27449","79232","792",502
"27450","59065","590",227
"27451","57482","574",168
"27452","65552","655",307
"27453","79871","798",482
"27454","35686","356",572
"27455","72270","722",76
"27456","65529","655",307
"27457","67240","672",469
"27458","76351","763",1047
"27459","76133","761",1056
"27460","51469","514",1146
"27461","48465","484",197
"27462","42111","421",233
"27463","66540","665",250
"27464","42119","421",233
"27465","26907","269",780
"27466","53639","536",341
"27467","42287","422",232
"27468","56821","568",425
"27469","53579","535",345
"27470","58256","582",112
"27471","55756","557",515
"27472","96465","964",89
"27473","82266","822",19
"27474","82281","822",19
"27475","07427","074",746
"27476","06463","064",687
"27477","06449","064",687
"27478","09544","095",1119
"27479","18586","185",695
"27480","01471","014",809
"27481","17379","173",718
"27482","01109","011",813
"27483","01239","012",811
"27484","01993","019",853
"27485","01816","018",856
"27486","17373","173",718
"27487","01824","018",856
"27488","03096","030",908
"27489","03119","031",906
"27490","02699","026",769
"27491","16307","163",881
"27492","03050","030",908
"27493","02747","027",768
"27494","47509","475",211
"27495","54589","545",235
"27496","54655","546",288
"27497","47447","474",213
"27498","46117","461",99
"27499","46119","461",99
"27500","40699","406",1062
"27501","46282","462",98
"27502","45359","453",158
"27503","51371","513",1148
"27504","54497","544",242
"27505","51103","511",1096
"27506","66129","661",260
"27507","85131","851",1005
"27508","90571","905",758
"27509","07422","074",746
"27510","82327","823",17
"27511","29494","294",726
"27512","06343","063",688
"27513","82140","821",20
"27514","19069","190",766
"27515","83661","836",129
"27516","56581","565",350
"27517","58097","580",120
"27518","51588","515",1142
"27519","66507","665",253
"27520","59394","593",223
"27521","56333","563",355
"27522","88263","882",1078
"27523","25585","255",846
"27524","88361","883",1074
"27525","36275","362",560
"27526","21644","216",528
"27527","71566","715",118
"27528","30989","309",597
"27529","21641","216",528
"27530","36148","361",561
"27531","77889","778",392
"27532","65195","651",311
"27533","65618","656",378
"27534","76287","762",1048
"27535","55283","552",443
"27536","67105","671",476
"27537","65719","657",371
"27538","76199","761",1056
"27539","76137","761",1056
"27540","44319","443",336
"27541","58642","586",104
"27542","57610","576",161
"27543","48157","481",206
"27544","79369","793",501
"27545","67700","677",447
"27546","57577","575",167
"27547","79227","792",502
"27548","79585","795",495
"27549","79359","793",501
"27550","55487","554",435
"27551","53557","535",344
"27552","44359","443",336
"27553","44357","443",336
"27554","53489","534",291
"27555","56820","568",425
"27556","85459","854",1060
"27557","85669","856",1055
"27558","92690","926",841
"27559","95195","951",93
"27560","93345","933",51
"27561","06110","061",692
"27562","95704","957",138
"27563","06385","063",689
"27564","92253","922",852
"27565","84085","840",49
"27566","84424","844",81
"27567","06679","066",681
"27568","84097","840",49
"27569","83561","835",131
"27570","18273","182",698
"27571","92660","926",841
"27572","92699","926",843
"27573","83549","835",131
"27574","93089","930",28
"27575","83229","832",135
"27576","93090","930",28
"27577","08258","082",735
"27578","06785","067",674
"27579","06869","068",669
"27580","93179","931",53
"27581","83119","831",85
"27582","06773","067",674
"27583","93194","931",53
"27584","18337","183",697
"27585","84574","845",79
"27586","92554","925",847
"27587","08304","083",732
"27588","04425","044",866
"27589","84570","845",79
"27590","84518","845",79
"27591","83368","833",133
"27592","93455","934",50
"27593","83374","833",133
"27594","84556","845",79
"27595","94436","944",23
"27596","18461","184",696
"27597","94563","945",21
"27598","18442","184",696
"27599","83435","834",132
"27600","09114","091",1132
"27601","04736","047",859
"27602","18507","185",694
"27603","84385","843",83
"27604","14959","149",770
"27605","09579","095",1119
"27606","13405","134",822
"27607","17391","173",718
"27608","12309","123",523
"27609","07349","073",747
"27610","96367","963",56
"27611","95355","953",156
"27612","19079","190",766
"27613","81475","814",42
"27614","39629","396",704
"27615","29493","294",726
"27616","95473","954",154
"27617","91275","912",897
"27618","80933","809",814
"27619","23992","239",589
"27620","82054","820",1167
"27621","95517","955",151
"27622","07924","079",739
"27623","85652","856",1054
"27624","18246","182",698
"27625","07607","076",744
"27626","93152","931",53
"27627","88099","880",1084
"27628","30851","308",601
"27629","88447","884",1071
"27630","74673","746",968
"27631","31061","310",663
"27632","36157","361",561
"27633","22869","228",458
"27634","97244","972",1020
"27635","97299","972",1020
"27636","97282","972",1020
"27637","88416","884",1071
"27638","73453","734",1042
"27639","73540","735",1041
"27640","74585","745",969
"27641","97199","971",1022
"27642","21272","212",487
"27643","87740","877",1165
"27644","91635","916",883
"27645","24253","242",550
"27646","29353","293",727
"27647","29578","295",725
"27648","89367","893",325
"27649","21386","213",478
"27650","24256","242",550
"27651","21357","213",478
"27652","91634","916",884
"27653","21526","215",466
"27654","23858","238",591
"27655","29365","293",727
"27656","38640","386",612
"27657","23715","237",566
"27658","91604","916",883
"27659","32139","321",629
"27660","68775","687",386
"27661","78727","787",261
"27662","78736","787",261
"27663","35117","351",582
"27664","72189","721",33
"27665","33106","331",511
"27666","72218","722",76
"27667","35392","353",577
"27668","78669","786",264
"27669","27251","272",926
"27670","35415","354",576
"27671","60599","605",60
"27672","34497","344",409
"27673","72359","723",74
"27674","75443","754",1117
"27675","71083","710",77
"27676","35274","352",580
"27677","64823","648",1098
"27678","72406","724",72
"27679","63452","634",1164
"27680","72379","723",75
"27681","63691","636",1161
"27682","63546","635",1163
"27683","63526","635",1163
"27684","64850","648",1098
"27685","63517","635",1163
"27686","72144","721",35
"27687","25541","255",846
"27688","74936","749",964
"27689","72135","721",38
"27690","31712","317",671
"27691","74865","748",966
"27692","71636","716",116
"27693","74388","743",929
"27694","25572","255",846
"27695","70327","703",10
"27696","74199","741",938
"27697","27386","273",925
"27698","88367","883",1074
"27699","34131","341",423
"27700","34292","342",420
"27701","36323","363",559
"27702","72644","726",67
"27703","88529","885",1069
"27704","25348","253",850
"27705","72582","725",70
"27706","86756","867",982
"27707","21400","214",474
"27708","19258","192",765
"27709","38547","385",613
"27710","98529","985",959
"27711","89443","894",323
"27712","91489","914",893
"27713","38477","384",614
"27714","90574","905",756
"27715","38489","384",614
"27716","38373","383",616
"27717","38378","383",616
"27718","38458","384",614
"27719","96163","961",58
"27720","96114","961",58
"27721","96199","961",58
"27722","86928","869",980
"27723","38838","388",606
"27724","82405","824",14
"27725","86676","866",988
"27726","59063","590",227
"27727","79249","792",502
"27728","79098","790",510
"27729","65385","653",309
"27730","49219","492",650
"27731","59846","598",218
"27732","65375","653",309
"27733","56462","564",352
"27734","79261","792",502
"27735","67472","674",460
"27736","59821","598",218
"27737","79872","798",482
"27738","49451","494",645
"27739","76779","767",1111
"27740","77796","777",397
"27741","15926","159",907
"27742","18609","186",693
"27743","12526","125",521
"27744","16359","163",880
"27745","94158","941",1175
"27746","01936","019",853
"27747","17358","173",718
"27748","15890","158",911
"27749","02788","027",768
"27750","02929","029",803
"27751","39279","392",712
"27752","85465","854",1060
"27753","08539","085",730
"27754","93133","931",53
"27755","07950","079",739
"27756","95111","951",93
"27757","39307","393",709
"27758","84172","841",45
"27759","95707","957",141
"27760","08626","086",729
"27761","95689","956",143
"27762","83101","831",84
"27763","92712","927",835
"27764","84028","840",47
"27765","08239","082",735
"27766","84103","841",45
"27767","18347","183",697
"27768","94333","943",26
"27769","83259","832",135
"27770","18195","181",699
"27771","84175","841",45
"27772","83257","832",135
"27773","84180","841",45
"27774","08144","081",737
"27775","84546","845",80
"27776","84140","841",45
"27777","04643","046",861
"27778","94327","943",26
"27779","09212","092",1130
"27780","06895","068",669
"27781","84561","845",79
"27782","09221","092",1130
"27783","09326","093",1127
"27784","04779","047",859
"27785","09423","094",1123
"27786","94256","942",27
"27787","18437","184",696
"27788","09496","094",1123
"27789","16767","167",873
"27790","01616","016",806
"27791","01561","015",808
"27792","01662","016",806
"27793","85258","852",1004
"27794","39628","396",704
"27795","82515","825",12
"27796","85241","852",1004
"27797","23970","239",589
"27798","81375","813",43
"27799","95369","953",156
"27800","85296","852",1004
"27801","91249","912",897
"27802","39439","394",706
"27803","95362","953",156
"27804","19412","194",761
"27805","07747","077",742
"27806","92331","923",851
"27807","85630","856",1052
"27808","95189","951",93
"27809","82276","822",19
"27810","90480","904",760
"27811","85135","851",1005
"27812","96264","962",57
"27813","85137","851",1005
"27814","91171","911",898
"27815","92342","923",851
"27816","82223","822",19
"27817","85247","852",1004
"27818","99441","994",1147
"27819","91480","914",893
"27820","90619","906",752
"27821","91486","914",893
"27822","23730","237",566
"27823","96173","961",58
"27824","87642","876",1166
"27825","96148","961",58
"27826","98673","986",1016
"27827","86695","866",988
"27828","99718","997",1170
"27829","91325","913",895
"27830","38368","383",616
"27831","86492","864",944
"27832","82383","823",17
"27833","96472","964",89
"27834","86573","865",996
"27835","02994","029",802
"27836","01848","018",856
"27837","02979","029",802
"27838","01904","019",854
"27839","02681","026",769
"27840","01744","017",804
"27841","52074","520",1027
"27842","52511","525",1094
"27843","47647","476",210
"27844","53937","539",330
"27845","46499","464",94
"27846","54584","545",235
"27847","54459","544",240
"27848","46562","465",90
"27849","47443","474",213
"27850","66687","666",249
"27851","46244","462",98
"27852","40764","407",1061
"27853","66115","661",260
"27854","66119","661",260
"27855","45329","453",158
"27856","51067","510",1097
"27857","45883","458",189
"27858","53507","535",343
"27859","42113","421",233
"27860","51515","515",1144
"27861","24405","244",544
"27862","30457","304",605
"27863","89143","891",332
"27864","88138","881",1080
"27865","97947","979",1072
"27866","88267","882",1078
"27867","24589","245",543
"27868","74549","745",969
"27869","30627","306",602
"27870","21224","212",487
"27871","36289","362",560
"27872","73575","735",1041
"27873","37269","372",636
"27874","97993","979",1072
"27875","29225","292",728
"27876","88319","883",1076
"27877","89186","891",332
"27878","24620","246",539
"27879","38723","387",608
"27880","37299","372",636
"27881","87700","877",1165
"27882","87737","877",1165
"27883","73466","734",1042
"27884","87787","877",1165
"27885","29362","293",727
"27886","23827","238",594
"27887","29574","295",725
"27888","91471","914",893
"27889","91483","914",893
"27890","97539","975",1085
"27891","86739","867",982
"27892","87782","877",1165
"27893","86748","867",982
"27894","21380","213",478
"27895","96181","961",58
"27896","23719","237",566
"27897","59590","595",221
"27898","68794","687",386
"27899","35578","355",574
"27900","35116","351",582
"27901","33659","336",499
"27902","35583","355",574
"27903","33604","336",499
"27904","33607","336",499
"27905","35398","353",577
"27906","60486","604",61
"27907","69124","691",187
"27908","32107","321",628
"27909","60598","605",60
"27910","27232","272",926
"27911","25927","259",829
"27912","64372","643",1035
"27913","78595","785",265
"27914","75433","754",1117
"27915","71263","712",124
"27916","78239","782",270
"27917","72364","723",74
"27918","75446","754",1117
"27919","21775","217",525
"27920","63454","634",1164
"27921","32689","326",656
"27922","35285","352",580
"27923","71277","712",124
"27924","63695","636",1161
"27925","36320","363",559
"27926","24969","249",564
"27927","31633","316",677
"27928","25729","257",834
"27929","63773","637",1160
"27930","31582","315",680
"27931","72793","727",66
"27932","32676","326",655
"27933","73760","737",1038
"27934","88633","886",1064
"27935","88718","887",1134
"27936","31634","316",677
"27937","74246","742",934
"27938","34369","343",412
"27939","24955","249",564
"27940","97909","979",1073
"27941","74259","742",934
"27942","24806","248",531
"27943","97859","978",1077
"27944","24817","248",531
"27945","51674","516",1139
"27946","48477","484",197
"27947","56587","565",350
"27948","26817","268",784
"27949","67754","677",447
"27950","49757","497",641
"27951","56179","561",382
"27952","55592","555",433
"27953","26639","266",788
"27954","66981","669",295
"27955","26676","266",788
"27956","67716","677",446
"27957","67705","677",446
"27958","48346","483",203
"27959","77743","777",397
"27960","79331","793",501
"27961","79689","796",492
"27962","79285","792",502
"27963","57580","575",166
"27964","65232","652",310
"27965","35708","357",570
"27966","79862","798",482
"27967","79804","798",481
"27968","76479","764",1045
"27969","59581","595",221
"27970","65520","655",307
"27971","65205","652",310
"27972","67366","673",463
"27973","76773","767",1111
"27974","25524","255",846
"27975","27389","273",925
"27976","88370","883",1074
"27977","97845","978",1077
"27978","73271","732",971
"27979","24881","248",531
"27980","24866","248",531
"27981","88250","882",1078
"27982","72535","725",70
"27983","57648","576",163
"27984","55559","555",434
"27985","57555","575",166
"27986","65556","655",307
"27987","26388","263",797
"27988","67434","674",460
"27989","67310","673",464
"27990","44581","445",328
"27991","66914","669",297
"27992","49838","498",638
"27993","79379","793",500
"27994","55568","555",433
"27995","59439","594",222
"27996","49479","494",644
"27997","48317","483",201
"27998","26446","264",792
"27999","56357","563",354
"28000","58675","586",104
"28001","55583","555",434
"28002","76549","765",1044
"28003","77883","778",392
"28004","35781","357",570
"28005","55127","551",445
"28006","33378","333",509
"28007","49326","493",648
"28008","77776","777",397
"28009","49429","494",645
"28010","76756","767",1111
"28011","76593","765",1044
"28012","76316","763",1046
"28013","35789","357",570
"28014","35689","356",572
"28015","35756","357",570
"28016","59909","599",216
"28017","45701","457",144
"28018","53229","532",293
"28019","42857","428",274
"28020","26759","267",786
"28021","56818","568",425
"28022","66538","665",250
"28023","44797","447",422
"28024","56754","567",346
"28025","48612","486",193
"28026","54689","546",288
"28027","47929","479",207
"28028","54595","545",236
"28029","41189","411",285
"28030","52355","523",1023
"28031","54666","546",288
"28032","54586","545",235
"28033","41564","415",322
"28034","47137","471",215
"28035","54550","545",238
"28036","45479","454",157
"28037","46145","461",99
"28038","54492","544",243
"28039","53347","533",292
"28040","45721","457",144
"28041","49751","497",641
"28042","26603","266",788
"28043","26427","264",792
"28044","66954","669",295
"28045","56075","560",385
"28046","56073","560",385
"28047","26897","268",784
"28048","44287","442",339
"28049","56305","563",356
"28050","67817","678",518
"28051","79254","792",502
"28052","79183","791",508
"28053","67307","673",464
"28054","49597","495",643
"28055","49186","491",654
"28056","79733","797",488
"28057","65326","653",309
"28058","49088","490",658
"28059","66424","664",255
"28060","56642","566",349
"28061","66482","664",255
"28062","44388","443",336
"28063","56630","566",349
"28064","49740","497",641
"28065","55490","554",435
"28066","24989","249",564
"28067","29683","296",724
"28068","24361","243",546
"28069","73084","730",978
"28070","30559","305",604
"28071","30521","305",604
"28072","37133","371",637
"28073","74582","745",969
"28074","25486","254",848
"28075","24214","242",552
"28076","89547","895",320
"28077","22846","228",459
"28078","74564","745",969
"28079","87534","875",1135
"28080","88316","883",1075
"28081","97717","977",1079
"28082","24404","244",545
"28083","89129","891",332
"28084","97337","973",1019
"28085","22359","223",400
"28086","89290","892",327
"28087","23816","238",591
"28088","73499","734",1042
"28089","87781","877",1165
"28090","91478","914",893
"28091","38536","385",613
"28092","91601","916",883
"28093","91484","914",893
"28094","97357","973",1019
"28095","86476","864",943
"28096","91438","914",893
"28097","97516","975",1089
"28098","86505","865",994
"28099","24257","242",550
"28100","91632","916",885
"28101","97478","974",1018
"28102","83673","836",129
"28103","92318","923",851
"28104","92364","923",851
"28105","07381","073",747
"28106","07356","073",747
"28107","85375","853",999
"28108","95466","954",154
"28109","06408","064",687
"28110","92256","922",852
"28111","92260","922",852
"28112","92245","922",852
"28113","93180","931",53
"28114","85457","854",1060
"28115","39649","396",703
"28116","98744","987",1013
"28117","91361","913",895
"28118","82287","822",19
"28119","82493","824",13
"28120","82237","822",19
"28121","96317","963",56
"28122","95515","955",145
"28123","85080","850",1009
"28124","39444","394",706
"28125","78048","780",276
"28126","67141","671",476
"28127","35647","356",571
"28128","75323","753",1121
"28129","28777","287",896
"28130","35102","351",581
"28131","69115","691",187
"28132","28237","282",902
"28133","78247","782",270
"28134","64678","646",1100
"28135","27257","272",926
"28136","61197","611",962
"28137","64832","648",1098
"28138","71272","712",124
"28139","25704","257",834
"28140","78476","784",266
"28141","74862","748",966
"28142","72475","724",72
"28143","31710","317",670
"28144","74864","748",966
"28145","74831","748",966
"28146","70193","701",11
"28147","34479","344",409
"28148","31718","317",671
"28149","36329","363",559
"28150","31556","315",678
"28151","72768","727",66
"28152","72519","725",70
"28153","72505","725",68
"28154","72517","725",70
"28155","73765","737",1038
"28156","31559","315",678
"28157","63930","639",1153
"28158","71364","713",123
"28159","71522","715",118
"28160","21684","216",529
"28161","88377","883",1074
"28162","91481","914",893
"28163","38871","388",606
"28164","91468","914",893
"28165","86866","868",981
"28166","23628","236",567
"28167","86647","866",988
"28168","86399","863",950
"28169","91728","917",878
"28170","87662","876",1166
"28171","86687","866",988
"28172","98716","987",1015
"28173","91738","917",878
"28174","86932","869",980
"28175","91781","917",878
"28176","86923","869",980
"28177","39365","393",707
"28178","31863","318",665
"28179","36137","361",561
"28180","24860","248",531
"28181","73235","732",971
"28182","73272","732",971
"28183","74523","745",969
"28184","74635","746",968
"28185","31089","310",663
"28186","07952","079",739
"28187","83043","830",87
"28188","06116","061",692
"28189","08527","085",730
"28190","92521","925",847
"28191","93055","930",28
"28192","93105","931",53
"28193","92715","927",839
"28194","93098","930",28
"28195","04539","045",862
"28196","92543","925",847
"28197","92696","926",844
"28198","83132","831",85
"28199","84555","845",79
"28200","93167","931",53
"28201","83358","833",133
"28202","14806","148",771
"28203","14770","147",772
"28204","14550","145",775
"28205","18469","184",696
"28206","83364","833",133
"28207","09241","092",1130
"28208","09387","093",1126
"28209","04703","047",859
"28210","14552","145",775
"28211","09577","095",1119
"28212","94550","945",22
"28213","94094","940",1176
"28214","04924","049",857
"28215","17126","171",722
"28216","15838","158",909
"28217","09619","096",1116
"28218","94136","941",1175
"28219","01705","017",804
"28220","16247","162",888
"28221","15910","159",907
"28222","15907","159",907
"28223","17429","174",716
"28224","15848","158",910
"28225","17419","174",716
"28226","02997","029",802
"28227","02708","027",768
"28228","82433","824",13
"28229","91356","913",895
"28230","91359","913",895
"28231","91177","911",898
"28232","99438","994",1147
"28233","82441","824",13
"28234","82216","822",19
"28235","06543","065",685
"28236","82234","822",19
"28237","23996","239",589
"28238","95349","953",156
"28239","39340","393",708
"28240","91239","912",897
"28241","23972","239",589
"28242","82538","825",12
"28243","91235","912",897
"28244","92283","922",852
"28245","06648","066",681
"28246","07343","073",747
"28247","81479","814",42
"28248","85119","851",1007
"28249","82008","820",1167
"28250","07774","077",743
"28251","84072","840",48
"28252","95188","951",93
"28253","95478","954",154
"28254","06122","061",692
"28255","95168","951",93
"28256","84079","840",47
"28257","93186","931",53
"28258","92702","927",835
"28259","06688","066",681
"28260","83064","830",87
"28261","92551","925",847
"28262","04435","044",865
"28263","83547","835",131
"28264","17209","172",719
"28265","06749","067",674
"28266","08485","084",731
"28267","18190","181",699
"28268","93199","931",53
"28269","84559","845",79
"28270","17194","171",722
"28271","08248","082",735
"28272","04288","042",868
"28273","06886","068",669
"28274","04654","046",861
"28275","84529","845",79
"28276","09122","091",1132
"28277","14624","146",774
"28278","94491","944",23
"28279","94547","945",22
"28280","09603","096",1116
"28281","14513","145",776
"28282","13465","134",822
"28283","09638","096",1116
"28284","01612","016",806
"28285","17491","174",717
"28286","86825","868",981
"28287","98663","986",1016
"28288","96106","961",58
"28289","38173","381",618
"28290","86744","867",982
"28291","23883","238",595
"28292","91719","917",878
"28293","23626","236",568
"28294","90579","905",756
"28295","91757","917",878
"28296","91097","910",900
"28297","86700","867",987
"28298","38889","388",606
"28299","29465","294",726
"28300","38471","384",614
"28301","91091","910",900
"28302","90522","905",756
"28303","91187","911",898
"28304","29479","294",726
"28305","19249","192",765
"28306","96155","961",58
"28307","01454","014",809
"28308","01796","017",805
"28309","01829","018",856
"28310","01996","019",853
"28311","03044","030",908
"28312","03197","031",906
"28313","52070","520",1027
"28314","54619","546",288
"28315","52224","522",1025
"28316","47589","475",212
"28317","47627","476",210
"28318","52428","524",1095
"28319","54668","546",288
"28320","46419","464",94
"28321","41238","412",284
"28322","54634","546",288
"28323","54294","542",248
"28324","54296","542",248
"28325","47228","472",214
"28326","54320","543",245
"28327","53919","539",331
"28328","45472","454",157
"28329","48712","487",191
"28330","45131","451",160
"28331","54486","544",243
"28332","42329","423",230
"28333","48739","487",191
"28334","42651","426",280
"28335","45661","456",153
"28336","26725","267",786
"28337","56829","568",425
"28338","73037","730",978
"28339","73102","731",974
"28340","74417","744",970
"28341","74542","745",969
"28342","22589","225",393
"28343","97265","972",1020
"28344","21149","211",491
"28345","88444","884",1071
"28346","37215","372",636
"28347","21266","212",487
"28348","37154","371",637
"28349","21077","210",493
"28350","37077","370",639
"28351","97255","972",1020
"28352","36414","364",558
"28353","97253","972",1020
"28354","21438","214",472
"28355","24145","241",557
"28356","97720","977",1079
"28357","31226","312",661
"28358","36469","364",558
"28359","74579","745",969
"28360","89294","892",327
"28361","38271","382",617
"28362","37359","373",635
"28363","97711","977",1079
"28364","99976","999",1168
"28365","98597","985",959
"28366","89335","893",325
"28367","23869","238",591
"28368","97469","974",1018
"28369","23843","238",591
"28370","36456","364",558
"28371","97353","973",1019
"28372","22927","229",453
"28373","38275","382",617
"28374","38707","387",609
"28375","86742","867",982
"28376","38179","381",618
"28377","96157","961",58
"28378","98593","985",959
"28379","87745","877",1165
"28380","89438","894",323
"28381","91717","917",878
"28382","76131","761",1056
"28383","76359","763",1046
"28384","76297","762",1048
"28385","78078","780",275
"28386","78667","786",262
"28387","68229","682",395
"28388","75328","753",1121
"28389","64297","642",1037
"28390","69226","692",180
"28391","72202","722",76
"28392","60389","603",62
"28393","28239","282",902
"28394","75438","754",1117
"28395","78583","785",265
"28396","31606","316",676
"28397","78601","786",263
"28398","35447","354",576
"28399","33184","331",511
"28400","74924","749",964
"28401","78357","783",269
"28402","63791","637",1160
"28403","64747","647",1099
"28404","25715","257",834
"28405","70563","705",8
"28406","31855","318",665
"28407","74254","742",936
"28408","25872","258",830
"28409","25887","258",830
"28410","24992","249",564
"28411","74229","742",937
"28412","72622","726",67
"28413","88719","887",1133
"28414","31848","318",665
"28415","34225","342",419
"28416","34576","345",407
"28417","88693","886",1064
"28418","31868","318",665
"28419","27383","273",925
"28420","59069","590",227
"28421","57572","575",166
"28422","55543","555",434
"28423","67677","676",451
"28424","79102","791",506
"28425","79199","791",507
"28426","57567","575",166
"28427","59755","597",219
"28428","49692","496",642
"28429","49082","490",658
"28430","57074","570",172
"28431","79856","798",482
"28432","59889","598",218
"28433","44532","445",329
"28434","59192","591",226
"28435","56341","563",354
"28436","56276","562",367
"28437","79597","795",495
"28438","51702","517",1138
"28439","79639","796",492
"28440","67706","677",446
"28441","57636","576",161
"28442","56133","561",381
"28443","67707","677",446
"28444","58791","587",102
"28445","79650","796",492
"28446","67821","678",519
"28447","57439","574",168
"28448","37627","376",631
"28449","31020","310",663
"28450","34260","342",419
"28451","34359","343",412
"28452","24882","248",531
"28453","97842","978",1077
"28454","21635","216",528
"28455","49191","491",654
"28456","79853","798",482
"28457","35794","357",570
"28458","65606","656",378
"28459","59597","595",221
"28460","67550","675",455
"28461","78144","781",273
"28462","79787","797",488
"28463","53560","535",345
"28464","44892","448",417
"28465","56294","562",365
"28466","44379","443",336
"28467","56330","563",355
"28468","59379","593",223
"28469","07570","075",745
"28470","19399","193",763
"28471","85456","854",1060
"28472","06184","061",692
"28473","08541","085",730
"28474","04249","042",868
"28475","06800","068",667
"28476","93189","931",53
"28477","94368","943",26
"28478","93185","931",53
"28479","83355","833",133
"28480","84543","845",79
"28481","84558","845",79
"28482","93495","934",50
"28483","04880","048",858
"28484","93437","934",50
"28485","17153","171",722
"28486","94562","945",21
"28487","09116","091",1132
"28488","94469","944",23
"28489","09120","091",1132
"28490","09487","094",1123
"28491","04769","047",859
"28492","93453","934",50
"28493","94239","942",27
"28494","84359","843",83
"28495","84364","843",83
"28496","14089","140",782
"28497","17129","171",722
"28498","18528","185",695
"28499","01609","016",806
"28500","16348","163",880
"28501","13127","131",826
"28502","17495","174",717
"28503","94142","941",1175
"28504","97280","972",1020
"28505","88368","883",1074
"28506","97259","972",1020
"28507","88436","884",1071
"28508","25495","254",848
"28509","24622","246",537
"28510","30655","306",602
"28511","97291","972",1020
"28512","97723","977",1079
"28513","24646","246",538
"28514","37214","372",636
"28515","31275","312",661
"28516","31177","311",662
"28517","37581","375",632
"28518","21228","212",487
"28519","36404","364",558
"28520","24247","242",551
"28521","89073","890",337
"28522","97228","972",1020
"28523","89189","891",332
"28524","88481","884",1071
"28525","74589","745",969
"28526","24641","246",536
"28527","87480","874",1136
"28528","21035","210",494
"28529","87758","877",1165
"28530","31234","312",661
"28531","97342","973",1019
"28532","89340","893",325
"28533","97493","974",1018
"28534","29358","293",727
"28535","87487","874",1136
"28536","22949","229",453
"28537","89192","891",332
"28538","87767","877",1165
"28539","89537","895",320
"28540","86498","864",943
"28541","97525","975",1085
"28542","87549","875",1135
"28543","23824","238",594
"28544","87541","875",1135
"28545","23823","238",594
"28546","89415","894",323
"28547","91617","916",883
"28548","87499","874",1136
"28549","97491","974",1018
"28550","98630","986",1016
"28551","29386","293",727
"28552","87654","876",1166
"28553","91460","914",893
"28554","52525","525",1094
"28555","52076","520",1027
"28556","46459","464",94
"28557","54636","546",288
"28558","52372","523",1023
"28559","54455","544",240
"28560","50126","501",928
"28561","54576","545",235
"28562","54338","543",245
"28563","54429","544",241
"28564","66352","663",257
"28565","40629","406",1062
"28566","66620","666",249
"28567","45219","452",159
"28568","50737","507",957
"28569","54484","544",243
"28570","53340","533",292
"28571","50996","509",954
"28572","66130","661",260
"28573","53225","532",293
"28574","42555","425",281
"28575","45527","455",155
"28576","53572","535",345
"28577","66877","668",303
"28578","67685","676",451
"28579","85276","852",1004
"28580","95365","953",156
"28581","85293","852",1004
"28582","81377","813",43
"28583","39443","394",706
"28584","39576","395",705
"28585","85609","856",1053
"28586","92289","922",852
"28587","93343","933",51
"28588","85598","855",1057
"28589","83734","837",128
"28590","83727","837",128
"28591","09623","096",1116
"28592","01776","017",804
"28593","03246","032",905
"28594","01987","019",853
"28595","01328","013",810
"28596","03229","032",905
"28597","02991","029",802
"28598","03116","031",906
"28599","03051","030",908
"28600","15898","158",911
"28601","03159","031",906
"28602","91154","911",898
"28603","91790","917",878
"28604","96196","961",58
"28605","82346","823",17
"28606","96260","962",57
"28607","07429","074",746
"28608","90537","905",755
"28609","86673","866",988
"28610","96328","963",56
"28611","96342","963",56
"28612","85302","853",1000
"28613","92361","923",851
"28614","78087","780",276
"28615","67122","671",476
"28616","72293","722",76
"28617","75334","753",1121
"28618","72294","722",76
"28619","35584","355",574
"28620","75210","752",1124
"28621","72299","722",76
"28622","68789","687",386
"28623","64390","643",1035
"28624","78607","786",262
"28625","78554","785",265
"28626","78588","785",265
"28627","35418","354",576
"28628","32108","321",628
"28629","63067","630",1106
"28630","32758","327",653
"28631","69256","692",182
"28632","35469","354",576
"28633","64354","643",1035
"28634","75449","754",1117
"28635","69436","694",175
"28636","72119","721",37
"28637","78579","785",265
"28638","27246","272",926
"28639","34630","346",406
"28640","74847","748",966
"28641","72479","724",72
"28642","31618","316",677
"28643","78355","783",269
"28644","21745","217",525
"28645","63579","635",1163
"28646","27337","273",925
"28647","32816","328",646
"28648","72419","724",72
"28649","72138","721",36
"28650","78464","784",266
"28651","25782","257",834
"28652","88682","886",1064
"28653","72666","726",67
"28654","63636","636",1161
"28655","31700","317",671
"28656","74196","741",941
"28657","34295","342",419
"28658","21717","217",525
"28659","34393","343",412
"28660","24855","248",531
"28661","73779","737",1038
"28662","97843","978",1077
"28663","73268","732",971
"28664","21397","213",478
"28665","90616","906",752
"28666","86660","866",988
"28667","23629","236",568
"28668","86860","868",981
"28669","91710","917",878
"28670","86500","865",995
"28671","96151","961",58
"28672","99734","997",1170
"28673","86807","868",981
"28674","87677","876",1166
"28675","38479","384",614
"28676","38448","384",614
"28677","86920","869",980
"28678","86456","864",948
"28679","91564","915",889
"28680","86391","863",951
"28681","38836","388",606
"28682","98667","986",1016
"28683","86956","869",980
"28684","29456","294",726
"28685","38462","384",614
"28686","86674","866",988
"28687","91804","918",875
"28688","91166","911",898
"28689","99095","990",1158
"28690","86949","869",980
"28691","91080","910",900
"28692","67737","677",447
"28693","26683","266",788
"28694","79362","793",501
"28695","58849","588",101
"28696","77933","779",390
"28697","77694","776",312
"28698","49492","494",644
"28699","55545","555",434
"28700","79688","796",492
"28701","26340","263",796
"28702","67729","677",450
"28703","55457","554",435
"28704","57399","573",169
"28705","49134","491",654
"28706","59269","592",225
"28707","77839","778",392
"28708","65549","655",307
"28709","65343","653",309
"28710","79875","798",482
"28711","74747","747",967
"28712","36286","362",560
"28713","30926","309",597
"28714","73095","730",978
"28715","97791","977",1079
"28716","30900","309",598
"28717","74653","746",968
"28718","37127","371",637
"28719","76776","767",1111
"28720","35687","356",572
"28721","67245","672",469
"28722","67133","671",476
"28723","67578","675",455
"28724","79805","798",486
"28725","91796","917",878
"28726","96242","962",57
"28727","96279","962",57
"28728","86668","866",988
"28729","85122","851",1005
"28730","96361","963",56
"28731","95490","954",154
"28732","88448","884",1071
"28733","73342","733",1043
"28734","30982","309",597
"28735","73527","735",1041
"28736","97772","977",1079
"28737","97274","972",1020
"28738","97990","979",1072
"28739","37297","372",636
"28740","88178","881",1080
"28741","97294","972",1020
"28742","24254","242",551
"28743","89275","892",327
"28744","24111","241",556
"28745","73460","734",1042
"28746","29328","293",727
"28747","31188","311",662
"28748","22395","223",400
"28749","97523","975",1085
"28750","89522","895",320
"28751","91628","916",883
"28752","97537","975",1085
"28753","24223","242",550
"28754","73450","734",1042
"28755","38274","382",617
"28756","91592","915",889
"28757","89362","893",325
"28758","37431","374",634
"28759","89350","893",325
"28760","21524","215",466
"28761","21337","213",478
"28762","38116","381",618
"28763","97486","974",1018
"28764","91522","915",889
"28765","99998","999",1168
"28766","03058","030",908
"28767","15328","153",914
"28768","02748","027",768
"28769","49201","492",651
"28770","26349","263",796
"28771","77709","777",397
"28772","76477","764",1045
"28773","67454","674",461
"28774","57319","573",169
"28775","55129","551",445
"28776","79877","798",482
"28777","78112","781",273
"28778","76771","767",1111
"28779","27793","277",918
"28780","76135","761",1056
"28781","76706","767",1111
"28782","25591","255",846
"28783","24879","248",531
"28784","30826","308",601
"28785","37643","376",631
"28786","88524","885",1068
"28787","25590","255",846
"28788","74545","745",969
"28789","74638","746",968
"28790","89597","895",319
"28791","25492","254",848
"28792","79695","796",492
"28793","65366","653",309
"28794","79736","797",488
"28795","77770","777",397
"28796","65329","653",309
"28797","67317","673",464
"28798","26901","269",779
"28799","49509","495",643
"28800","79599","795",495
"28801","49477","494",644
"28802","67735","677",447
"28803","67659","676",451
"28804","56235","562",367
"28805","67663","676",451
"28806","57489","574",168
"28807","51643","516",1139
"28808","51545","515",1142
"28809","55627","556",428
"28810","26835","268",784
"28811","67756","677",447
"28812","61389","613",1029
"28813","35649","356",571
"28814","68199","681",401
"28815","76337","763",1046
"28816","27639","276",921
"28817","27628","276",921
"28818","76689","766",1115
"28819","76707","767",1113
"28820","64319","643",1035
"28821","69123","691",187
"28822","27574","275",922
"28823","72348","723",74
"28824","33104","331",511
"28825","78234","782",270
"28826","69517","695",173
"28827","64807","648",1098
"28828","64401","644",1032
"28829","75392","753",1122
"28830","25923","259",829
"28831","28359","283",901
"28832","61209","612",1030
"28833","74930","749",964
"28834","63457","634",1164
"28835","64720","647",1099
"28836","78597","785",265
"28837","28870","288",894
"28838","71088","710",78
"28839","31613","316",677
"28840","63811","638",1157
"28841","70771","707",4
"28842","71732","717",110
"28843","74821","748",966
"28844","34466","344",409
"28845","31609","316",677
"28846","63776","637",1160
"28847","25727","257",834
"28848","74382","743",929
"28849","70184","701",11
"28850","88690","886",1064
"28851","72654","726",67
"28852","31698","316",675
"28853","25554","255",846
"28854","71729","717",111
"28855","73770","737",1038
"28856","97904","979",1073
"28857","24850","248",531
"28858","37619","376",631
"28859","39317","393",709
"28860","18198","181",700
"28861","93059","930",28
"28862","07957","079",739
"28863","06711","067",673
"28864","95666","956",143
"28865","83567","835",131
"28866","83123","831",85
"28867","14789","147",772
"28868","08236","082",735
"28869","04571","045",862
"28870","14798","147",772
"28871","08058","080",738
"28872","08393","083",733
"28873","94356","943",26
"28874","83376","833",133
"28875","04849","048",858
"28876","08373","083",733
"28877","94377","943",26
"28878","84576","845",79
"28879","09350","093",1126
"28880","84508","845",79
"28881","83317","833",133
"28882","09249","092",1130
"28883","93485","934",50
"28884","84389","843",83
"28885","09468","094",1123
"28886","83457","834",132
"28887","09392","093",1126
"28888","17235","172",719
"28889","14473","144",777
"28890","94264","942",27
"28891","17087","170",723
"28892","41379","413",283
"28893","41334","413",283
"28894","54616","546",288
"28895","54675","546",288
"28896","47665","476",210
"28897","54332","543",244
"28898","53894","538",333
"28899","47441","474",213
"28900","66798","667",304
"28901","54293","542",248
"28902","46485","464",94
"28903","50374","503",960
"28904","49824","498",638
"28905","47169","471",215
"28906","50827","508",956
"28907","53505","535",343
"28908","46359","463",95
"28909","66113","661",260
"28910","51105","511",1096
"28911","45134","451",160
"28912","42327","423",230
"28913","55777","557",514
"28914","45731","457",144
"28915","66386","663",256
"28916","48249","482",204
"28917","44653","446",326
"28918","48629","486",193
"28919","42285","422",232
"28920","91740","917",878
"28921","23617","236",568
"28922","86863","868",981
"28923","91448","914",893
"28924","23554","235",569
"28925","29378","293",727
"28926","96172","961",58
"28927","91560","915",889
"28928","29594","295",725
"28929","86368","863",951
"28930","38446","384",614
"28931","38464","384",614
"28932","86672","866",988
"28933","86163","861",953
"28934","38372","383",616
"28935","86510","865",993
"28936","29416","294",726
"28937","94556","945",22
"28938","16341","163",880
"28939","94164","941",1175
"28940","16259","162",888
"28941","06642","066",682
"28942","82544","825",12
"28943","80997","809",814
"28944","82065","820",1167
"28945","96365","963",56
"28946","06311","063",688
"28947","39606","396",704
"28948","95511","955",146
"28949","81476","814",42
"28950","91289","912",897
"28951","95493","954",154
"28952","85625","856",1052
"28953","95183","951",93
"28954","93164","931",53
"28955","85139","851",1005
"28956","85238","852",1004
"28957","91287","912",897
"28958","95346","953",156
"28959","39615","396",704
"28960","95364","953",156
"28961","83714","837",128
"28962","85646","856",1055
"28963","92271","922",852
"28964","92272","922",852
"28965","06259","062",690
"28966","95697","956",143
"28967","06237","062",690
"28968","93051","930",28
"28969","95688","956",143
"28970","83544","835",131
"28971","18196","181",699
"28972","07580","075",745
"28973","92548","925",847
"28974","06844","068",668
"28975","14712","147",772
"28976","08648","086",729
"28977","04159","041",870
"28978","16909","169",869
"28979","83530","835",131
"28980","08209","082",735
"28981","14774","147",772
"28982","04349","043",867
"28983","84549","845",79
"28984","94431","944",23
"28985","93482","934",50
"28986","93449","934",50
"28987","08301","083",734
"28988","14929","149",770
"28989","83417","834",132
"28990","09232","092",1130
"28991","93444","934",50
"28992","09439","094",1123
"28993","09557","095",1119
"28994","18519","185",694
"28995","94538","945",22
"28996","17506","175",714
"28997","04932","049",857
"28998","01723","017",804
"28999","01737","017",804
"29000","16321","163",880
"29001","10315","103",379
"29002","15755","157",912
"29003","15741","157",912
"29004","17367","173",718
"29005","02633","026",769
"29006","85235","852",1004
"29007","82396","823",17
"29008","82290","822",19
"29009","82229","822",19
"29010","29497","294",726
"29011","82494","824",13
"29012","19288","192",765
"29013","19309","193",762
"29014","86706","867",985
"29015","83671","836",129
"29016","96358","963",56
"29017","52072","520",1027
"29018","41751","417",314
"29019","47475","474",213
"29020","52351","523",1023
"29021","54664","546",288
"29022","46535","465",90
"29023","46514","465",90
"29024","46325","463",95
"29025","40223","402",1012
"29026","50765","507",957
"29027","53913","539",331
"29028","49846","498",638
"29029","53506","535",343
"29030","54539","545",234
"29031","45968","459",188
"29032","66589","665",250
"29033","51647","516",1139
"29034","67686","676",451
"29035","42499","424",228
"29036","42477","424",228
"29037","58452","584",106
"29038","53567","535",345
"29039","26789","267",785
"29040","45884","458",189
"29041","48624","486",193
"29042","44649","446",326
"29043","26548","265",790
"29044","49779","497",641
"29045","26831","268",784
"29046","44629","446",326
"29047","53498","534",291
"29048","67165","671",476
"29049","27777","277",919
"29050","27239","272",926
"29051","27243","272",926
"29052","72285","722",76
"29053","68309","683",394
"29054","64331","643",1035
"29055","61348","613",1029
"29056","75203","752",1124
"29057","35083","350",586
"29058","35435","354",576
"29059","35096","350",586
"29060","64367","643",1035
"29061","33178","331",511
"29062","35394","353",577
"29063","69509","695",173
"29064","31603","316",676
"29065","35099","350",587
"29066","35043","350",586
"29067","78244","782",270
"29068","32602","326",656
"29069","33165","331",511
"29070","63075","630",1106
"29071","71149","711",125
"29072","69239","692",185
"29073","35282","352",580
"29074","71296","712",124
"29075","72459","724",72
"29076","72411","724",73
"29077","71254","712",124
"29078","71229","712",124
"29079","21769","217",525
"29080","72131","721",35
"29081","63697","636",1161
"29082","63868","638",1156
"29083","31655","316",675
"29084","74394","743",929
"29085","74257","742",936
"29086","31812","318",665
"29087","31638","316",677
"29088","31515","315",678
"29089","97903","979",1073
"29090","63628","636",1161
"29091","74245","742",933
"29092","24976","249",564
"29093","71579","715",118
"29094","24939","249",564
"29095","97782","977",1079
"29096","30167","301",596
"29097","88279","882",1078
"29098","89155","891",332
"29099","73577","735",1041
"29100","73550","735",1040
"29101","89610","896",317
"29102","97289","972",1020
"29103","74541","745",969
"29104","89079","890",337
"29105","89558","895",320
"29106","24376","243",546
"29107","31303","313",660
"29108","31134","311",662
"29109","97236","972",1020
"29110","88489","884",1071
"29111","89182","891",332
"29112","21385","213",478
"29113","73479","734",1042
"29114","89278","892",327
"29115","37520","375",632
"29116","37115","371",637
"29117","97247","972",1020
"29118","29361","293",727
"29119","21509","215",468
"29120","24222","242",550
"29121","21449","214",472
"29122","24217","242",550
"29123","21529","215",466
"29124","29582","295",725
"29125","87733","877",1165
"29126","86757","867",982
"29127","38122","381",618
"29128","23623","236",568
"29129","38533","385",613
"29130","38531","385",613
"29131","38108","381",618
"29132","97514","975",1090
"29133","91629","916",883
"29134","38324","383",615
"29135","38553","385",613
"29136","91487","914",893
"29137","87640","876",1166
"29138","96138","961",58
"29139","98544","985",959
"29140","23689","236",568
"29141","87669","876",1166
"29142","98527","985",959
"29143","99768","997",1170
"29144","90613","906",750
"29145","98711","987",1014
"29146","86462","864",948
"29147","86698","866",988
"29148","86692","866",988
"29149","86934","869",980
"29150","38364","383",616
"29151","86684","866",988
"29152","82497","824",13
"29153","99326","993",1149
"29154","82487","824",13
"29155","29451","294",726
"29156","57518","575",166
"29157","26188","261",800
"29158","57562","575",166
"29159","49681","496",642
"29160","77767","777",397
"29161","49661","496",642
"29162","49196","491",654
"29163","76744","767",1111
"29164","67152","671",476
"29165","33442","334",505
"29166","79777","797",488
"29167","76726","767",1111
"29168","65428","654",308
"29169","78733","787",261
"29170","36110","361",561
"29171","36272","362",560
"29172","24791","247",534
"29173","37586","375",632
"29174","24857","248",531
"29175","89601","896",318
"29176","73033","730",978
"29177","34329","343",415
"29178","25548","255",846
"29179","36039","360",563
"29180","59174","591",226
"29181","51597","515",1142
"29182","58638","586",104
"29183","56130","561",381
"29184","55413","554",435
"29185","59199","591",226
"29186","55425","554",435
"29187","26655","266",788
"29188","25488","254",848
"29189","25337","253",850
"29190","24354","243",546
"29191","89188","891",332
"29192","97797","977",1079
"29193","88433","884",1071
"29194","24367","243",546
"29195","37124","371",637
"29196","97297","972",1020
"29197","24395","243",546
"29198","74423","744",970
"29199","21079","210",493
"29200","97725","977",1079
"29201","24539","245",541
"29202","97218","972",1020
"29203","89233","892",327
"29204","97440","974",1018
"29205","24626","246",539
"29206","24229","242",552
"29207","21445","214",472
"29208","24159","241",557
"29209","21441","214",472
"29210","29342","293",727
"29211","87751","877",1165
"29212","22926","229",453
"29213","97506","975",1085
"29214","38272","382",617
"29215","23829","238",591
"29216","87439","874",1136
"29217","89447","894",323
"29218","22961","229",453
"29219","87739","877",1165
"29220","99974","999",1168
"29221","91567","915",889
"29222","91443","914",893
"29223","22959","229",453
"29224","87653","876",1166
"29225","64584","645",1101
"29226","65795","657",370
"29227","61350","613",1029
"29228","32369","323",626
"29229","72213","722",76
"29230","60529","605",60
"29231","64342","643",1035
"29232","78266","782",271
"29233","27711","277",920
"29234","32791","327",653
"29235","33098","330",512
"29236","78262","782",270
"29237","69250","692",185
"29238","61138","611",962
"29239","34516","345",407
"29240","63179","631",1105
"29241","74374","743",929
"29242","78567","785",265
"29243","25917","259",829
"29244","21772","217",525
"29245","63796","637",1160
"29246","25858","258",830
"29247","71701","717",110
"29248","70197","701",11
"29249","63843","638",1156
"29250","36325","363",559
"29251","72820","728",63
"29252","70469","704",9
"29253","63839","638",1156
"29254","63920","639",1151
"29255","63856","638",1156
"29256","24983","249",564
"29257","63927","639",1151
"29258","72649","726",67
"29259","72531","725",70
"29260","24988","249",564
"29261","31555","315",678
"29262","36280","362",560
"29263","25569","255",846
"29264","73277","732",971
"29265","49638","496",642
"29266","55450","554",435
"29267","79194","791",506
"29268","77749","777",397
"29269","48231","482",205
"29270","76857","768",1107
"29271","79286","792",502
"29272","65624","656",375
"29273","65589","655",307
"29274","77704","777",397
"29275","65629","656",374
"29276","79837","798",482
"29277","65550","655",307
"29278","49179","491",654
"29279","65396","653",309
"29280","77740","777",397
"29281","76456","764",1045
"29282","35685","356",572
"29283","35683","356",572
"29284","49324","493",648
"29285","26931","269",781
"29286","77773","777",397
"29287","61276","612",1030
"29288","76597","765",1044
"29289","67065","670",480
"29290","36154","361",561
"29291","97906","979",1073
"29292","24991","249",564
"29293","97846","978",1077
"29294","88085","880",1084
"29295","25551","255",846
"29296","36391","363",559
"29297","97837","978",1077
"29298","97799","977",1079
"29299","97264","972",1020
"29300","51709","517",1137
"29301","44141","441",340
"29302","66509","665",253
"29303","56291","562",364
"29304","56076","560",385
"29305","66953","669",295
"29306","79589","795",495
"29307","49699","496",642
"29308","56598","565",350
"29309","26605","266",788
"29310","06484","064",687
"29311","82284","822",19
"29312","91364","913",895
"29313","91322","913",895
"29314","07407","074",746
"29315","96268","962",57
"29316","91349","913",895
"29317","39624","396",704
"29318","91327","913",895
"29319","85049","850",1009
"29320","82340","823",17
"29321","91245","912",897
"29322","91282","912",897
"29323","93348","933",51
"29324","85617","856",1052
"29325","85469","854",1060
"29326","39319","393",709
"29327","84069","840",49
"29328","18055","180",702
"29329","93173","931",53
"29330","83134","831",85
"29331","84169","841",45
"29332","84171","841",45
"29333","93170","931",53
"29334","83564","835",131
"29335","83536","835",131
"29336","92431","924",849
"29337","08451","084",731
"29338","93086","930",28
"29339","93191","931",53
"29340","08056","080",738
"29341","92693","926",842
"29342","83308","833",133
"29343","93488","934",50
"29344","93413","934",50
"29345","94365","943",26
"29346","84323","843",83
"29347","09322","093",1127
"29348","94354","943",26
"29349","83362","833",133
"29350","08340","083",732
"29351","09419","094",1123
"29352","04861","048",858
"29353","94542","945",22
"29354","14974","149",770
"29355","94496","944",24
"29356","94535","945",22
"29357","94148","941",1172
"29358","14195","141",778
"29359","09599","095",1120
"29360","94518","945",22
"29361","13467","134",822
"29362","94152","941",1174
"29363","54536","545",234
"29364","45892","458",189
"29365","53175","531",294
"29366","48607","486",193
"29367","42855","428",274
"29368","53797","537",338
"29369","44628","446",326
"29370","56659","566",349
"29371","47652","476",210
"29372","52457","524",1095
"29373","47495","474",213
"29374","66780","667",304
"29375","41472","414",324
"29376","54314","543",244
"29377","47167","471",215
"29378","66133","661",260
"29379","99510","995",1145
"29380","85304","853",1001
"29381","83646","836",129
"29382","83623","836",129
"29383","95339","953",156
"29384","85126","851",1008
"29385","07806","078",740
"29386","93333","933",51
"29387","85406","854",1060
"29388","85445","854",1060
"29389","85417","854",1060
"29390","95191","951",93
"29391","18239","182",698
"29392","06388","063",689
"29393","95508","955",152
"29394","06120","061",692
"29395","93342","933",51
"29396","98587","985",959
"29397","38524","385",613
"29398","23560","235",569
"29399","38700","387",607
"29400","91743","917",878
"29401","87659","876",1166
"29402","38170","381",618
"29403","96170","961",58
"29404","23744","237",566
"29405","23569","235",569
"29406","86983","869",980
"29407","21371","213",478
"29408","91086","910",900
"29409","98693","986",1017
"29410","96049","960",59
"29411","86694","866",988
"29412","86931","869",980
"29413","82409","824",13
"29414","96231","962",57
"29415","90765","907",748
"29416","82380","823",17
"29417","94078","940",1178
"29418","12555","125",521
"29419","01156","011",813
"29420","01445","014",809
"29421","15748","157",912
"29422","01809","018",856
"29423","17321","173",718
"29424","02959","029",802
"29425","02923","029",803
"29426","84076","840",49
"29427","93195","931",53
"29428","92711","927",835
"29429","93138","931",53
"29430","84427","844",81
"29431","18147","181",701
"29432","95685","956",143
"29433","04626","046",860
"29434","08412","084",731
"29435","18311","183",697
"29436","83233","832",135
"29437","84187","841",45
"29438","84155","841",45
"29439","83370","833",133
"29440","83236","832",135
"29441","08237","082",735
"29442","04319","043",867
"29443","84565","845",79
"29444","04451","044",866
"29445","04824","048",858
"29446","84503","845",79
"29447","09376","093",1126
"29448","09306","093",1127
"29449","94527","945",21
"29450","14656","146",774
"29451","04886","048",858
"29452","09127","091",1132
"29453","17091","170",723
"29454","93474","934",50
"29455","16727","167",873
"29456","94571","945",22
"29457","94249","942",27
"29458","94541","945",22
"29459","04931","049",857
"29460","14193","141",778
"29461","15806","158",909
"29462","17268","172",721
"29463","15827","158",909
"29464","17392","173",718
"29465","76307","763",1046
"29466","68782","687",386
"29467","27612","276",921
"29468","65843","658",361
"29469","61381","613",1029
"29470","27259","272",926
"29471","75179","751",1128
"29472","35457","354",576
"29473","27624","276",921
"29474","75242","752",1125
"29475","32549","325",624
"29476","25842","258",830
"29477","78564","785",265
"29478","28357","283",901
"29479","72365","723",74
"29480","32657","326",656
"29481","63165","631",1105
"29482","61130","611",962
"29483","35315","353",578
"29484","28876","288",894
"29485","21789","217",525
"29486","25795","257",834
"29487","27318","273",925
"29488","33034","330",513
"29489","63931","639",1150
"29490","31629","316",677
"29491","34613","346",406
"29492","63571","635",1163
"29493","63925","639",1151
"29494","27283","272",927
"29495","63808","638",1156
"29496","63607","636",1161
"29497","34582","345",407
"29498","63934","639",1151
"29499","72555","725",70
"29500","63619","636",1161
"29501","71737","717",111
"29502","72636","726",67
"29503","72539","725",70
"29504","74626","746",968
"29505","63639","636",1161
"29506","25560","255",846
"29507","34639","346",406
"29508","86926","869",980
"29509","23747","237",566
"29510","82386","823",17
"29511","85111","851",1005
"29512","06556","065",683
"29513","86565","865",996
"29514","82319","823",17
"29515","91233","912",897
"29516","06313","063",688
"29517","82067","820",1167
"29518","06347","063",688
"29519","85402","854",1060
"29520","06420","064",687
"29521","84089","840",49
"29522","85551","855",1057
"29523","19370","193",763
"29524","07819","078",740
"29525","95176","951",93
"29526","03249","032",905
"29527","94051","940",1178
"29528","94146","941",1175
"29529","12587","125",521
"29530","94118","941",1175
"29531","12589","125",521
"29532","01990","019",853
"29533","01129","011",813
"29534","01108","011",813
"29535","01847","018",856
"29536","01877","018",856
"29537","01844","018",856
"29538","03042","030",908
"29539","02794","027",768
"29540","02785","027",768
"29541","57632","576",161
"29542","44265","442",339
"29543","55629","556",428
"29544","56584","565",350
"29545","66849","668",303
"29546","56317","563",356
"29547","56170","561",382
"29548","55496","554",435
"29549","48653","486",192
"29550","45772","457",144
"29551","55779","557",514
"29552","26524","265",789
"29553","42389","423",231
"29554","56253","562",365
"29555","58456","584",106
"29556","44575","445",328
"29557","56869","568",426
"29558","66869","668",302
"29559","66882","668",303
"29560","89191","891",332
"29561","97783","977",1079
"29562","73565","735",1041
"29563","30173","301",596
"29564","21261","212",487
"29565","73568","735",1041
"29566","89608","896",317
"29567","73329","733",1043
"29568","97957","979",1072
"29569","30539","305",604
"29570","97234","972",1020
"29571","88161","881",1080
"29572","97727","977",1079
"29573","97074","970",1024
"29574","89194","891",332
"29575","29320","293",727
"29576","89250","892",327
"29577","88486","884",1071
"29578","97318","973",1019
"29579","37199","371",637
"29580","97616","976",1082
"29581","89346","893",325
"29582","22941","229",453
"29583","24226","242",550
"29584","97422","974",1018
"29585","37351","373",635
"29586","91605","916",883
"29587","38268","382",617
"29588","98574","985",959
"29589","89352","893",325
"29590","89429","894",323
"29591","87488","874",1136
"29592","98596","985",959
"29593","87634","876",1166
"29594","99820","998",1169
"29595","91599","915",889
"29596","91744","917",878
"29597","89344","893",325
"29598","38304","383",615
"29599","97494","974",1018
"29600","89361","893",325
"29601","86868","868",981
"29602","23684","236",568
"29603","87668","876",1166
"29604","29590","295",725
"29605","86494","864",943
"29606","87675","876",1166
"29607","23627","236",567
"29608","91475","914",893
"29609","91729","917",878
"29610","91723","917",878
"29611","86875","868",981
"29612","91085","910",900
"29613","96164","961",58
"29614","86679","866",988
"29615","06502","065",686
"29616","96117","961",58
"29617","96528","965",88
"29618","23777","237",566
"29619","19243","192",765
"29620","86453","864",947
"29621","91301","913",895
"29622","23948","239",589
"29623","52078","520",1027
"29624","47638","476",210
"29625","52393","523",1023
"29626","46509","465",91
"29627","54612","546",288
"29628","41066","410",286
"29629","47839","478",208
"29630","41352","413",282
"29631","53947","539",330
"29632","54574","545",235
"29633","54529","545",234
"29634","46569","465",90
"29635","50354","503",960
"29636","40885","408",1059
"29637","66822","668",301
"29638","66346","663",257
"29639","45470","454",157
"29640","46236","462",98
"29641","40723","407",1061
"29642","54487","544",242
"29643","45239","452",159
"29644","53859","538",334
"29645","66123","661",260
"29646","51149","511",1096
"29647","42657","426",280
"29648","66271","662",258
"29649","34314","343",412
"29650","73650","736",1039
"29651","74639","746",968
"29652","88373","883",1074
"29653","37639","376",631
"29654","73635","736",1039
"29655","34125","341",423
"29656","30823","308",601
"29657","88422","884",1071
"29658","74632","746",968
"29659","74676","746",968
"29660","88142","881",1080
"29661","79206","792",502
"29662","67734","677",447
"29663","48155","481",206
"29664","49624","496",642
"29665","26409","264",792
"29666","79291","792",502
"29667","56206","562",367
"29668","79282","792",502
"29669","79219","792",502
"29670","26689","266",788
"29671","56335","563",359
"29672","79618","796",492
"29673","79111","791",506
"29674","77972","779",390
"29675","55593","555",434
"29676","59227","592",225
"29677","77876","778",392
"29678","67146","671",476
"29679","76870","768",1108
"29680","77830","778",392
"29681","77793","777",397
"29682","65527","655",307
"29683","65207","652",310
"29684","25980","259",829
"29685","76774","767",1111
"29686","79801","798",483
"29687","78713","787",261
"29688","67471","674",460
"29689","59457","594",222
"29690","49593","495",643
"29691","67319","673",464
"29692","67304","673",464
"29693","65604","656",376
"29694","67466","674",460
"29695","77716","777",397
"29696","85664","856",1055
"29697","92720","927",835
"29698","18276","182",698
"29699","93080","930",28
"29700","93128","931",53
"29701","07552","075",745
"29702","93158","931",53
"29703","84416","844",81
"29704","95173","951",93
"29705","84439","844",81
"29706","07546","075",745
"29707","83022","830",87
"29708","84051","840",49
"29709","06849","068",668
"29710","04178","041",870
"29711","04613","046",860
"29712","83555","835",131
"29713","83129","831",85
"29714","08427","084",731
"29715","93099","930",29
"29716","84494","844",81
"29717","93492","934",50
"29718","94359","943",26
"29719","09355","093",1126
"29720","84307","843",83
"29721","93468","934",50
"29722","06917","069",664
"29723","14547","145",775
"29724","08352","083",732
"29725","09380","093",1126
"29726","09390","093",1126
"29727","01594","015",807
"29728","13505","135",820
"29729","17498","174",717
"29730","04938","049",857
"29731","94163","941",1175
"29732","09548","095",1119
"29733","94032","940",1177
"29734","85309","853",1002
"29735","85101","851",1005
"29736","95367","953",156
"29737","92345","923",851
"29738","82041","820",1167
"29739","91281","912",897
"29740","81827","818",31
"29741","83626","836",129
"29742","07619","076",744
"29743","19406","194",761
"29744","85416","854",1060
"29745","85410","854",1060
"29746","16928","169",869
"29747","06721","067",673
"29748","12681","126",516
"29749","12621","126",516
"29750","01896","018",856
"29751","03226","032",905
"29752","17328","173",718
"29753","02694","026",769
"29754","02953","029",802
"29755","02906","029",803
"29756","79685","796",492
"29757","57080","570",172
"29758","57368","573",169
"29759","77790","777",397
"29760","65553","655",307
"29761","25364","253",850
"29762","36043","360",563
"29763","36199","361",562
"29764","74405","744",970
"29765","29323","293",727
"29766","30519","305",604
"29767","30657","306",602
"29768","36129","361",561
"29769","36205","362",560
"29770","24259","242",551
"29771","31319","313",659
"29772","37318","373",635
"29773","37130","371",637
"29774","89077","890",337
"29775","24239","242",551
"29776","31135","311",662
"29777","24598","245",541
"29778","21217","212",487
"29779","37589","375",632
"29780","24244","242",552
"29781","87538","875",1135
"29782","73430","734",1042
"29783","24106","241",557
"29784","89264","892",327
"29785","31185","311",662
"29786","24211","242",550
"29787","91465","914",893
"29788","73485","734",1042
"29789","89561","895",320
"29790","89437","894",323
"29791","89364","893",325
"29792","86381","863",949
"29793","23818","238",593
"29794","37355","373",635
"29795","21395","213",478
"29796","21382","213",478
"29797","29587","295",725
"29798","97631","976",1083
"29799","87484","874",1136
"29800","91474","914",893
"29801","86657","866",988
"29802","29439","294",726
"29803","86938","869",980
"29804","82496","824",13
"29805","90596","905",755
"29806","91358","913",895
"29807","29488","294",726
"29808","91207","912",897
"29809","99439","994",1147
"29810","29484","294",726
"29811","82404","824",15
"29812","99423","994",1147
"29813","35239","352",579
"29814","35579","355",574
"29815","72280","722",76
"29816","35576","355",574
"29817","35232","352",579
"29818","33617","336",499
"29819","72178","721",33
"29820","35581","355",574
"29821","28779","287",896
"29822","25826","258",830
"29823","35108","351",584
"29824","63263","632",1104
"29825","61352","613",1029
"29826","78194","781",273
"29827","76703","767",1112
"29828","69120","691",187
"29829","35516","355",575
"29830","78665","786",264
"29831","69234","692",179
"29832","72356","723",74
"29833","78604","786",262
"29834","75223","752",1124
"29835","31600","316",676
"29836","78570","785",265
"29837","74867","748",966
"29838","63505","635",1163
"29839","32683","326",656
"29840","69427","694",177
"29841","24980","249",564
"29842","63867","638",1157
"29843","70195","701",11
"29844","74399","743",929
"29845","70567","705",8
"29846","25885","258",830
"29847","27367","273",925
"29848","70180","701",11
"29849","72501","725",70
"29850","74395","743",929
"29851","70329","703",10
"29852","71723","717",111
"29853","34270","342",419
"29854","74189","741",939
"29855","34305","343",410
"29856","74251","742",933
"29857","71543","715",118
"29858","26802","268",784
"29859","49809","498",638
"29860","53578","535",345
"29861","51766","517",1137
"29862","44369","443",336
"29863","48431","484",198
"29864","45891","458",189
"29865","48531","485",196
"29866","53844","538",334
"29867","45549","455",155
"29868","45665","456",153
"29869","56736","567",346
"29870","45711","457",144
"29871","87650","876",1166
"29872","96132","961",58
"29873","86450","864",943
"29874","38126","381",618
"29875","97475","974",1018
"29876","21514","215",467
"29877","86637","866",988
"29878","91595","915",889
"29879","87666","876",1166
"29880","86759","867",982
"29881","91746","917",878
"29882","29588","295",725
"29883","86650","866",988
"29884","86856","868",981
"29885","86482","864",943
"29886","91575","915",889
"29887","19217","192",765
"29888","99765","997",1170
"29889","86989","869",980
"29890","99334","993",1149
"29891","29459","294",726
"29892","86947","869",980
"29893","98701","987",1013
"29894","91334","913",895
"29895","82269","822",19
"29896","86911","869",980
"29897","29482","294",726
"29898","86941","869",980
"29899","47559","475",212
"29900","52146","521",1026
"29901","41836","418",313
"29902","52459","524",1095
"29903","52399","523",1023
"29904","54306","543",245
"29905","54313","543",245
"29906","26757","267",787
"29907","54318","543",245
"29908","47249","472",214
"29909","47138","471",215
"29910","47279","472",214
"29911","40589","405",1066
"29912","50829","508",956
"29913","50321","503",960
"29914","42579","425",281
"29915","51143","511",1096
"29916","48619","486",193
"29917","71554","715",118
"29918","97828","978",1077
"29919","97922","979",1072
"29920","24768","247",534
"29921","89607","896",315
"29922","97292","972",1020
"29923","57639","576",162
"29924","58636","586",104
"29925","76473","764",1045
"29926","49401","494",645
"29927","26129","261",800
"29928","65203","652",310
"29929","76571","765",1044
"29930","67071","670",480
"29931","67112","671",476
"29932","85661","856",1055
"29933","85461","854",1060
"29934","95700","957",138
"29935","06132","061",692
"29936","92729","927",835
"29937","93077","930",28
"29938","08606","086",729
"29939","06188","061",692
"29940","18119","181",701
"29941","06780","067",674
"29942","83550","835",131
"29943","83026","830",87
"29944","84184","841",45
"29945","07985","079",739
"29946","95703","957",137
"29947","06809","068",666
"29948","83128","831",85
"29949","83112","831",84
"29950","14827","148",771
"29951","84137","841",45
"29952","83209","832",135
"29953","92697","926",844
"29954","95695","956",143
"29955","84453","844",81
"29956","83346","833",133
"29957","83371","833",133
"29958","84339","843",83
"29959","09328","093",1127
"29960","83458","834",132
"29961","83334","833",133
"29962","94362","943",26
"29963","84547","845",79
"29964","83454","834",132
"29965","93473","934",50
"29966","83367","833",133
"29967","14913","149",770
"29968","83486","834",132
"29969","94250","942",27
"29970","17219","172",720
"29971","17111","171",722
"29972","09244","092",1130
"29973","09113","091",1132
"29974","83395","833",134
"29975","17094","170",723
"29976","16792","167",873
"29977","01619","016",806
"29978","39167","391",713
"29979","85716","857",1051
"29980","80937","809",814
"29981","83708","837",128
"29982","81735","817",32
"29983","95192","951",93
"29984","07616","076",744
"29985","95469","954",154
"29986","85356","853",999
"29987","92676","926",841
"29988","84094","840",49
"29989","85667","856",1052
"29990","92242","922",852
"29991","86559","865",996
"29992","82256","822",19
"29993","90552","905",758
"29994","85229","852",1004
"29995","85123","851",1006
"29996","17390","173",718
"29997","15566","155",913
"29998","94110","941",1175
"29999","15859","158",910
"30000","16248","162",888
"30001","01994","019",853
"30002","17454","174",716
"30003","15234","152",915
"30004","46446","464",94
"30005","41366","413",283
"30006","52396","523",1023
"30007","41199","411",285
"30008","52349","523",1023
"30009","41517","415",321
"30010","54311","543",244
"30011","41515","415",321
"30012","46414","464",94
"30013","47226","472",214
"30014","66709","667",306
"30015","66265","662",259
"30016","40883","408",1059
"30017","48599","485",195
"30018","45257","452",159
"30019","48429","484",198
"30020","48282","482",205
"30021","26904","269",779
"30022","56154","561",380
"30023","56072","560",385
"30024","44329","443",336
"30025","58566","585",105
"30026","66399","663",256
"30027","44651","446",326
"30028","44793","447",422
"30029","51789","517",1137
"30030","58332","583",108
"30031","44149","441",340
"30032","59939","599",216
"30033","67166","671",476
"30034","35080","350",586
"30035","33415","334",504
"30036","72226","722",76
"30037","68163","681",401
"30038","75335","753",1121
"30039","59929","599",216
"30040","78054","780",275
"30041","78056","780",275
"30042","33611","336",499
"30043","68723","687",386
"30044","78187","781",273
"30045","61191","611",962
"30046","69231","692",179
"30047","69126","691",187
"30048","78606","786",262
"30049","64658","646",1100
"30050","64846","648",1098
"30051","74889","748",965
"30052","71299","712",124
"30053","28865","288",894
"30054","27249","272",926
"30055","34477","344",409
"30056","63512","635",1162
"30057","63500","635",1162
"30058","34454","344",409
"30059","74397","743",929
"30060","21770","217",525
"30061","71032","710",78
"30062","63755","637",1160
"30063","71101","711",127
"30064","27333","273",925
"30065","31683","316",675
"30066","31547","315",678
"30067","70597","705",8
"30068","70736","707",5
"30069","31552","315",678
"30070","31636","316",677
"30071","72574","725",70
"30072","74243","742",934
"30073","29664","296",724
"30074","88048","880",1084
"30075","73666","736",1039
"30076","37603","376",631
"30077","88400","884",1071
"30078","25421","254",848
"30079","88410","884",1071
"30080","73569","735",1041
"30081","88437","884",1071
"30082","24647","246",537
"30083","97996","979",1072
"30084","24644","246",537
"30085","31139","311",662
"30086","24649","246",537
"30087","97283","972",1020
"30088","37287","372",636
"30089","88484","884",1071
"30090","73572","735",1041
"30091","22455","224",398
"30092","73563","735",1041
"30093","89179","891",332
"30094","97286","972",1020
"30095","21439","214",472
"30096","24628","246",536
"30097","88459","884",1071
"30098","29565","295",725
"30099","89176","891",332
"30100","99817","998",1169
"30101","98590","985",959
"30102","87545","875",1135
"30103","89423","894",323
"30104","87435","874",1136
"30105","99986","999",1168
"30106","91578","915",889
"30107","22964","229",453
"30108","89356","893",325
"30109","79591","795",495
"30110","56340","563",354
"30111","57589","575",167
"30112","56191","561",382
"30113","56237","562",367
"30114","55430","554",435
"30115","57537","575",166
"30116","79341","793",501
"30117","58809","588",101
"30118","79224","792",502
"30119","77974","779",390
"30120","67826","678",519
"30121","86741","867",982
"30122","89420","894",323
"30123","38302","383",615
"30124","29579","295",725
"30125","86865","868",981
"30126","21398","213",478
"30127","86497","864",943
"30128","38556","385",613
"30129","23909","239",588
"30130","23568","235",569
"30131","86681","866",988
"30132","21369","213",478
"30133","38473","384",614
"30134","86986","869",980
"30135","90617","906",754
"30136","96052","960",59
"30137","86916","869",980
"30138","38461","384",614
"30139","96450","964",89
"30140","23743","237",566
"30141","86703","867",986
"30142","86415","864",945
"30143","96489","964",89
"30144","58710","587",103
"30145","76846","768",1110
"30146","79299","792",502
"30147","79289","792",502
"30148","59229","592",225
"30149","56459","564",352
"30150","26219","262",798
"30151","49170","491",654
"30152","49205","492",652
"30153","65346","653",309
"30154","49084","490",658
"30155","77784","777",397
"30156","65344","653",309
"30157","67147","671",476
"30158","49163","491",654
"30159","33829","338",549
"30160","67134","671",476
"30161","49356","493",649
"30162","35619","356",571
"30163","65474","654",308
"30164","73274","732",971
"30165","34376","343",412
"30166","36103","361",561
"30167","72537","725",70
"30168","34326","343",413
"30169","97855","978",1077
"30170","37632","376",631
"30171","24816","248",531
"30172","89613","896",315
"30173","85567","855",1057
"30174","95615","956",143
"30175","83539","835",131
"30176","83533","835",131
"30177","92717","927",837
"30178","19395","193",763
"30179","06861","068",668
"30180","83512","835",131
"30181","83137","831",85
"30182","93177","931",53
"30183","17213","172",719
"30184","92526","925",847
"30185","84478","844",81
"30186","08060","080",738
"30187","17166","171",722
"30188","04552","045",862
"30189","94351","943",26
"30190","08132","081",737
"30191","14662","146",774
"30192","08141","081",737
"30193","93483","934",50
"30194","94419","944",23
"30195","84579","845",79
"30196","94375","943",26
"30197","94336","943",26
"30198","18513","185",694
"30199","84332","843",83
"30200","94262","942",27
"30201","94560","945",21
"30202","09123","091",1132
"30203","83404","834",132
"30204","94539","945",21
"30205","17121","171",722
"30206","09471","094",1123
"30207","16798","167",873
"30208","09432","094",1123
"30209","94530","945",22
"30210","94508","945",22
"30211","94575","945",22
"30212","94060","940",1176
"30213","09526","095",1119
"30214","13627","136",819
"30215","94154","941",1175
"30216","85055","850",1009
"30217","91247","912",897
"30218","19067","190",766
"30219","83674","836",129
"30220","92259","922",852
"30221","07929","079",739
"30222","95119","951",93
"30223","85521","855",1058
"30224","85737","857",1049
"30225","85640","856",1052
"30226","85653","856",1052
"30227","83700","837",128
"30228","85658","856",1052
"30229","85462","854",1060
"30230","92274","922",852
"30231","95032","950",97
"30232","07955","079",739
"30233","96237","962",57
"30234","96247","962",57
"30235","82285","822",19
"30236","91369","913",895
"30237","29472","294",726
"30238","86556","865",996
"30239","29476","294",726
"30240","91346","913",895
"30241","86562","865",996
"30242","99427","994",1147
"30243","91227","912",897
"30244","96337","963",56
"30245","86558","865",996
"30246","07333","073",747
"30247","23896","238",595
"30248","38104","381",618
"30249","91722","917",878
"30250","99706","997",1170
"30251","99867","998",1169
"30252","29379","293",727
"30253","23879","238",595
"30254","23717","237",566
"30255","86502","865",998
"30256","86405","864",948
"30257","86678","866",988
"30258","23738","237",566
"30259","86972","869",980
"30260","99090","990",1158
"30261","86688","866",988
"30262","91792","917",878
"30263","96253","962",57
"30264","19205","192",765
"30265","91096","910",900
"30266","90449","904",760
"30267","98724","987",1013
"30268","01558","015",808
"30269","17509","175",715
"30270","13051","130",833
"30271","01762","017",804
"30272","15754","157",912
"30273","16227","162",888
"30274","03185","031",906
"30275","02692","026",769
"30276","02782","027",768
"30277","02739","027",768
"30278","68305","683",394
"30279","65451","654",308
"30280","61267","612",1030
"30281","76356","763",1046
"30282","76327","763",1046
"30283","64546","645",1101
"30284","27607","276",921
"30285","75305","753",1121
"30286","79798","797",490
"30287","75339","753",1121
"30288","33699","336",499
"30289","65933","659",353
"30290","64293","642",1037
"30291","69207","692",181
"30292","78250","782",270
"30293","33181","331",511
"30294","72186","721",33
"30295","72351","723",74
"30296","74918","749",963
"30297","78573","785",265
"30298","69253","692",185
"30299","28219","282",902
"30300","61200","612",1030
"30301","74909","749",964
"30302","71126","711",125
"30303","32760","327",653
"30304","35410","354",576
"30305","72361","723",74
"30306","75031","750",1131
"30307","74937","749",964
"30308","71287","712",124
"30309","27254","272",926
"30310","88631","886",1065
"30311","34513","345",407
"30312","74869","748",966
"30313","25746","257",834
"30314","72116","721",35
"30315","74928","749",964
"30316","72474","724",72
"30317","72514","725",69
"30318","63743","637",1160
"30319","63911","639",1151
"30320","25864","258",830
"30321","74834","748",966
"30322","71711","717",111
"30323","72805","728",63
"30324","74850","748",966
"30325","31535","315",678
"30326","34621","346",406
"30327","24899","248",531
"30328","31787","317",672
"30329","24963","249",564
"30330","97833","978",1077
"30331","73240","732",971
"30332","88521","885",1068
"30333","24885","248",531
"30334","41068","410",287
"30335","54610","546",289
"30336","47239","472",214
"30337","47259","472",214
"30338","41466","414",324
"30339","66793","667",304
"30340","53534","535",342
"30341","53539","535",342
"30342","50933","509",955
"30343","46242","462",98
"30344","66126","661",260
"30345","49828","498",638
"30346","51373","513",1148
"30347","42553","425",281
"30348","45881","458",189
"30349","22880","228",457
"30350","97857","978",1077
"30351","21279","212",487
"30352","97225","972",1020
"30353","24793","247",535
"30354","31028","310",663
"30355","74544","745",969
"30356","37213","372",636
"30357","97268","972",1020
"30358","73571","735",1041
"30359","97082","970",1024
"30360","24623","246",537
"30361","88299","882",1078
"30362","97535","975",1087
"30363","73491","734",1042
"30364","98634","986",1016
"30365","37434","374",633
"30366","36466","364",558
"30367","37281","372",636
"30368","31241","312",661
"30369","89359","893",325
"30370","38709","387",608
"30371","22967","229",453
"30372","29556","295",725
"30373","87719","877",1165
"30374","96152","961",58
"30375","67722","677",450
"30376","79280","792",502
"30377","58739","587",103
"30378","77746","777",397
"30379","59071","590",227
"30380","79104","791",506
"30381","59514","595",221
"30382","77799","777",397
"30383","77723","777",397
"30384","49080","490",658
"30385","26316","263",796
"30386","65627","656",377
"30387","49685","496",642
"30388","26131","261",800
"30389","78141","781",273
"30390","76474","764",1045
"30391","67378","673",463
"30392","35638","356",571
"30393","67459","674",461
"30394","33334","333",509
"30395","65817","658",362
"30396","76599","765",1044
"30397","76275","762",1048
"30398","65779","657",371
"30399","27804","278",917
"30400","97907","979",1073
"30401","74744","747",967
"30402","88069","880",1084
"30403","88079","880",1084
"30404","73642","736",1039
"30405","21649","216",528
"30406","31008","310",663
"30407","73345","733",1043
"30408","51427","514",1146
"30409","53129","531",294
"30410","56727","567",346
"30411","56651","566",349
"30412","51503","515",1143
"30413","66453","664",255
"30414","45525","455",155
"30415","55743","557",514
"30416","53773","537",338
"30417","58644","586",104
"30418","55571","555",433
"30419","49637","496",642
"30420","56428","564",351
"30421","26632","266",788
"30422","49811","498",638
"30423","56254","562",365
"30424","66904","669",297
"30425","58135","581",114
"30426","67746","677",448
"30427","26487","264",792
"30428","67749","677",447
"30429","83730","837",128
"30430","83553","835",131
"30431","92546","925",847
"30432","08547","085",730
"30433","06846","068",668
"30434","04509","045",863
"30435","92447","924",849
"30436","84431","844",81
"30437","84544","845",79
"30438","08267","082",735
"30439","08064","080",738
"30440","14776","147",772
"30441","08112","081",737
"30442","17179","171",722
"30443","04668","046",861
"30444","08118","081",737
"30445","17159","171",722
"30446","09481","094",1123
"30447","14548","145",775
"30448","18510","185",694
"30449","09128","091",1132
"30450","09661","096",1116
"30451","09429","094",1123
"30452","94474","944",24
"30453","12279","122",524
"30454","15834","158",909
"30455","17348","173",718
"30456","17098","170",723
"30457","24392","243",546
"30458","73337","733",1043
"30459","88364","883",1074
"30460","25373","253",850
"30461","37574","375",632
"30462","22587","225",393
"30463","37218","372",636
"30464","24634","246",537
"30465","37242","372",636
"30466","25479","254",848
"30467","24398","243",546
"30468","97084","970",1024
"30469","97653","976",1082
"30470","36142","361",561
"30471","37296","372",636
"30472","88453","884",1071
"30473","37276","372",636
"30474","73447","734",1042
"30475","97645","976",1082
"30476","97279","972",1020
"30477","24250","242",550
"30478","24143","241",557
"30479","89296","892",327
"30480","21031","210",494
"30481","91583","915",889
"30482","29345","293",727
"30483","24248","242",550
"30484","97350","973",1019
"30485","89297","892",327
"30486","38228","382",617
"30487","86480","864",943
"30488","87471","874",1136
"30489","37345","373",635
"30490","97519","975",1092
"30491","89343","893",325
"30492","91749","917",878
"30493","38528","385",613
"30494","91472","914",893
"30495","38315","383",615
"30496","86745","867",982
"30497","38667","386",611
"30498","85134","851",1005
"30499","91257","912",897
"30500","95500","955",147
"30501","85777","857",1051
"30502","95179","951",93
"30503","18233","182",698
"30504","85104","851",1008
"30505","81825","818",31
"30506","95239","952",92
"30507","39245","392",712
"30508","06386","063",689
"30509","75337","753",1121
"30510","65479","654",308
"30511","78183","781",273
"30512","68766","687",386
"30513","68519","685",389
"30514","69493","694",176
"30515","35041","350",586
"30516","27248","272",926
"30517","63303","633",1102
"30518","75181","751",1128
"30519","34431","344",409
"30520","63069","630",1106
"30521","64409","644",1034
"30522","63128","631",1105
"30523","33100","331",511
"30524","75391","753",1121
"30525","32756","327",653
"30526","74925","749",964
"30527","63674","636",1161
"30528","35321","353",578
"30529","64732","647",1099
"30530","27321","273",925
"30531","21782","217",525
"30532","71067","710",78
"30533","27327","273",925
"30534","72417","724",72
"30535","72810","728",64
"30536","34596","345",407
"30537","36304","363",559
"30538","74235","742",934
"30539","37688","376",631
"30540","72829","728",63
"30541","63828","638",1156
"30542","73733","737",1038
"30543","24861","248",531
"30544","74706","747",967
"30545","97901","979",1073
"30546","37699","376",631
"30547","73630","736",1039
"30548","87494","874",1136
"30549","87674","876",1166
"30550","99887","998",1169
"30551","38321","383",615
"30552","86754","867",982
"30553","90599","905",757
"30554","91580","915",889
"30555","86609","866",988
"30556","29562","295",725
"30557","91452","914",893
"30558","86477","864",943
"30559","38468","384",614
"30560","38476","384",614
"30561","91741","917",878
"30562","91720","917",878
"30563","96479","964",89
"30564","91799","917",878
"30565","96482","964",89
"30566","96149","961",58
"30567","96269","962",57
"30568","38822","388",606
"30569","86974","869",980
"30570","96129","961",58
"30571","90453","904",760
"30572","91088","910",900
"30573","91161","911",898
"30574","85072","850",1010
"30575","96272","962",57
"30576","06577","065",683
"30577","96277","962",57
"30578","91367","913",895
"30579","82392","823",17
"30580","19057","190",766
"30581","04934","049",857
"30582","15366","153",914
"30583","15713","157",912
"30584","01099","010",816
"30585","01998","019",853
"30586","15868","158",910
"30587","03130","031",906
"30588","02730","027",768
"30589","41812","418",313
"30590","66663","666",249
"30591","54568","545",235
"30592","50171","501",928
"30593","54662","546",288
"30594","46397","463",96
"30595","47199","471",215
"30596","47198","471",215
"30597","41542","415",321
"30598","54531","545",234
"30599","54346","543",245
"30600","40878","408",1059
"30601","40822","408",1059
"30602","56769","567",347
"30603","42781","427",279
"30604","51465","514",1146
"30605","49744","497",641
"30606","49762","497",641
"30607","42859","428",274
"30608","51491","514",1146
"30609","44627","446",326
"30610","77887","778",392
"30611","26197","261",801
"30612","65611","656",378
"30613","79761","797",488
"30614","35799","357",570
"30615","76470","764",1045
"30616","76751","767",1111
"30617","65191","651",311
"30618","77761","777",397
"30619","79793","797",488
"30620","79771","797",488
"30621","72290","722",76
"30622","35768","357",570
"30623","61279","612",1030
"30624","24800","248",531
"30625","31832","318",665
"30626","71549","715",118
"30627","97892","978",1077
"30628","24811","248",531
"30629","36041","360",563
"30630","24977","249",564
"30631","25436","254",848
"30632","25597","255",846
"30633","21258","212",487
"30634","24813","248",531
"30635","73667","736",1039
"30636","36151","361",561
"30637","24784","247",534
"30638","66976","669",295
"30639","49626","496",642
"30640","79539","795",495
"30641","67829","678",517
"30642","79268","792",502
"30643","79288","792",502
"30644","51598","515",1142
"30645","79294","792",502
"30646","49696","496",642
"30647","49688","496",642
"30648","79312","793",501
"30649","57645","576",165
"30650","57584","575",166
"30651","49565","495",643
"30652","49635","496",642
"30653","65321","653",309
"30654","79694","796",492
"30655","79682","796",492
"30656","49090","490",658
"30657","65599","655",307
"30658","26389","263",797
"30659","42399","423",231
"30660","48301","483",199
"30661","56656","566",349
"30662","55774","557",514
"30663","49777","497",641
"30664","55626","556",430
"30665","44143","441",340
"30666","66917","669",296
"30667","66506","665",253
"30668","58239","582",113
"30669","56321","563",354
"30670","41372","413",283
"30671","53949","539",330
"30672","54451","544",240
"30673","41462","414",324
"30674","54421","544",241
"30675","46342","463",95
"30676","56828","568",425
"30677","29690","296",724
"30678","21739","217",525
"30679","97953","979",1072
"30680","88326","883",1074
"30681","34298","342",419
"30682","58769","587",102
"30683","55444","554",435
"30684","79336","793",501
"30685","76534","765",1044
"30686","67269","672",469
"30687","35764","357",570
"30688","67292","672",470
"30689","44339","443",336
"30690","56593","565",350
"30691","56281","562",364
"30692","56599","565",350
"30693","66629","666",249
"30694","26899","268",784
"30695","19303","193",762
"30696","91320","913",895
"30697","06466","064",687
"30698","85232","852",1004
"30699","85125","851",1005
"30700","82178","821",20
"30701","95158","951",93
"30702","06366","063",689
"30703","06722","067",673
"30704","16945","169",869
"30705","84082","840",49
"30706","04207","042",868
"30707","18279","182",698
"30708","84178","841",45
"30709","92552","925",847
"30710","04838","048",858
"30711","18320","183",697
"30712","17207","172",719
"30713","84381","843",83
"30714","04936","049",857
"30715","28790","287",896
"30716","49419","494",645
"30717","64347","643",1035
"30718","75015","750",1131
"30719","34519","345",408
"30720","35104","351",585
"30721","72401","724",72
"30722","35466","354",576
"30723","71157","711",126
"30724","72461","724",72
"30725","32825","328",646
"30726","31675","316",675
"30727","34439","344",409
"30728","27299","272",927
"30729","72488","724",72
"30730","88696","886",1064
"30731","70378","703",10
"30732","34637","346",406
"30733","36369","363",559
"30734","21698","216",528
"30735","31157","311",662
"30736","25494","254",848
"30737","88353","883",1074
"30738","37290","372",636
"30739","24582","245",543
"30740","89555","895",320
"30741","31167","311",662
"30742","99834","998",1169
"30743","22115","221",403
"30744","99831","998",1169
"30745","24232","242",550
"30746","21407","214",471
"30747","85298","852",1004
"30748","96349","963",56
"30749","06308","063",688
"30750","85098","850",1009
"30751","39110","391",713
"30752","83677","836",129
"30753","95234","952",92
"30754","85413","854",1060
"30755","19336","193",764
"30756","86751","867",982
"30757","86833","868",981
"30758","99885","998",1169
"30759","86690","866",988
"30760","91785","917",878
"30761","91788","917",878
"30762","19230","192",765
"30763","16269","162",888
"30764","15320","153",914
"30765","03172","031",906
"30766","01979","019",853
"30767","52499","524",1095
"30768","53925","539",330
"30769","66333","663",257
"30770","49843","498",638
"30771","24802","248",531
"30772","29308","293",727
"30773","97795","977",1079
"30774","25485","254",848
"30775","24568","245",540
"30776","36419","364",558
"30777","74424","744",970
"30778","73494","734",1042
"30779","97656","976",1082
"30780","89281","892",327
"30781","73492","734",1042
"30782","24635","246",539
"30783","87773","877",1165
"30784","87785","877",1165
"30785","91555","915",889
"30786","89446","894",323
"30787","29553","295",725
"30788","99947","999",1168
"30789","38551","385",613
"30790","35644","356",571
"30791","35075","350",586
"30792","78083","780",275
"30793","64295","642",1037
"30794","72221","722",76
"30795","78591","785",265
"30796","72229","722",76
"30797","34414","344",409
"30798","78351","783",267
"30799","35327","353",578
"30800","63897","638",1155
"30801","34434","344",409
"30802","71642","716",116
"30803","63875","638",1156
"30804","88356","883",1074
"30805","24887","248",531
"30806","97900","979",1072
"30807","76448","764",1045
"30808","78199","781",273
"30809","67373","673",463
"30810","68623","686",388
"30811","64589","645",1101
"30812","34323","343",413
"30813","74629","746",968
"30814","34253","342",419
"30815","24594","245",542
"30816","79674","796",492
"30817","79730","797",488
"30818","79859","798",482
"30819","56316","563",356
"30820","58762","587",102
"30821","48167","481",206
"30822","48324","483",201
"30823","44137","441",340
"30824","48480","484",197
"30825","06128","061",692
"30826","95182","951",93
"30827","84056","840",49
"30828","83098","830",87
"30829","08548","085",730
"30830","92533","925",847
"30831","04523","045",862
"30832","95692","956",143
"30833","06792","067",674
"30834","92727","927",838
"30835","04575","045",862
"30836","83278","832",136
"30837","83379","833",133
"30838","17154","171",722
"30839","14109","141",778
"30840","94227","942",27
"30841","14979","149",770
"30842","06295","062",691
"30843","95358","953",156
"30844","06179","061",692
"30845","92724","927",836
"30846","06464","064",687
"30847","24327","243",547
"30848","96145","961",58
"30849","98669","986",1016
"30850","99338","993",1149
"30851","86929","869",980
"30852","96486","964",89
"30853","12524","125",521
"30854","15378","153",914
"30855","03054","030",908
"30856","02827","028",767
"30857","51645","516",1139
"30858","52531","525",1094
"30859","66763","667",304
"30860","50767","507",957
"30861","66128","661",260
"30862","67678","676",451
"30863","79713","797",488
"30864","79868","798",482
"30865","59302","593",224
"30866","42929","429",272
"30867","42899","428",274
"30868","49545","495",643
"30869","97980","979",1072
"30870","25451","254",848
"30871","97705","977",1079
"30872","89195","891",332
"30873","73457","734",1042
"30874","37191","371",637
"30875","97252","972",1021
"30876","87544","875",1135
"30877","87743","877",1165
"30878","99826","998",1169
"30879","97633","976",1083
"30880","89368","893",325
"30881","99713","997",1170
"30882","29392","293",727
"30883","33142","331",511
"30884","35088","350",587
"30885","63225","632",1104
"30886","32479","324",625
"30887","35423","354",576
"30888","35085","350",586
"30889","64839","648",1098
"30890","32469","324",625
"30891","71297","712",124
"30892","72458","724",72
"30893","63741","637",1160
"30894","25850","258",830
"30895","34626","346",406
"30896","25557","255",846
"30897","71546","715",118
"30898","97877","978",1077
"30899","74613","746",968
"30900","19065","190",766
"30901","95497","954",154
"30902","07907","079",739
"30903","82278","822",19
"30904","91090","910",900
"30905","90584","905",759
"30906","82432","824",13
"30907","19077","190",766
"30908","86441","864",943
"30909","86845","868",981
"30910","86459","864",943
"30911","86853","868",981
"30912","38440","384",614
"30913","29473","294",726
"30914","86899","868",981
"30915","86971","869",980
"30916","86641","866",988
"30917","38350","383",616
"30918","39393","393",707
"30919","59872","598",218
"30920","35745","357",570
"30921","67360","673",463
"30922","33824","338",549
"30923","35236","352",579
"30924","35606","356",571
"30925","24986","249",564
"30926","85408","854",1060
"30927","83104","831",86
"30928","83088","830",87
"30929","83126","831",84
"30930","93107","931",52
"30931","83083","830",87
"30932","04463","044",864
"30933","83246","832",135
"30934","83242","832",135
"30935","83301","833",133
"30936","84568","845",79
"30937","06889","068",669
"30938","14822","148",771
"30939","17258","172",721
"30940","94536","945",22
"30941","94065","940",1178
"30942","15712","157",912
"30943","15537","155",913
"30944","01983","019",853
"30945","16303","163",881
"30946","15299","152",915
"30947","02899","028",767
"30948","29303","293",727
"30949","29646","296",724
"30950","36214","362",560
"30951","36115","361",561
"30952","36266","362",560
"30953","74592","745",969
"30954","88317","883",1076
"30955","88450","884",1071
"30956","73431","734",1042
"30957","97702","977",1079
"30958","91631","916",883
"30959","87474","874",1136
"30960","87749","877",1165
"30961","86491","864",943
"30962","87496","874",1136
"30963","87466","874",1136
"30964","86470","864",943
"30965","91726","917",878
"30966","82293","822",19
"30967","06526","065",684
"30968","91077","910",900
"30969","91347","913",895
"30970","18230","182",698
"30971","39122","391",713
"30972","39288","392",712
"30973","07922","079",739
"30974","84106","841",46
"30975","06124","061",692
"30976","92421","924",849
"30977","95679","956",143
"30978","83059","830",87
"30979","95701","957",139
"30980","06868","068",669
"30981","06901","069",664
"30982","92726","927",838
"30983","17248","172",719
"30984","94424","944",23
"30985","16766","167",873
"30986","94439","944",23
"30987","04895","048",858
"30988","94529","945",22
"30989","87616","876",1166
"30990","87600","876",1166
"30991","38879","388",606
"30992","87629","876",1166
"30993","38855","388",606
"30994","86420","864",943
"30995","38444","384",614
"30996","86653","866",988
"30997","19246","192",765
"30998","99707","997",1170
"30999","15749","157",912
"31000","15757","157",912
"31001","03205","032",905
"31002","15377","153",914
"31003","32289","322",627
"31004","35444","354",576
"31005","75394","753",1121
"31006","59964","599",216
"31007","72336","723",74
"31008","75417","754",1117
"31009","24994","249",564
"31010","21726","217",525
"31011","73730","737",1038
"31012","36399","363",559
"31013","36396","363",559
"31014","88518","885",1068
"31015","34385","343",412
"31016","52538","525",1094
"31017","53940","539",330
"31018","54453","544",240
"31019","40670","406",1063
"31020","54526","545",234
"31021","47119","471",215
"31022","66787","667",304
"31023","56767","567",347
"31024","66625","666",249
"31025","49767","497",641
"31026","56759","567",347
"31027","66978","669",295
"31028","26474","264",794
"31029","57587","575",166
"31030","67811","678",518
"31031","76596","765",1044
"31032","35716","357",570
"31033","35630","356",571
"31034","49328","493",648
"31035","72297","722",76
"31036","57578","575",166
"31037","51147","511",1096
"31038","56861","568",425
"31039","49808","498",638
"31040","44807","448",417
"31041","58300","583",109
"31042","53783","537",338
"31043","79424","794",496
"31044","52353","523",1023
"31045","40668","406",1063
"31046","50226","502",961
"31047","66359","663",257
"31048","54538","545",234
"31049","54424","544",242
"31050","79258","792",502
"31051","55442","554",435
"31052","58553","585",105
"31053","44328","443",336
"31054","79415","794",496
"31055","58119","581",115
"31056","66440","664",255
"31057","26721","267",786
"31058","56865","568",426
"31059","35719","357",570
"31060","59955","599",216
"31061","65931","659",353
"31062","27476","274",924
"31063","33758","337",553
"31064","64404","644",1033
"31065","76669","766",1115
"31066","32832","328",647
"31067","33189","331",511
"31068","35287","352",580
"31069","71155","711",126
"31070","25853","258",830
"31071","63762","637",1160
"31072","25860","258",830
"31073","34632","346",406
"31074","63584","635",1163
"31075","63688","636",1161
"31076","34628","346",406
"31077","21755","217",525
"31078","34308","343",410
"31079","88699","886",1064
"31080","71686","716",116
"31081","34317","343",411
"31082","27336","273",925
"31083","88376","883",1074
"31084","36367","363",559
"31085","37217","372",636
"31086","97532","975",1088
"31087","89312","893",325
"31088","87784","877",1165
"31089","36448","364",558
"31090","99848","998",1169
"31091","73467","734",1042
"31092","89349","893",325
"31093","24321","243",547
"31094","87647","876",1166
"31095","87651","876",1166
"31096","38899","388",606
"31097","86857","868",981
"31098","99610","996",1141
"31099","79664","796",492
"31100","49504","495",643
"31101","65307","653",309
"31102","79215","792",502
"31103","79297","792",502
"31104","56479","564",352
"31105","57334","573",169
"31106","35713","357",570
"31107","76332","763",1046
"31108","36287","362",560
"31109","71560","715",118
"31110","07338","073",747
"31111","85092","850",1009
"31112","93155","931",53
"31113","39291","392",712
"31114","07926","079",739
"31115","18249","182",698
"31116","07613","076",744
"31117","83080","830",87
"31118","83093","830",87
"31119","06803","068",667
"31120","06808","068",666
"31121","17214","172",719
"31122","08262","082",735
"31123","08309","083",732
"31124","17192","171",722
"31125","16833","168",871
"31126","08344","083",732
"31127","16827","168",871
"31128","14469","144",777
"31129","01773","017",804
"31130","03222","032",905
"31131","02799","027",768
"31132","39387","393",707
"31133","39345","393",708
"31134","85253","852",1004
"31135","29471","294",726
"31136","85113","851",1005
"31137","82549","825",12
"31138","96346","963",56
"31139","95180","951",93
"31140","06242","062",690
"31141","95126","951",93
"31142","95709","957",140
"31143","93183","931",53
"31144","82490","824",13
"31145","07318","073",747
"31146","19294","192",765
"31147","89619","896",315
"31148","97999","979",1072
"31149","88487","884",1071
"31150","24242","242",551
"31151","21271","212",487
"31152","37539","375",632
"31153","87527","875",1135
"31154","89564","895",320
"31155","87724","877",1165
"31156","98547","985",959
"31157","86424","864",943
"31158","83735","837",128
"31159","06112","061",692
"31160","39524","395",705
"31161","93083","930",28
"31162","95659","956",143
"31163","18299","182",698
"31164","95706","957",142
"31165","04158","041",870
"31166","04564","045",862
"31167","08349","083",732
"31168","09394","093",1126
"31169","84524","845",79
"31170","84571","845",79
"31171","14532","145",776
"31172","15936","159",907
"31173","15837","158",909
"31174","03253","032",905
"31175","17349","173",718
"31176","94568","945",22
"31177","33129","331",511
"31178","78073","780",275
"31179","72358","723",74
"31180","78253","782",270
"31181","35305","353",578
"31182","72415","724",72
"31183","78580","785",265
"31184","27442","274",923
"31185","28832","288",894
"31186","35260","352",580
"31187","72511","725",70
"31188","36318","363",559
"31189","36358","363",559
"31190","88515","885",1069
"31191","71720","717",111
"31192","24941","249",564
"31193","17398","173",718
"31194","01968","019",853
"31195","15517","155",913
"31196","15374","153",914
"31197","02977","029",802
"31198","02956","029",803
"31199","86874","868",981
"31200","96126","961",58
"31201","86842","868",981
"31202","86830","868",981
"31203","96476","964",89
"31204","86356","863",951
"31205","91801","918",877
"31206","29490","294",726
"31207","38376","383",616
"31208","34593","345",407
"31209","88284","882",1078
"31210","97785","977",1079
"31211","37235","372",636
"31212","58513","585",105
"31213","58708","587",103
"31214","77966","779",390
"31215","48351","483",201
"31216","57462","574",168
"31217","79669","796",492
"31218","59510","595",221
"31219","57290","572",170
"31220","57250","572",170
"31221","76149","761",1056
"31222","55469","554",435
"31223","54450","544",239
"31224","53945","539",330
"31225","49847","498",638
"31226","66806","668",300
"31227","40880","408",1059
"31228","50997","509",954
"31229","26871","268",784
"31230","56567","565",350
"31231","66497","664",255
"31232","39435","394",706
"31233","83670","836",129
"31234","06406","064",687
"31235","84104","841",46
"31236","95152","951",93
"31237","91332","913",895
"31238","82499","824",13
"31239","82239","822",19
"31240","82444","824",13
"31241","86579","865",996
"31242","19061","190",766
"31243","06682","066",681
"31244","06118","061",692
"31245","18258","182",698
"31246","06847","068",668
"31247","95643","956",143
"31248","04610","046",860
"31249","84092","840",49
"31250","84539","845",80
"31251","04416","044",864
"31252","83324","833",133
"31253","84567","845",79
"31254","93480","934",50
"31255","09465","094",1123
"31256","14947","149",770
"31257","94253","942",27
"31258","94113","941",1175
"31259","25581","255",846
"31260","74547","745",969
"31261","36145","361",561
"31262","29633","296",724
"31263","89257","892",327
"31264","87789","877",1165
"31265","73488","734",1042
"31266","98617","986",1016
"31267","91637","916",883
"31268","87736","877",1165
"31269","99842","998",1169
"31270","38690","386",611
"31271","37445","374",634
"31272","32312","323",626
"31273","72227","722",76
"31274","35119","351",582
"31275","78576","785",265
"31276","32457","324",625
"31277","34537","345",407
"31278","25862","258",830
"31279","21756","217",525
"31280","72818","728",63
"31281","72513","725",70
"31282","24852","248",531
"31283","88271","882",1078
"31284","86479","864",943
"31285","86655","866",988
"31286","23566","235",569
"31287","38470","384",614
"31288","29496","294",726
"31289","86504","865",990
"31290","99094","990",1158
"31291","52223","522",1025
"31292","52249","522",1025
"31293","54457","544",240
"31294","54329","543",244
"31295","50127","501",928
"31296","50129","501",928
"31297","66802","668",299
"31298","54579","545",237
"31299","48734","487",190
"31300","66557","665",250
"31301","55432","554",435
"31302","67688","676",451
"31303","57581","575",166
"31304","13125","131",826
"31305","01900","019",855
"31306","02999","029",802
"31307","02779","027",768
"31308","57413","574",168
"31309","57223","572",170
"31310","65388","653",309
"31311","77815","778",392
"31312","79774","797",488
"31313","24837","248",531
"31314","71540","715",118
"31315","36251","362",560
"31316","97753","977",1079
"31317","78147","781",273
"31318","65468","654",308
"31319","58339","583",107
"31320","85095","850",1011
"31321","07368","073",747
"31322","95138","951",93
"31323","39218","392",710
"31324","95482","954",154
"31325","85399","853",999
"31326","39240","392",710
"31327","95030","950",97
"31328","06126","061",692
"31329","82438","824",13
"31330","96142","961",58
"31331","39619","396",704
"31332","76889","768",1107
"31333","55286","552",441
"31334","88339","883",1074
"31335","29614","296",724
"31336","36167","361",561
"31337","21274","212",487
"31338","74586","745",969
"31339","88430","884",1071
"31340","97340","973",1019
"31341","36433","364",558
"31342","38229","382",617
"31343","89331","893",325
"31344","38542","385",613
"31345","23701","237",566
"31346","86850","868",981
"31347","86872","868",981
"31348","99994","999",1168
"31349","86975","869",980
"31350","23570","235",569
"31351","86447","864",948
"31352","71577","715",118
"31353","73104","731",974
"31354","47624","476",210
"31355","50189","501",928
"31356","66740","667",304
"31357","54518","545",234
"31358","54528","545",234
"31359","48683","486",193
"31360","51580","515",1142
"31361","35753","357",570
"31362","55481","554",435
"31363","26579","265",791
"31364","49716","497",641
"31365","54483","544",242
"31366","95185","951",93
"31367","92681","926",841
"31368","84066","840",49
"31369","83556","835",131
"31370","06779","067",674
"31371","92685","926",844
"31372","08261","082",735
"31373","08289","082",736
"31374","06905","069",664
"31375","09337","093",1126
"31376","18465","184",696
"31377","93471","934",50
"31378","04916","049",857
"31379","16556","165",874
"31380","16559","165",874
"31381","16562","165",874
"31382","16567","165",874
"31383","27478","274",924
"31384","72224","722",76
"31385","61194","611",962
"31386","31737","317",670
"31387","63654","636",1161
"31388","27404","274",923
"31389","25884","258",830
"31390","88634","886",1064
"31391","36326","363",559
"31392","34590","345",407
"31393","36341","363",559
"31394","73776","737",1038
"31395","13059","130",833
"31396","15913","159",907
"31397","03099","030",908
"31398","03055","030",908
"31399","35216","352",579
"31400","68239","682",395
"31401","78652","786",262
"31402","32120","321",629
"31403","78647","786",262
"31404","35463","354",576
"31405","25852","258",830
"31406","32805","328",646
"31407","72072","720",40
"31408","35329","353",578
"31409","72393","723",75
"31410","72074","720",40
"31411","71726","717",111
"31412","36355","363",559
"31413","72516","725",70
"31414","74219","742",934
"31415","98554","985",959
"31416","91623","916",887
"31417","87665","876",1166
"31418","86862","868",981
"31419","99330","993",1149
"31420","82491","824",13
"31421","36119","361",561
"31422","97773","977",1079
"31423","97775","977",1079
"31424","97794","977",1079
"31425","88427","884",1071
"31426","79739","797",489
"31427","55546","555",434
"31428","65597","655",307
"31429","35767","357",570
"31430","79865","798",482
"31431","33790","337",555
"31432","48291","482",205
"31433","91180","911",898
"31434","06485","064",687
"31435","38829","388",606
"31436","82445","824",13
"31437","82291","822",19
"31438","83676","836",129
"31439","37139","371",637
"31440","88239","882",1078
"31441","36219","362",560
"31442","36269","362",560
"31443","88483","884",1071
"31444","37308","373",635
"31445","87763","877",1165
"31446","21033","210",494
"31447","29348","293",727
"31448","38279","382",617
"31449","97359","973",1019
"31450","37327","373",635
"31451","91589","915",889
"31452","87497","874",1136
"31453","91731","917",878
"31454","38312","383",615
"31455","24329","243",547
"31456","37444","374",634
"31457","07937","079",739
"31458","95028","950",97
"31459","95194","951",93
"31460","83071","830",87
"31461","04205","042",868
"31462","83125","831",85
"31463","17168","171",722
"31464","08107","081",737
"31465","14772","147",772
"31466","14641","146",774
"31467","94428","944",23
"31468","17255","172",719
"31469","83483","834",132
"31470","04874","048",858
"31471","93470","934",50
"31472","16515","165",874
"31473","94566","945",22
"31474","41849","418",313
"31475","66679","666",249
"31476","50169","501",928
"31477","58091","580",119
"31478","44145","441",340
"31479","48496","484",197
"31480","49733","497",641
"31481","93339","933",51
"31482","39126","391",713
"31483","12353","123",523
"31484","12683","126",516
"31485","16278","162",888
"31486","03103","031",906
"31487","57548","575",166
"31488","59757","597",219
"31489","67819","678",518
"31490","59759","597",219
"31491","41844","418",313
"31492","47906","479",207
"31493","40882","408",1059
"31494","48455","484",197
"31495","45699","456",153
"31496","53840","538",334
"31497","55491","554",435
"31498","26826","268",784
"31499","77963","779",390
"31500","58840","588",101
"31501","04910","049",857
"31502","15746","157",912
"31503","01169","011",813
"31504","94089","940",1179
"31505","15370","153",914
"31506","15562","155",913
"31507","81249","812",44
"31508","91230","912",897
"31509","83679","836",129
"31510","06425","064",687
"31511","06246","062",690
"31512","85405","854",1060
"31513","95237","952",92
"31514","92449","924",849
"31515","95676","956",143
"31516","08543","085",730
"31517","07987","079",739
"31518","93095","930",28
"31519","14828","148",771
"31520","14793","147",772
"31521","83253","832",135
"31522","18334","183",697
"31523","16837","168",871
"31524","17252","172",719
"31525","94577","945",22
"31526","09405","094",1123
"31527","14480","144",777
"31528","17279","172",721
"31529","24358","243",546
"31530","88456","884",1071
"31531","97762","977",1079
"31532","36163","361",561
"31533","24631","246",538
"31534","29229","292",728
"31535","29359","293",727
"31536","87760","877",1165
"31537","73495","734",1042
"31538","91611","916",883
"31539","21403","214",471
"31540","87459","874",1136
"31541","78176","781",273
"31542","78661","786",262
"31543","27729","277",920
"31544","35110","351",583
"31545","33014","330",513
"31546","71065","710",78
"31547","31688","316",675
"31548","31840","318",665
"31549","34396","343",412
"31550","63633","636",1161
"31551","31860","318",665
"31552","34633","346",406
"31553","73249","732",971
"31554","30890","308",600
"31555","97836","978",1077
"31556","06567","065",683
"31557","39164","391",713
"31558","82205","822",19
"31559","82402","824",16
"31560","85110","851",1005
"31561","82275","822",19
"31562","07330","073",747
"31563","06469","064",687
"31564","86736","867",982
"31565","86486","864",943
"31566","86859","868",981
"31567","86554","865",996
"31568","65594","655",307
"31569","57392","573",169
"31570","79848","798",482
"31571","79843","798",482
"31572","35690","356",572
"31573","67354","673",463
"31574","88525","885",1068
"31575","34320","343",414
"31576","36211","362",560
"31577","94151","941",1175
"31578","17335","173",718
"31579","17309","173",718
"31580","25946","259",827
"31581","76187","761",1056
"31582","67346","673",463
"31583","76661","766",1115
"31584","79677","796",492
"31585","55218","552",442
"31586","03052","030",908
"31587","02829","028",767
"31588","39171","391",713
"31589","06317","063",688
"31590","06618","066",681
"31591","59348","593",223
"31592","49835","498",638
"31593","56856","568",425
"31594","79588","795",495
"31595","90475","904",760
"31596","90592","905",755
"31597","98743","987",1013
"31598","96355","963",56
"31599","84101","841",46
"31600","06217","062",690
"31601","95632","956",143
"31602","92708","927",835
"31603","18292","182",698
"31604","93101","931",54
"31605","94344","943",26
"31606","93464","934",50
"31607","83313","833",133
"31608","14669","146",774
"31609","06925","069",664
"31610","83410","834",132
"31611","83471","834",132
"31612","16775","167",873
"31613","13159","131",826
"31614","35614","356",571
"31615","68307","683",394
"31616","35510","355",575
"31617","72172","721",33
"31618","32278","322",627
"31619","28197","281",904
"31620","75382","753",1121
"31621","35288","352",580
"31622","63667","636",1161
"31623","25856","258",830
"31624","72076","720",40
"31625","88639","886",1064
"31626","99894","998",1169
"31627","87660","876",1166
"31628","98646","986",1016
"31629","38875","388",606
"31630","38442","384",614
"31631","23923","239",589
"31632","99189","991",1154
"31633","23936","239",589
"31634","56112","561",381
"31635","59427","594",222
"31636","55590","555",433
"31637","79692","796",492
"31638","58802","588",101
"31639","30880","308",599
"31640","37284","372",636
"31641","89134","891",332
"31642","37176","371",637
"31643","89174","891",332
"31644","89551","895",320
"31645","38685","386",610
"31646","89441","894",323
"31647","54611","546",290
"31648","40667","406",1063
"31649","41460","414",324
"31650","49849","498",638
"31651","56841","568",424
"31652","25578","255",846
"31653","89611","896",316
"31654","73098","730",978
"31655","52382","523",1023
"31656","47506","475",211
"31657","47139","471",215
"31658","50259","502",961
"31659","79822","798",482
"31660","35759","357",570
"31661","49143","491",654
"31662","55252","552",444
"31663","35684","356",572
"31664","27801","278",916
"31665","59602","596",220
"31666","55596","555",433
"31667","56349","563",357
"31668","49497","494",644
"31669","59469","594",222
"31670","59519","595",221
"31671","59823","598",218
"31672","57234","572",170
"31673","77787","777",397
"31674","26903","269",779
"31675","26465","264",793
"31676","58515","585",105
"31677","55776","557",514
"31678","30629","306",602
"31679","29649","296",724
"31680","97657","976",1082
"31681","73434","734",1042
"31682","97647","976",1082
"31683","73433","734",1042
"31684","89520","895",320
"31685","87779","877",1165
"31686","87752","877",1165
"31687","89567","895",320
"31688","89358","893",325
"31689","86735","867",982
"31690","33161","331",511
"31691","28719","287",896
"31692","33175","331",511
"31693","27245","272",926
"31694","35279","352",580
"31695","63679","636",1161
"31696","25866","258",830
"31697","70806","708",3
"31698","63857","638",1156
"31699","74736","747",967
"31700","38165","381",618
"31701","86485","864",948
"31702","86507","865",989
"31703","86179","861",953
"31704","34327","343",414
"31705","24819","248",531
"31706","34286","342",421
"31707","92348","923",851
"31708","85386","853",999
"31709","06638","066",682
"31710","95233","952",92
"31711","85414","854",1060
"31712","92237","922",852
"31713","83703","837",128
"31714","06198","061",692
"31715","85368","853",1003
"31716","39590","395",705
"31717","93161","931",53
"31718","06258","062",690
"31719","83075","830",87
"31720","84098","840",49
"31721","14728","147",773
"31722","04347","043",867
"31723","14797","147",772
"31724","92557","925",847
"31725","09224","092",1130
"31726","09484","094",1123
"31727","94486","944",23
"31728","17109","171",722
"31729","18516","185",694
"31730","94501","945",22
"31731","09618","096",1116
"31732","94169","941",1175
"31733","17036","170",723
"31734","94481","944",25
"31735","19075","190",766
"31736","06571","065",683
"31737","82110","821",20
"31738","29491","294",726
"31739","03149","031",906
"31740","03238","032",905
"31741","01945","019",853
"31742","49832","498",638
"31743","95100","951",93
"31744","06686","066",681
"31745","92703","927",837
"31746","84088","840",49
"31747","83115","831",84
"31748","06766","067",674
"31749","84419","844",81
"31750","04442","044",864
"31751","06774","067",674
"31752","14823","148",771
"31753","04680","046",861
"31754","08359","083",732
"31755","16816","168",871
"31756","14612","146",774
"31757","18556","185",695
"31758","94258","942",27
"31759","94513","945",22
"31760","15938","159",907
"31761","12529","125",521
"31762","93336","933",51
"31763","39221","392",710
"31764","19374","193",763
"31765","92249","922",852
"31766","85419","854",1060
"31767","86529","865",996
"31768","82481","824",13
"31769","85051","850",1009
"31770","60489","604",61
"31771","35114","351",583
"31772","64760","647",1099
"31773","63699","636",1161
"31774","88630","886",1064
"31775","34379","343",412
"31776","34388","343",412
"31777","74746","747",967
"31778","21629","216",528
"31779","97267","972",1020
"31780","73432","734",1042
"31781","91625","916",883
"31782","87730","877",1165
"31783","38539","385",613
"31784","91613","916",883
"31785","89435","894",323
"31786","99759","997",1170
"31787","91725","917",878
"31788","86871","868",981
"31789","23556","235",569
"31790","98528","985",959
"31791","87645","876",1166
"31792","29499","294",726
"31793","19260","192",765
"31794","82272","822",19
"31795","94145","941",1175
"31796","15528","155",913
"31797","01825","018",856
"31798","88527","885",1068
"31799","34346","343",412
"31800","97941","979",1072
"31801","29643","296",724
"31802","15306","153",914
"31803","54439","544",240
"31804","54308","543",244
"31805","54427","544",241
"31806","50769","507",957
"31807","54349","543",247
"31808","46286","462",98
"31809","45899","458",189
"31810","58579","585",105
"31811","26434","264",792
"31812","57078","570",172
"31813","55435","554",436
"31814","65347","653",309
"31815","57271","572",170
"31816","79725","797",488
"31817","56322","563",354
"31818","53577","535",345
"31819","51145","511",1096
"31820","56812","568",425
"31821","48488","484",197
"31822","42897","428",274
"31823","95145","951",93
"31824","08538","085",730
"31825","92700","927",835
"31826","19386","193",763
"31827","84061","840",49
"31828","08428","084",731
"31829","84152","841",45
"31830","83224","832",135
"31831","84562","845",80
"31832","08134","081",737
"31833","84378","843",83
"31834","83416","834",132
"31835","14621","146",774
"31836","94255","942",27
"31837","93462","934",50
"31838","17089","170",723
"31839","17033","170",723
"31840","01665","016",806
"31841","91238","912",897
"31842","82061","820",1167
"31843","07366","073",747
"31844","95356","953",156
"31845","06636","066",682
"31846","83666","836",129
"31847","85649","856",1052
"31848","83627","836",129
"31849","06193","061",692
"31850","83052","830",87
"31851","17291","172",721
"31852","15711","157",912
"31853","15864","158",910
"31854","55494","554",435
"31855","79244","792",502
"31856","66706","667",305
"31857","50181","501",928
"31858","52391","523",1023
"31859","48691","486",193
"31860","66809","668",301
"31861","50859","508",956
"31862","40595","405",1066
"31863","56746","567",348
"31864","51688","516",1140
"31865","53842","538",334
"31866","39359","393",708
"31867","96515","965",88
"31868","96524","965",88
"31869","34508","345",408
"31870","78609","786",262
"31871","63329","633",1103
"31872","25813","258",830
"31873","25876","258",830
"31874","34311","343",410
"31875","63933","639",1151
"31876","97776","977",1079
"31877","24796","247",534
"31878","24632","246",536
"31879","21256","212",487
"31880","74572","745",969
"31881","36169","361",561
"31882","97450","974",1018
"31883","87561","875",1135
"31884","73463","734",1042
"31885","73441","734",1042
"31886","86473","864",943
"31887","29399","293",727
"31888","38835","388",606
"31889","23564","235",569
"31890","86199","861",953
"31891","86944","869",980
"31892","39356","393",708
"31893","07426","074",746
"31894","67280","672",469
"31895","77886","778",392
"31896","77728","777",397
"31897","57339","573",169
"31898","78098","780",277
"31899","25996","259",829
"31900","25999","259",829
"31901","77948","779",390
"31902","56414","564",352
"31903","57076","570",172
"31904","65399","653",309
"31905","36381","363",559
"31906","73655","736",1039
"31907","21255","212",487
"31908","39261","392",711
"31909","08525","085",730
"31910","18146","181",701
"31911","83122","831",84
"31912","95671","956",143
"31913","84183","841",45
"31914","94339","943",26
"31915","83339","833",133
"31916","17139","171",722
"31917","08280","082",736
"31918","83451","834",132
"31919","09477","094",1123
"31920","14943","149",770
"31921","13591","135",820
"31922","94252","942",27
"31923","09629","096",1116
"31924","61250","612",1030
"31925","35066","350",587
"31926","75249","752",1124
"31927","78259","782",270
"31928","69483","694",178
"31929","35325","353",578
"31930","88605","886",1064
"31931","34599","345",407
"31932","31073","310",663
"31933","21388","213",478
"31934","38678","386",610
"31935","87755","877",1165
"31936","91598","915",889
"31937","87656","876",1166
"31938","86709","867",987
"31939","82467","824",13
"31940","38379","383",616
"31941","86438","864",945
"31942","82297","822",19
"31943","41363","413",282
"31944","47802","478",208
"31945","54341","543",245
"31946","66125","661",260
"31947","48527","485",196
"31948","25593","255",846
"31949","97944","979",1072
"31950","37216","372",636
"31951","19300","193",762
"31952","39326","393",708
"31953","95131","951",93
"31954","19089","190",766
"31955","06628","066",681
"31956","92655","926",841
"31957","83707","837",128
"31958","06249","062",690
"31959","39596","395",705
"31960","57635","576",161
"31961","57258","572",171
"31962","26486","264",795
"31963","57299","572",170
"31964","67297","672",470
"31965","58540","585",105
"31966","57482","574",168
"31967","72270","722",76
"31968","76133","761",1056
"31969","48465","484",197
"31970","53639","536",341
"31971","58256","582",112
"31972","96465","964",89
"31973","82266","822",19
"31974","06463","064",687
"31975","06449","064",687
"31976","09544","095",1119
"31977","10318","103",379
"31978","18586","185",695
"31979","17379","173",718
"31980","01993","019",853
"31981","03096","030",908
"31982","03119","031",906
"31983","02699","026",769
"31984","16307","163",881
"31985","54589","545",235
"31986","47447","474",213
"31987","54497","544",242
"31988","29494","294",726
"31989","19069","190",766
"31990","83661","836",129
"31991","51588","515",1142
"31992","56333","563",355
"31993","88361","883",1074
"31994","36275","362",560
"31995","36148","361",561
"31996","77889","778",392
"31997","67105","671",476
"31998","58642","586",104
"31999","48157","481",206
"32000","55487","554",435
"32001","44359","443",336
"32002","53489","534",291
"32003","56820","568",425
"32004","85459","854",1060
"32005","92690","926",841
"32006","92253","922",852
"32007","06679","066",681
"32008","18273","182",698
"32009","83549","835",131
"32010","93089","930",28
"32011","83229","832",135
"32012","08258","082",735
"32013","06785","067",674
"32014","06869","068",669
"32015","06773","067",674
"32016","18337","183",697
"32017","83374","833",133
"32018","18461","184",696
"32019","18442","184",696
"32020","83435","834",132
"32021","18507","185",694
"32022","84385","843",83
"32023","14959","149",770
"32024","17391","173",718
"32025","07349","073",747
"32026","96367","963",56
"32027","95355","953",156
"32028","91275","912",897
"32029","07924","079",739
"32030","18246","182",698
"32031","88099","880",1084
"32032","88447","884",1071
"32033","88416","884",1071
"32034","73453","734",1042
"32035","74585","745",969
"32036","21272","212",487
"32037","87740","877",1165
"32038","29578","295",725
"32039","91634","916",884
"32040","29365","293",727
"32041","23715","237",566
"32042","33106","331",511
"32043","35415","354",576
"32044","34497","344",409
"32045","72359","723",74
"32046","72406","724",72
"32047","72379","723",75
"32048","63526","635",1163
"32049","72144","721",35
"32050","21734","217",525
"32051","34131","341",423
"32052","36323","363",559
"32053","19258","192",765
"32054","98529","985",959
"32055","82405","824",14
"32056","23775","237",566
"32057","86676","866",988
"32058","59846","598",218
"32059","65375","653",309
"32060","79261","792",502
"32061","59821","598",218
"32062","77796","777",397
"32063","15926","159",907
"32064","18609","186",693
"32065","12526","125",521
"32066","94158","941",1175
"32067","01936","019",853
"32068","17358","173",718
"32069","15890","158",911
"32070","39279","392",712
"32071","93133","931",53
"32072","95111","951",93
"32073","39307","393",709
"32074","95707","957",141
"32075","83101","831",84
"32076","06796","067",674
"32077","84103","841",45
"32078","94333","943",26
"32079","83259","832",135
"32080","18195","181",699
"32081","83257","832",135
"32082","84546","845",80
"32083","09212","092",1130
"32084","06895","068",669
"32085","94256","942",27
"32086","09496","094",1123
"32087","16767","167",873
"32088","01561","015",808
"32089","23970","239",589
"32090","19412","194",761
"32091","85630","856",1052
"32092","95189","951",93
"32093","85137","851",1005
"32094","91171","911",898
"32095","82223","822",19
"32096","85247","852",1004
"32097","87642","876",1166
"32098","86695","866",988
"32099","38368","383",616
"32100","86492","864",944
"32101","96472","964",89
"32102","02994","029",802
"32103","02979","029",802
"32104","52511","525",1094
"32105","47647","476",210
"32106","53937","539",330
"32107","46499","464",94
"32108","54584","545",235
"32109","54459","544",240
"32110","66687","666",249
"32111","46244","462",98
"32112","40764","407",1061
"32113","66115","661",260
"32114","45883","458",189
"32115","51515","515",1144
"32116","97947","979",1072
"32117","88267","882",1078
"32118","24589","245",543
"32119","36289","362",560
"32120","88319","883",1076
"32121","89186","891",332
"32122","38723","387",608
"32123","87700","877",1165
"32124","87737","877",1165
"32125","73466","734",1042
"32126","87787","877",1165
"32127","86739","867",982
"32128","87782","877",1165
"32129","59590","595",221
"32130","35116","351",582
"32131","25927","259",829
"32132","32689","326",656
"32133","35285","352",580
"32134","36320","363",559
"32135","31582","315",680
"32136","88633","886",1064
"32137","34369","343",412
"32138","24955","249",564
"32139","74259","742",934
"32140","24817","248",531
"32141","56587","565",350
"32142","26817","268",784
"32143","56179","561",382
"32144","66981","669",295
"32145","67705","677",446
"32146","77743","777",397
"32147","65232","652",310
"32148","35708","357",570
"32149","59581","595",221
"32150","65520","655",307
"32151","65205","652",310
"32152","25524","255",846
"32153","24881","248",531
"32154","26388","263",797
"32155","79379","793",500
"32156","55568","555",433
"32157","49479","494",644
"32158","56357","563",354
"32159","58675","586",104
"32160","55583","555",434
"32161","76549","765",1044
"32162","77883","778",392
"32163","67278","672",469
"32164","77776","777",397
"32165","76593","765",1044
"32166","76316","763",1046
"32167","35789","357",570
"32168","35756","357",570
"32169","59909","599",216
"32170","26759","267",786
"32171","56818","568",425
"32172","44797","447",422
"32173","56754","567",346
"32174","54595","545",236
"32175","47137","471",215
"32176","54550","545",238
"32177","54492","544",243
"32178","53347","533",292
"32179","45721","457",144
"32180","49751","497",641
"32181","56075","560",385
"32182","56073","560",385
"32183","79254","792",502
"32184","67307","673",464
"32185","79733","797",488
"32186","49088","490",658
"32187","49740","497",641
"32188","29683","296",724
"32189","74582","745",969
"32190","89547","895",320
"32191","74564","745",969
"32192","87534","875",1135
"32193","88316","883",1075
"32194","89290","892",327
"32195","87781","877",1165
"32196","91601","916",883
"32197","86476","864",943
"32198","86505","865",994
"32199","83673","836",129
"32200","07381","073",747
"32201","07356","073",747
"32202","85375","853",999
"32203","98744","987",1013
"32204","82287","822",19
"32205","82237","822",19
"32206","39444","394",706
"32207","35647","356",571
"32208","75323","753",1121
"32209","60488","604",61
"32210","25704","257",834
"32211","72475","724",72
"32212","36329","363",559
"32213","72519","725",70
"32214","72505","725",68
"32215","71522","715",118
"32216","88377","883",1074
"32217","38871","388",606
"32218","86866","868",981
"32219","86647","866",988
"32220","86399","863",950
"32221","86687","866",988
"32222","98716","987",1015
"32223","91781","917",878
"32224","39365","393",707
"32225","31863","318",665
"32226","36137","361",561
"32227","74523","745",969
"32228","31089","310",663
"32229","07952","079",739
"32230","83043","830",87
"32231","06116","061",692
"32232","08527","085",730
"32233","93105","931",53
"32234","04539","045",862
"32235","92696","926",844
"32236","84555","845",79
"32237","83358","833",133
"32238","14806","148",771
"32239","14770","147",772
"32240","18469","184",696
"32241","83364","833",133
"32242","14552","145",775
"32243","94550","945",22
"32244","04924","049",857
"32245","15838","158",909
"32246","12355","123",523
"32247","16247","162",888
"32248","15910","159",907
"32249","15907","159",907
"32250","15848","158",910
"32251","02997","029",802
"32252","91359","913",895
"32253","82441","824",13
"32254","82216","822",19
"32255","06543","065",685
"32256","82234","822",19
"32257","82538","825",12
"32258","07343","073",747
"32259","84072","840",48
"32260","95188","951",93
"32261","84079","840",47
"32262","06688","066",681
"32263","83064","830",87
"32264","04435","044",865
"32265","83547","835",131
"32266","17209","172",719
"32267","06749","067",674
"32268","04519","045",863
"32269","17194","171",722
"32270","06886","068",669
"32271","14624","146",774
"32272","14513","145",776
"32273","86825","868",981
"32274","91719","917",878
"32275","91757","917",878
"32276","86700","867",987
"32277","38889","388",606
"32278","90522","905",756
"32279","19249","192",765
"32280","01454","014",809
"32281","01996","019",853
"32282","03197","031",906
"32283","52224","522",1025
"32284","52428","524",1095
"32285","54668","546",288
"32286","54296","542",248
"32287","54320","543",245
"32288","53919","539",331
"32289","45661","456",153
"32290","56829","568",425
"32291","21149","211",491
"32292","37154","371",637
"32293","24145","241",557
"32294","31226","312",661
"32295","37359","373",635
"32296","23843","238",591
"32297","36456","364",558
"32298","38707","387",609
"32299","86742","867",982
"32300","98593","985",959
"32301","87745","877",1165
"32302","78667","786",262
"32303","69226","692",180
"32304","72202","722",76
"32305","35447","354",576
"32306","33184","331",511
"32307","78357","783",269
"32308","31855","318",665
"32309","25872","258",830
"32310","72622","726",67
"32311","34576","345",407
"32312","57572","575",166
"32313","59755","597",219
"32314","57074","570",172
"32315","79856","798",482
"32316","59889","598",218
"32317","44532","445",329
"32318","59192","591",226
"32319","56341","563",354
"32320","56276","562",367
"32321","51702","517",1138
"32322","67706","677",446
"32323","58791","587",102
"32324","79650","796",492
"32325","67821","678",519
"32326","57439","574",168
"32327","31020","310",663
"32328","34260","342",419
"32329","49191","491",654
"32330","79853","798",482
"32331","35794","357",570
"32332","56294","562",365
"32333","56330","563",355
"32334","19399","193",763
"32335","06184","061",692
"32336","08541","085",730
"32337","06800","068",667
"32338","83355","833",133
"32339","84543","845",79
"32340","93437","934",50
"32341","17153","171",722
"32342","94469","944",23
"32343","09487","094",1123
"32344","93453","934",50
"32345","14089","140",782
"32346","17129","171",722
"32347","18528","185",695
"32348","01609","016",806
"32349","16348","163",880
"32350","13127","131",826
"32351","17495","174",717
"32352","97259","972",1020
"32353","31275","312",661
"32354","37581","375",632
"32355","36404","364",558
"32356","88481","884",1071
"32357","87480","874",1136
"32358","87758","877",1165
"32359","89340","893",325
"32360","29358","293",727
"32361","87767","877",1165
"32362","89537","895",320
"32363","86498","864",943
"32364","87549","875",1135
"32365","87541","875",1135
"32366","87499","874",1136
"32367","98630","986",1016
"32368","29386","293",727
"32369","87654","876",1166
"32370","52076","520",1027
"32371","54636","546",288
"32372","52372","523",1023
"32373","54455","544",240
"32374","50126","501",928
"32375","54338","543",245
"32376","54429","544",241
"32377","66620","666",249
"32378","66877","668",303
"32379","67685","676",451
"32380","85276","852",1004
"32381","85293","852",1004
"32382","39576","395",705
"32383","83727","837",128
"32384","09623","096",1116
"32385","01987","019",853
"32386","03229","032",905
"32387","02991","029",802
"32388","03116","031",906
"32389","15898","158",911
"32390","03159","031",906
"32391","91790","917",878
"32392","90537","905",755
"32393","85302","853",1000
"32394","75334","753",1121
"32395","72294","722",76
"32396","72299","722",76
"32397","78607","786",262
"32398","35418","354",576
"32399","32758","327",653
"32400","35469","354",576
"32401","34630","346",406
"32402","72479","724",72
"32403","31618","316",677
"32404","32816","328",646
"32405","72419","724",72
"32406","86500","865",995
"32407","99734","997",1170
"32408","86456","864",948
"32409","86391","863",951
"32410","86674","866",988
"32411","91804","918",875
"32412","91166","911",898
"32413","86949","869",980
"32414","67737","677",447
"32415","58849","588",101
"32416","77933","779",390
"32417","26340","263",796
"32418","57399","573",169
"32419","49134","491",654
"32420","59269","592",225
"32421","65343","653",309
"32422","97791","977",1079
"32423","30900","309",598
"32424","37127","371",637
"32425","96361","963",56
"32426","30982","309",597
"32427","97772","977",1079
"32428","97274","972",1020
"32429","97990","979",1072
"32430","37297","372",636
"32431","29328","293",727
"32432","31188","311",662
"32433","73450","734",1042
"32434","37431","374",634
"32435","03058","030",908
"32436","26349","263",796
"32437","57319","573",169
"32438","79877","798",482
"32439","27793","277",918
"32440","88524","885",1068
"32441","25590","255",846
"32442","74545","745",969
"32443","74638","746",968
"32444","89597","895",319
"32445","79695","796",492
"32446","79736","797",488
"32447","77770","777",397
"32448","65329","653",309
"32449","49509","495",643
"32450","57489","574",168
"32451","51643","516",1139
"32452","61389","613",1029
"32453","64319","643",1035
"32454","33104","331",511
"32455","78234","782",270
"32456","25923","259",829
"32457","34466","344",409
"32458","24850","248",531
"32459","37619","376",631
"32460","39317","393",709
"32461","07957","079",739
"32462","06711","067",673
"32463","95666","956",143
"32464","04571","045",862
"32465","83317","833",133
"32466","83457","834",132
"32467","17235","172",719
"32468","94264","942",27
"32469","17087","170",723
"32470","41379","413",283
"32471","41334","413",283
"32472","53894","538",333
"32473","46485","464",94
"32474","53505","535",343
"32475","46359","463",95
"32476","55777","557",514
"32477","48249","482",204
"32478","86863","868",981
"32479","29378","293",727
"32480","86368","863",951
"32481","38372","383",616
"32482","94556","945",22
"32483","16341","163",880
"32484","94164","941",1175
"32485","16259","162",888
"32486","06642","066",682
"32487","82544","825",12
"32488","96365","963",56
"32489","06311","063",688
"32490","91289","912",897
"32491","95493","954",154
"32492","95183","951",93
"32493","85238","852",1004
"32494","95346","953",156
"32495","39615","396",704
"32496","92271","922",852
"32497","06259","062",690
"32498","06237","062",690
"32499","18196","181",699
"32500","07580","075",745
"32501","14712","147",772
"32502","16909","169",869
"32503","08209","082",735
"32504","14774","147",772
"32505","04349","043",867
"32506","14929","149",770
"32507","83417","834",132
"32508","09232","092",1130
"32509","93444","934",50
"32510","09439","094",1123
"32511","18519","185",694
"32512","04932","049",857
"32513","01737","017",804
"32514","16321","163",880
"32515","15755","157",912
"32516","15741","157",912
"32517","17367","173",718
"32518","85235","852",1004
"32519","82290","822",19
"32520","82229","822",19
"32521","82494","824",13
"32522","19288","192",765
"32523","83671","836",129
"32524","96358","963",56
"32525","47475","474",213
"32526","46514","465",90
"32527","46325","463",95
"32528","50765","507",957
"32529","66589","665",250
"32530","51647","516",1139
"32531","42477","424",228
"32532","48624","486",193
"32533","26548","265",790
"32534","26831","268",784
"32535","27243","272",926
"32536","72285","722",76
"32537","64331","643",1035
"32538","33178","331",511
"32539","35043","350",586
"32540","33165","331",511
"32541","69239","692",185
"32542","35282","352",580
"32543","71296","712",124
"32544","72459","724",72
"32545","71229","712",124
"32546","72131","721",35
"32547","63697","636",1161
"32548","31655","316",675
"32549","31638","316",677
"32550","63628","636",1161
"32551","71579","715",118
"32552","88279","882",1078
"32553","89155","891",332
"32554","89610","896",317
"32555","89079","890",337
"32556","97236","972",1020
"32557","21385","213",478
"32558","73479","734",1042
"32559","37520","375",632
"32560","29361","293",727
"32561","21449","214",472
"32562","21529","215",466
"32563","23623","236",568
"32564","87640","876",1166
"32565","98544","985",959
"32566","99768","997",1170
"32567","86462","864",948
"32568","57518","575",166
"32569","77767","777",397
"32570","49661","496",642
"32571","76744","767",1111
"32572","33442","334",505
"32573","79777","797",488
"32574","25997","259",829
"32575","76726","767",1111
"32576","37586","375",632
"32577","25548","255",846
"32578","51597","515",1142
"32579","55413","554",435
"32580","55425","554",435
"32581","89188","891",332
"32582","88433","884",1071
"32583","74423","744",970
"32584","21079","210",493
"32585","97725","977",1079
"32586","24626","246",539
"32587","29342","293",727
"32588","22926","229",453
"32589","87739","877",1165
"32590","99974","999",1168
"32591","87653","876",1166
"32592","64584","645",1101
"32593","65795","657",370
"32594","68259","682",396
"32595","72213","722",76
"32596","27711","277",920
"32597","69250","692",185
"32598","34516","345",407
"32599","25917","259",829
"32600","63843","638",1156
"32601","36325","363",559
"32602","63856","638",1156
"32603","24983","249",564
"32604","24988","249",564
"32605","36280","362",560
"32606","25569","255",846
"32607","77749","777",397
"32608","76857","768",1107
"32609","77704","777",397
"32610","65629","656",374
"32611","49179","491",654
"32612","77740","777",397
"32613","35685","356",572
"32614","35683","356",572
"32615","49324","493",648
"32616","61276","612",1030
"32617","76597","765",1044
"32618","36154","361",561
"32619","88085","880",1084
"32620","25551","255",846
"32621","36391","363",559
"32622","51709","517",1137
"32623","56291","562",364
"32624","66953","669",295
"32625","06484","064",687
"32626","82284","822",19
"32627","91364","913",895
"32628","91322","913",895
"32629","91245","912",897
"32630","39319","393",709
"32631","84069","840",49
"32632","18055","180",702
"32633","93170","931",53
"32634","08451","084",731
"32635","04157","041",870
"32636","92693","926",842
"32637","84323","843",83
"32638","83362","833",133
"32639","14974","149",770
"32640","94496","944",24
"32641","09599","095",1120
"32642","94518","945",22
"32643","54536","545",234
"32644","48607","486",193
"32645","42855","428",274
"32646","47652","476",210
"32647","52457","524",1095
"32648","47495","474",213
"32649","66780","667",304
"32650","54314","543",244
"32651","85304","853",1001
"32652","83646","836",129
"32653","83623","836",129
"32654","07806","078",740
"32655","93333","933",51
"32656","85417","854",1060
"32657","95191","951",93
"32658","06120","061",692
"32659","98587","985",959
"32660","38700","387",607
"32661","38170","381",618
"32662","23569","235",569
"32663","21371","213",478
"32664","98693","986",1017
"32665","82409","824",13
"32666","01156","011",813
"32667","15748","157",912
"32668","02959","029",802
"32669","84076","840",49
"32670","95685","956",143
"32671","04626","046",860
"32672","08412","084",731
"32673","18311","183",697
"32674","83233","832",135
"32675","83370","833",133
"32676","09376","093",1126
"32677","14656","146",774
"32678","17091","170",723
"32679","93474","934",50
"32680","16727","167",873
"32681","94249","942",27
"32682","04931","049",857
"32683","15806","158",909
"32684","17268","172",721
"32685","15827","158",909
"32686","17392","173",718
"32687","27612","276",921
"32688","27259","272",926
"32689","27624","276",921
"32690","25842","258",830
"32691","61130","611",962
"32692","35315","353",578
"32693","21789","217",525
"32694","63931","639",1150
"32695","31629","316",677
"32696","34613","346",406
"32697","63571","635",1163
"32698","34582","345",407
"32699","63619","636",1161
"32700","72636","726",67
"32701","72539","725",70
"32702","34639","346",406
"32703","82386","823",17
"32704","06313","063",688
"32705","39116","391",713
"32706","06420","064",687
"32707","19370","193",763
"32708","95176","951",93
"32709","03249","032",905
"32710","94051","940",1178
"32711","94146","941",1175
"32712","94118","941",1175
"32713","02785","027",768
"32714","56317","563",356
"32715","48653","486",192
"32716","56253","562",365
"32717","66869","668",302
"32718","89608","896",317
"32719","30539","305",604
"32720","89194","891",332
"32721","29320","293",727
"32722","88486","884",1071
"32723","97318","973",1019
"32724","89346","893",325
"32725","89352","893",325
"32726","87488","874",1136
"32727","87634","876",1166
"32728","99820","998",1169
"32729","91744","917",878
"32730","89361","893",325
"32731","86494","864",943
"32732","87675","876",1166
"32733","23627","236",567
"32734","86875","868",981
"32735","06502","065",686
"32736","96528","965",88
"32737","19243","192",765
"32738","47638","476",210
"32739","52393","523",1023
"32740","54612","546",288
"32741","53947","539",330
"32742","54574","545",235
"32743","54529","545",234
"32744","46569","465",90
"32745","40885","408",1059
"32746","66271","662",258
"32747","88422","884",1071
"32748","74632","746",968
"32749","74676","746",968
"32750","79206","792",502
"32751","67734","677",447
"32752","26409","264",792
"32753","56206","562",367
"32754","79618","796",492
"32755","59227","592",225
"32756","77830","778",392
"32757","65207","652",310
"32758","25980","259",829
"32759","67471","674",460
"32760","67304","673",464
"32761","18276","182",698
"32762","93128","931",53
"32763","07552","075",745
"32764","07546","075",745
"32765","84051","840",49
"32766","06849","068",668
"32767","04613","046",860
"32768","93492","934",50
"32769","09355","093",1126
"32770","06917","069",664
"32771","14547","145",775
"32772","17498","174",717
"32773","94163","941",1175
"32774","09548","095",1119
"32775","91281","912",897
"32776","39106","391",713
"32777","19406","194",761
"32778","85410","854",1060
"32779","16928","169",869
"32780","06721","067",673
"32781","01896","018",856
"32782","03226","032",905
"32783","02694","026",769
"32784","57368","573",169
"32785","36199","361",562
"32786","36129","361",561
"32787","24259","242",551
"32788","31319","313",659
"32789","37318","373",635
"32790","24598","245",541
"32791","37589","375",632
"32792","87538","875",1135
"32793","89264","892",327
"32794","91465","914",893
"32795","73485","734",1042
"32796","89561","895",320
"32797","86381","863",949
"32798","87484","874",1136
"32799","82496","824",13
"32800","91358","913",895
"32801","82404","824",15
"32802","35239","352",579
"32803","72280","722",76
"32804","35232","352",579
"32805","72178","721",33
"32806","25826","258",830
"32807","35108","351",584
"32808","78194","781",273
"32809","75223","752",1124
"32810","78570","785",265
"32811","24980","249",564
"32812","25885","258",830
"32813","72501","725",70
"32814","74395","743",929
"32815","71723","717",111
"32816","34305","343",410
"32817","71543","715",118
"32818","51766","517",1137
"32819","44369","443",336
"32820","48531","485",196
"32821","44147","441",340
"32822","87650","876",1166
"32823","86450","864",943
"32824","21514","215",467
"32825","86637","866",988
"32826","87666","876",1166
"32827","86482","864",943
"32828","19217","192",765
"32829","99765","997",1170
"32830","86989","869",980
"32831","99334","993",1149
"32832","86947","869",980
"32833","98701","987",1013
"32834","82269","822",19
"32835","86911","869",980
"32836","52459","524",1095
"32837","52399","523",1023
"32838","26757","267",787
"32839","54318","543",245
"32840","40549","405",1067
"32841","50829","508",956
"32842","50321","503",960
"32843","50389","503",960
"32844","97828","978",1077
"32845","97922","979",1072
"32846","57639","576",162
"32847","67311","673",464
"32848","65203","652",310
"32849","76571","765",1044
"32850","06132","061",692
"32851","06130","061",692
"32852","93077","930",28
"32853","08606","086",729
"32854","06188","061",692
"32855","18119","181",701
"32856","83550","835",131
"32857","95703","957",137
"32858","06809","068",666
"32859","83112","831",84
"32860","14827","148",771
"32861","92697","926",844
"32862","95695","956",143
"32863","84453","844",81
"32864","83346","833",133
"32865","83458","834",132
"32866","83334","833",133
"32867","83454","834",132
"32868","83367","833",133
"32869","14913","149",770
"32870","83486","834",132
"32871","17219","172",720
"32872","17111","171",722
"32873","09244","092",1130
"32874","17094","170",723
"32875","16792","167",873
"32876","01619","016",806
"32877","39167","391",713
"32878","83708","837",128
"32879","95192","951",93
"32880","92676","926",841
"32881","85667","856",1052
"32882","82256","822",19
"32883","90552","905",758
"32884","17390","173",718
"32885","15859","158",910
"32886","16248","162",888
"32887","01994","019",853
"32888","15234","152",915
"32889","41366","413",283
"32890","41517","415",321
"32891","46414","464",94
"32892","66709","667",306
"32893","48599","485",195
"32894","56154","561",380
"32895","56072","560",385
"32896","58566","585",105
"32897","66399","663",256
"32898","44809","448",417
"32899","51789","517",1137
"32900","58332","583",108
"32901","44149","441",340
"32902","59939","599",216
"32903","35080","350",586
"32904","33415","334",504
"32905","68163","681",401
"32906","75335","753",1121
"32907","59929","599",216
"32908","78056","780",275
"32909","78187","781",273
"32910","34477","344",409
"32911","34454","344",409
"32912","71032","710",78
"32913","31683","316",675
"32914","31547","315",678
"32915","31552","315",678
"32916","72574","725",70
"32917","29664","296",724
"32918","37603","376",631
"32919","88400","884",1071
"32920","89614","896",317
"32921","88410","884",1071
"32922","88437","884",1071
"32923","97996","979",1072
"32924","37287","372",636
"32925","88484","884",1071
"32926","88459","884",1071
"32927","29565","295",725
"32928","89176","891",332
"32929","98590","985",959
"32930","87545","875",1135
"32931","91578","915",889
"32932","89356","893",325
"32933","56237","562",367
"32934","55430","554",435
"32935","57537","575",166
"32936","58809","588",101
"32937","77974","779",390
"32938","86865","868",981
"32939","86497","864",943
"32940","86681","866",988
"32941","86916","869",980
"32942","96450","964",89
"32943","23743","237",566
"32944","86415","864",945
"32945","58710","587",103
"32946","59229","592",225
"32947","56459","564",352
"32948","49170","491",654
"32949","49205","492",652
"32950","65346","653",309
"32951","33829","338",549
"32952","36103","361",561
"32953","97855","978",1077
"32954","37632","376",631
"32955","89613","896",315
"32956","95615","956",143
"32957","92717","927",837
"32958","19395","193",763
"32959","06861","068",668
"32960","93177","931",53
"32961","17213","172",719
"32962","17166","171",722
"32963","04552","045",862
"32964","14662","146",774
"32965","18513","185",694
"32966","83404","834",132
"32967","17121","171",722
"32968","09471","094",1123
"32969","16798","167",873
"32970","09526","095",1119
"32971","85055","850",1009
"32972","19067","190",766
"32973","83674","836",129
"32974","07929","079",739
"32975","95119","951",93
"32976","83700","837",128
"32977","85462","854",1060
"32978","82285","822",19
"32979","99427","994",1147
"32980","96337","963",56
"32981","86558","865",996
"32982","99706","997",1170
"32983","99867","998",1169
"32984","29379","293",727
"32985","86502","865",998
"32986","86405","864",948
"32987","98724","987",1013
"32988","01558","015",808
"32989","17509","175",715
"32990","13051","130",833
"32991","15754","157",912
"32992","03185","031",906
"32993","61267","612",1030
"32994","64546","645",1101
"32995","27607","276",921
"32996","75305","753",1121
"32997","64293","642",1037
"32998","33181","331",511
"32999","72351","723",74
"33000","71287","712",124
"33001","88631","886",1065
"33002","34513","345",407
"33003","72474","724",72
"33004","72514","725",69
"33005","71711","717",111
"33006","74850","748",966
"33007","31535","315",678
"33008","34621","346",406
"33009","31787","317",672
"33010","73240","732",971
"33011","88521","885",1068
"33012","54610","546",289
"33013","53539","535",342
"33014","46242","462",98
"33015","66126","661",260
"33016","45881","458",189
"33017","88299","882",1078
"33018","73491","734",1042
"33019","98634","986",1016
"33020","38709","387",608
"33021","29556","295",725
"33022","87719","877",1165
"33023","77723","777",397
"33024","35638","356",571
"33025","76599","765",1044
"33026","25992","259",829
"33027","88069","880",1084
"33028","56727","567",346
"33029","51503","515",1143
"33030","66453","664",255
"33031","55743","557",514
"33032","58644","586",104
"33033","55571","555",433
"33034","49811","498",638
"33035","56254","562",365
"33036","58135","581",114
"33037","67746","677",448
"33038","83730","837",128
"33039","06846","068",668
"33040","04509","045",863
"33041","08267","082",735
"33042","14776","147",772
"33043","17159","171",722
"33044","09481","094",1123
"33045","18510","185",694
"33046","94474","944",24
"33047","17348","173",718
"33048","17098","170",723
"33049","88364","883",1074
"33050","24634","246",537
"33051","37242","372",636
"33052","97084","970",1024
"33053","36142","361",561
"33054","37296","372",636
"33055","73447","734",1042
"33056","89296","892",327
"33057","21031","210",494
"33058","91583","915",889
"33059","29345","293",727
"33060","89297","892",327
"33061","86480","864",943
"33062","87471","874",1136
"33063","37345","373",635
"33064","89343","893",325
"33065","91749","917",878
"33066","38315","383",615
"33067","38667","386",611
"33068","85134","851",1005
"33069","95179","951",93
"33070","85104","851",1008
"33071","95239","952",92
"33072","06386","063",689
"33073","75337","753",1121
"33074","78183","781",273
"33075","68766","687",386
"33076","68519","685",389
"33077","34431","344",409
"33078","35321","353",578
"33079","21782","217",525
"33080","27327","273",925
"33081","36304","363",559
"33082","37688","376",631
"33083","74706","747",967
"33084","87674","876",1166
"33085","99887","998",1169
"33086","91580","915",889
"33087","38468","384",614
"33088","38476","384",614
"33089","91799","917",878
"33090","91367","913",895
"33091","04934","049",857
"33092","15366","153",914
"33093","15713","157",912
"33094","01998","019",853
"33095","15868","158",910
"33096","03130","031",906
"33097","41812","418",313
"33098","50171","501",928
"33099","47199","471",215
"33100","54531","545",234
"33101","54346","543",245
"33102","56769","567",347
"33103","49762","497",641
"33104","77887","778",392
"33105","26197","261",801
"33106","76751","767",1111
"33107","35768","357",570
"33108","61279","612",1030
"33109","71549","715",118
"33110","24811","248",531
"33111","66976","669",295
"33112","49626","496",642
"33113","67829","678",517
"33114","51598","515",1142
"33115","49696","496",642
"33116","57584","575",166
"33117","49565","495",643
"33118","65321","653",309
"33119","49090","490",658
"33120","42399","423",231
"33121","55774","557",514
"33122","49777","497",641
"33123","58239","582",113
"33124","56321","563",354
"33125","19303","193",762
"33126","82475","824",13
"33127","19230","192",765
"33128","01979","019",853
"33129","52531","525",1094
"33130","25557","255",846
"33131","38350","383",616
"33132","01983","019",853
"33133","29303","293",727
"33134","03205","032",905
"33135","26474","264",794
"33136","04808","048",858
"33137","03222","032",905
"33138","06242","062",690
"33139","83735","837",128
"33140","01968","019",853
"33141","83324","833",133
"33142","29633","296",724
"33143","02999","029",802
"33144","82064","820",1167
"33145","82438","824",13
"33146","26579","265",791
"33147","82491","824",13
"33148","83676","836",129
"33149","83483","834",132
"33150","03103","031",906
"33151","06469","064",687
"33152","25946","259",827
"33153","83471","834",132
"33154","26465","264",793
"33155","03238","032",905
"33156","06686","066",681
"33157","06774","067",674
"33158","82481","824",13
"33159","25938","259",828
"33160","87645","876",1166
"33161","18375","183",697
"33162","87561","875",1135
"33163","83451","834",132
"33164","82467","824",13
"33165","26486","264",795
"33166","01993","019",853
"33167","83661","836",129
"33168","06679","066",681
"33169","83229","832",135
"33170","83435","834",132
"33171","15926","159",907
"33172","01936","019",853
"33173","83259","832",135
"33174","87642","876",1166
"33175","02979","029",802
"33176","55583","555",434
"33177","39365","393",707
"33178","04539","045",862
"33179","82538","825",12
"33180","55543","555",434
"33181","87541","875",1135
"33182","03246","032",905
"33183","02991","029",802
"33184","83457","834",132
"33185","38372","383",616
"33186","82544","825",12
"33187","82065","820",1167
"33188","16909","169",869
"33189","19288","192",765
"33190","83671","836",129
"33191","26548","265",790
"33192","83623","836",129
"33193","85416","854",1060
"33194","03226","032",905
"33195","82496","824",13
"33196","25826","258",830
"33197","26757","267",787
"33198","18119","181",701
"33199","83458","834",132
"33200","83334","833",133
"33201","83486","834",132
"33202","83708","837",128
"33203","01994","019",853
"33204","83700","837",128
"33205","03185","031",906
"33206","25992","259",829
"33207","04509","045",863
"33208","01998","019",853
"33209","15868","158",910
"33210","48529","485",196
"33211","88094","880",1084
"33212","29690","296",724
"33213","21739","217",525
"33214","88097","880",1084
"33215","88326","883",1074
"33216","49424","494",645
"33217","26532","265",789
"33218","26899","268",784
"33219","19303","193",762
"33220","82288","822",19
"33221","82431","824",13
"33222","18279","182",698
"33223","83256","832",135
"33224","18320","183",697
"33225","17207","172",719
"33226","16244","162",888
"33227","28790","287",896
"33228","49419","494",645
"33229","88353","883",1074
"33230","24582","245",543
"33231","85098","850",1009
"33232","83677","836",129
"33233","29394","293",727
"33234","86690","866",988
"33235","23749","237",566
"33236","19230","192",765
"33237","15320","153",914
"33238","01979","019",853
"33239","17406","174",716
"33240","24802","248",531
"33241","29308","293",727
"33242","24364","243",546
"33243","97656","976",1082
"33244","22956","229",453
"33245","78582","785",265
"33246","78589","785",265
"33247","78224","782",270
"33248","78345","783",267
"33249","24803","248",531
"33250","88356","883",1074
"33251","26180","261",800
"33252","49448","494",645
"33253","68623","686",388
"33254","64589","645",1101
"33255","24894","248",531
"33256","26169","261",800
"33257","83569","835",131
"33258","06792","067",674
"33259","14727","147",772
"33260","04575","045",862
"33261","83278","832",136
"33262","83379","833",133
"33263","17154","171",722
"33264","04862","048",858
"33265","84533","845",79
"33266","06179","061",692
"33267","19071","190",766
"33268","24327","243",547
"33269","02827","028",767
"33270","26624","266",788
"33271","48499","484",197
"33272","26810","268",784
"33273","25482","254",848
"33274","25451","254",848
"33275","88167","881",1080
"33276","22952","229",453
"33277","29392","293",727
"33278","76676","766",1115
"33279","32479","324",625
"33280","25920","259",829
"33281","25792","257",834
"33282","25926","259",829
"33283","23999","239",590
"33284","82393","823",17
"33285","99955","999",1168
"33286","38440","384",614
"33287","86971","869",980
"33288","86641","866",988
"33289","88273","882",1078
"33290","24986","249",564
"33291","24787","247",534
"33292","06794","067",674
"33293","83242","832",135
"33294","83329","833",133
"33295","15537","155",913
"33296","15299","152",915
"33297","29303","293",727
"33298","21109","211",491
"33299","97650","976",1082
"33300","22397","223",400
"33301","87509","875",1135
"33302","87466","874",1136
"33303","82395","823",17
"33304","82387","823",17
"33305","18230","182",698
"33306","92421","924",849
"33307","83059","830",87
"33308","17248","172",719
"33309","14542","145",775
"33310","16766","167",873
"33311","87616","876",1166
"33312","38879","388",606
"33313","87629","876",1166
"33314","91735","917",878
"33315","15749","157",912
"33316","03205","032",905
"33317","76698","766",1115
"33318","25899","258",830
"33319","78315","783",267
"33320","24994","249",564
"33321","78467","784",266
"33322","21726","217",525
"33323","49767","497",641
"33324","26842","268",784
"33325","67575","675",455
"33326","64404","644",1033
"33327","21776","217",525
"33328","25873","258",830
"33329","21737","217",525
"33330","31558","315",678
"33331","27336","273",925
"33332","24576","245",541
"33333","24366","243",546
"33334","22851","228",459
"33335","24146","241",557
"33336","89312","893",325
"33337","23813","238",594
"33338","24321","243",547
"33339","87647","876",1166
"33340","87663","876",1166
"33341","24805","248",531
"33342","24357","243",546
"33343","30855","308",601
"33344","39291","392",712
"33345","83629","836",129
"33346","18249","182",698
"33347","83093","830",87
"33348","17214","172",719
"33349","08262","082",735
"33350","08309","083",732
"33351","17192","171",722
"33352","16833","168",871
"33353","03222","032",905
"33354","15326","153",914
"33355","82362","823",17
"33356","82279","822",19
"33357","82377","823",17
"33358","82549","825",12
"33359","19306","193",762
"33360","82211","822",19
"33361","88487","884",1071
"33362","29223","292",728
"33363","18299","182",698
"33364","83254","832",135
"33365","15837","158",909
"33366","94568","945",22
"33367","78073","780",275
"33368","27442","274",923
"33369","35260","352",580
"33370","25791","257",834
"33371","17398","173",718
"33372","15374","153",914
"33373","02977","029",802
"33374","87637","876",1166
"33375","25371","253",850
"33376","88284","882",1078
"33377","26160","261",800
"33378","26629","266",788
"33379","26871","268",784
"33380","83670","836",129
"33381","19417","194",761
"33382","06406","064",687
"33383","83620","836",129
"33384","19376","193",763
"33385","82398","823",17
"33386","82444","824",13
"33387","18258","182",698
"33388","04610","046",860
"33389","83324","833",133
"33390","14947","149",770
"33391","94140","941",1171
"33392","29633","296",724
"33393","87437","874",1136
"33394","68804","688",384
"33395","32312","323",626
"33396","25779","257",834
"33397","21756","217",525
"33398","21727","217",525
"33399","25879","258",830
"33400","25788","257",834
"33401","31622","316",677
"33402","88271","882",1078
"33403","66802","668",299
"33404","02999","029",802
"33405","48268","482",205
"33406","49393","493",649
"33407","82438","824",13
"33408","26345","263",796
"33409","88339","883",1074
"33410","29614","296",724
"33411","24794","247",534
"33412","87490","874",1136
"33413","23570","235",569
"33414","48683","486",193
"33415","49377","493",649
"33416","49457","494",645
"33417","49716","497",641
"33418","83556","835",131
"33419","18314","183",697
"33420","18465","184",696
"33421","16559","165",874
"33422","61203","612",1030
"33423","27404","274",923
"33424","25884","258",830
"33425","13059","130",833
"33426","13057","130",833
"33427","04928","049",857
"33428","15913","159",907
"33429","03099","030",908
"33430","49406","494",645
"33431","31621","316",677
"33432","72516","725",70
"33433","24869","248",531
"33434","25566","255",846
"33435","88427","884",1071
"33436","49439","494",645
"33437","82445","824",13
"33438","88239","882",1078
"33439","24640","246",536
"33440","24119","241",557
"33441","87448","874",1136
"33442","37444","374",634
"33443","83135","831",86
"33444","83071","830",87
"33445","83125","831",85
"33446","14772","147",772
"33447","14641","146",774
"33448","16548","165",874
"33449","94566","945",22
"33450","49733","497",641
"33451","26844","268",784
"33452","18209","182",698
"33453","16278","162",888
"33454","15324","153",914
"33455","49434","494",645
"33456","26203","262",798
"33457","48455","484",197
"33458","26826","268",784
"33459","82547","825",12
"33460","23974","239",589
"33461","83679","836",129
"33462","92449","924",849
"33463","83253","832",135
"33464","18334","183",697
"33465","17252","172",719
"33466","13469","134",822
"33467","16552","165",874
"33468","24972","249",564
"33469","24340","243",546
"33470","29229","292",728
"33471","24306","243",547
"33472","87459","874",1136
"33473","87657","876",1166
"33474","78176","781",273
"33475","27729","277",920
"33476","25596","255",846
"33477","27419","274",923
"33478","82299","822",19
"33479","82402","824",16
"33480","82442","824",13
"33481","21643","216",528
"33482","17335","173",718
"33483","17309","173",718
"33484","17459","174",716
"33485","06317","063",688
"33486","49835","498",638
"33487","82541","825",12
"33488","06217","062",690
"33489","39539","395",705
"33490","18292","182",698
"33491","14669","146",774
"33492","16775","167",873
"33493","18551","185",695
"33494","25856","258",830
"33495","25712","257",834
"33496","38442","384",614
"33497","23758","237",566
"33498","23923","239",589
"33499","86984","869",980
"33500","82389","823",17
"33501","23936","239",589
"33502","26903","269",779
"33503","24783","247",534
"33504","29649","296",724
"33505","88260","882",1078
"33506","97647","976",1082
"33507","28719","287",896
"33508","27245","272",926
"33509","31595","315",679
"33510","25774","257",834
"33511","27412","274",923
"33512","25785","257",834
"33513","85077","850",1009
"33514","06198","061",692
"33515","83737","837",128
"33516","06258","062",690
"33517","83075","830",87
"33518","14728","147",773
"33519","14797","147",772
"33520","17109","171",722
"33521","18574","185",695
"33522","82418","824",13
"33523","17389","173",718
"33524","01945","019",853
"33525","06774","067",674
"33526","17217","172",720
"33527","18556","185",695
"33528","15938","159",907
"33529","18225","182",698
"33530","82343","823",17
"33531","49453","494",645
"33532","27619","276",921
"33533","27721","277",920
"33534","25786","257",834
"33535","23867","238",591
"33536","91725","917",878
"33537","87645","876",1166
"33538","19260","192",765
"33539","82435","824",13
"33540","16356","163",880
"33541","16225","162",888
"33542","94145","941",1175
"33543","15528","155",913
"33544","25489","254",848
"33545","29643","296",724
"33546","88131","881",1080
"33547","26670","266",788
"33548","26939","269",781
"33549","19386","193",763
"33550","83224","832",135
"33551","18375","183",697
"33552","94166","941",1171
"33553","17033","170",723
"33554","17291","172",721
"33555","17326","173",718
"33556","48691","486",193
"33557","26607","266",788
"33558","49770","497",641
"33559","82449","824",13
"33560","82407","824",16
"33561","27572","275",922
"33562","21765","217",525
"33563","27432","274",923
"33564","25813","258",830
"33565","27446","274",923
"33566","25876","258",830
"33567","24863","248",531
"33568","24632","246",536
"33569","87561","875",1135
"33570","29399","293",727
"33571","82488","824",13
"33572","76461","764",1045
"33573","32351","323",626
"33574","64560","645",1101
"33575","24891","248",531
"33576","21255","212",487
"33577","24808","248",531
"33578","18146","181",701
"33579","17139","171",722
"33580","25878","258",830
"33581","21712","217",525
"33582","25594","255",846
"33583","88677","886",1064
"33584","88289","882",1078
"33585","82467","824",13
"33586","23942","239",589
"33587","54343","543",245
"33588","26736","267",786
"33589","19089","190",766
"33590","83607","836",129
"33591","92655","926",841
"33592","48465","484",197
"33593","82266","822",19
"33594","18586","185",695
"33595","17379","173",718
"33596","17373","173",718
"33597","02699","026",769
"33598","16307","163",881
"33599","88361","883",1074
"33600","24878","248",531
"33601","21644","216",528
"33602","48157","481",206
"33603","44359","443",336
"33604","83561","835",131
"33605","18273","182",698
"33606","83549","835",131
"33607","83119","831",85
"33608","18337","183",697
"33609","18442","184",696
"33610","14959","149",770
"33611","17391","173",718
"33612","23992","239",589
"33613","18246","182",698
"33614","88099","880",1084
"33615","25572","255",846
"33616","27386","273",925
"33617","25348","253",850
"33618","19258","192",765
"33619","86928","869",980
"33620","82405","824",14
"33621","15926","159",907
"33622","94158","941",1175
"33623","01936","019",853
"33624","17358","173",718
"33625","02929","029",803
"33626","18347","183",697
"33627","83259","832",135
"33628","18195","181",699
"33629","83257","832",135
"33630","01561","015",808
"33631","23970","239",589
"33632","19412","194",761
"33633","23730","237",566
"33634","87642","876",1166
"33635","82383","823",17
"33636","02994","029",802
"33637","88138","881",1080
"33638","88267","882",1078
"33639","24589","245",543
"33640","68794","687",386
"33641","27232","272",926
"33642","25927","259",829
"33643","21775","217",525
"33644","24969","249",564
"33645","31582","315",680
"33646","21706","217",525
"33647","31634","316",677
"33648","24955","249",564
"33649","24806","248",531
"33650","24817","248",531
"33651","26817","268",784
"33652","49757","497",641
"33653","26639","266",788
"33654","26676","266",788
"33655","25524","255",846
"33656","27389","273",925
"33657","88370","883",1074
"33658","26388","263",797
"33659","44581","445",328
"33660","26446","264",792
"33661","76593","765",1044
"33662","76316","763",1046
"33663","26759","267",786
"33664","49751","497",641
"33665","26427","264",792
"33666","26897","268",784
"33667","29683","296",724
"33668","87534","875",1135
"33669","88316","883",1075
"33670","24404","244",545
"33671","89129","891",332
"33672","24235","242",550
"33673","83673","836",129
"33674","82237","822",19
"33675","75323","753",1121
"33676","25704","257",834
"33677","78476","784",266
"33678","25794","257",834
"33679","21684","216",529
"33680","88377","883",1074
"33681","86923","869",980
"33682","83043","830",87
"33683","83132","831",85
"33684","83358","833",133
"33685","14770","147",772
"33686","14550","145",775
"33687","14552","145",775
"33688","17126","171",722
"33689","15838","158",909
"33690","16247","162",888
"33691","15907","159",907
"33692","17429","174",716
"33693","15848","158",910
"33694","17419","174",716
"33695","02997","029",802
"33696","82433","824",13
"33697","82441","824",13
"33698","23996","239",589
"33699","23972","239",589
"33700","82538","825",12
"33701","83064","830",87
"33702","17209","172",719
"33703","18190","181",699
"33704","17194","171",722
"33705","14624","146",774
"33706","26725","267",786
"33707","24145","241",557
"33708","23843","238",591
"33709","38707","387",609
"33710","31606","316",676
"33711","25715","257",834
"33712","25872","258",830
"33713","25887","258",830
"33714","24992","249",564
"33715","24997","249",564
"33716","27383","273",925
"33717","67550","675",455
"33718","19399","193",763
"33719","83355","833",133
"33720","04880","048",858
"33721","17153","171",722
"33722","17129","171",722
"33723","18528","185",695
"33724","16348","163",880
"33725","89340","893",325
"33726","89192","891",332
"33727","23824","238",594
"33728","87499","874",1136
"33729","29386","293",727
"33730","54338","543",245
"33731","26723","267",786
"33732","03116","031",906
"33733","15898","158",911
"33734","64354","643",1035
"33735","27246","272",926
"33736","25782","257",834
"33737","21717","217",525
"33738","24855","248",531
"33739","91710","917",878
"33740","26683","266",788
"33741","26340","263",796
"33742","30900","309",598
"33743","67578","675",455
"33744","26349","263",796
"33745","24879","248",531
"33746","27628","276",921
"33747","64319","643",1035
"33748","25923","259",829
"33749","61209","612",1030
"33750","25770","257",834
"33751","88690","886",1064
"33752","24850","248",531
"33753","83123","831",85
"33754","14789","147",772
"33755","04571","045",862
"33756","14798","147",772
"33757","94356","943",26
"33758","04849","048",858
"33759","17235","172",719
"33760","17087","170",723
"33761","94556","945",22
"33762","16259","162",888
"33763","82544","825",12
"33764","39606","396",704
"33765","85625","856",1052
"33766","39615","396",704
"33767","06237","062",690
"33768","18196","181",699
"33769","16909","169",869
"33770","14774","147",772
"33771","18519","185",694
"33772","17506","175",714
"33773","17367","173",718
"33774","82396","823",17
"33775","82229","822",19
"33776","82494","824",13
"33777","19309","193",762
"33778","83671","836",129
"33779","46325","463",95
"33780","49846","498",638
"33781","26847","268",784
"33782","26789","267",785
"33783","26548","265",790
"33784","26831","268",784
"33785","27239","272",926
"33786","31603","316",676
"33787","33165","331",511
"33788","21769","217",525
"33789","31638","316",677
"33790","31515","315",678
"33791","24217","242",550
"33792","82497","824",13
"33793","82487","824",13
"33794","29451","294",726
"33795","26188","261",800
"33796","49661","496",642
"33797","24791","247",534
"33798","24857","248",531
"33799","89601","896",318
"33800","25548","255",846
"33801","26655","266",788
"33802","25488","254",848
"33803","24354","243",546
"33804","21079","210",493
"33805","27711","277",920
"33806","34516","345",407
"33807","21772","217",525
"33808","25855","258",830
"33809","63927","639",1151
"33810","24988","249",564
"33811","49179","491",654
"33812","26931","269",781
"33813","24991","249",564
"33814","49699","496",642
"33815","26605","266",788
"33816","82284","822",19
"33817","82340","823",17
"33818","39319","393",709
"33819","18055","180",702
"33820","83134","831",85
"33821","14974","149",770
"33822","13467","134",822
"33823","83646","836",129
"33824","83623","836",129
"33825","38524","385",613
"33826","82409","824",13
"33827","15748","157",912
"33828","17321","173",718
"33829","02923","029",803
"33830","18147","181",701
"33831","18311","183",697
"33832","83233","832",135
"33833","83370","833",133
"33834","83236","832",135
"33835","17091","170",723
"33836","15806","158",909
"33837","17268","172",721
"33838","17392","173",718
"33839","27612","276",921
"33840","27259","272",926
"33841","27624","276",921
"33842","25842","258",830
"33843","28357","283",901
"33844","35315","353",578
"33845","25795","257",834
"33846","82386","823",17
"33847","06556","065",683
"33848","82319","823",17
"33849","06420","064",687
"33850","19370","193",763
"33851","26556","265",789
"33852","29320","293",727
"33853","87488","874",1136
"33854","23777","237",566
"33855","88422","884",1071
"33856","88142","881",1080
"33857","26689","266",788
"33858","25980","259",829
"33859","18276","182",698
"33860","83129","831",85
"33861","06917","069",664
"33862","14547","145",775
"33863","17498","174",717
"33864","19406","194",761
"33865","03226","032",905
"33866","17328","173",718
"33867","02906","029",803
"33868","24211","242",550
"33869","82496","824",13
"33870","82404","824",15
"33871","78604","786",262
"33872","31600","316",676
"33873","25885","258",830
"33874","27367","273",925
"33875","21710","217",525
"33876","26802","268",784
"33877","86650","866",988
"33878","19217","192",765
"33879","86989","869",980
"33880","86911","869",980
"33881","24768","247",534
"33882","49401","494",645
"33883","83128","831",85
"33884","83209","832",135
"33885","83346","833",133
"33886","83334","833",133
"33887","83367","833",133
"33888","17111","171",722
"33889","16792","167",873
"33890","83708","837",128
"33891","92676","926",841
"33892","17390","173",718
"33893","15859","158",910
"33894","17454","174",716
"33895","15234","152",915
"33896","46446","464",94
"33897","48599","485",195
"33898","48282","482",205
"33899","78054","780",275
"33900","78056","780",275
"33901","78187","781",273
"33902","28865","288",894
"33903","27249","272",926
"33904","31547","315",678
"33905","29664","296",724
"33906","88048","880",1084
"33907","37603","376",631
"33908","88410","884",1071
"33909","88437","884",1071
"33910","24644","246",537
"33911","89176","891",332
"33912","89423","894",323
"33913","86986","869",980
"33914","96450","964",89
"33915","26219","262",798
"33916","49163","491",654
"33917","49356","493",649
"33918","19395","193",763
"33919","83137","831",85
"33920","17213","172",719
"33921","17166","171",722
"33922","14662","146",774
"33923","18513","185",694
"33924","83404","834",132
"33925","17121","171",722
"33926","16798","167",873
"33927","19067","190",766
"33928","83674","836",129
"33929","85653","856",1052
"33930","85462","854",1060
"33931","29472","294",726
"33932","23738","237",566
"33933","19205","192",765
"33934","17509","175",715
"33935","27607","276",921
"33936","25924","259",829
"33937","25746","257",834
"33938","25864","258",830
"33939","31535","315",678
"33940","24899","248",531
"33941","49828","498",638
"33942","22880","228",457
"33943","88299","882",1078
"33944","27804","278",917
"33945","14776","147",772
"33946","17179","171",722
"33947","17159","171",722
"33948","09481","094",1123
"33949","14548","145",775
"33950","18510","185",694
"33951","15834","158",909
"33952","17098","170",723
"33953","24250","242",550
"33954","38667","386",611
"33955","18233","182",698
"33956","27248","272",926
"33957","25840","258",830
"33958","24861","248",531
"33959","87494","874",1136
"33960","87674","876",1166
"33961","86974","869",980
"33962","82392","823",17
"33963","04934","049",857
"33964","15713","157",912
"33965","03130","031",906
"33966","49744","497",641
"33967","49762","497",641
"33968","26197","261",801
"33969","24811","248",531
"33970","25597","255",846
"33971","21258","212",487
"33972","49626","496",642
"33973","49696","496",642
"33974","49565","495",643
"33975","49777","497",641
"33976","41372","413",283
"33977","53949","539",330
"33978","41468","414",324
"33979","40489","404",1070
"33980","54558","545",234
"33981","50676","506",958
"33982","54470","544",243
"33983","45259","452",159
"33984","88097","880",1084
"33985","33803","338",549
"33986","49424","494",645
"33987","26215","262",799
"33988","26532","265",789
"33989","56599","565",350
"33990","26899","268",784
"33991","19303","193",762
"33992","06466","064",687
"33993","91220","912",897
"33994","85232","852",1004
"33995","95336","953",156
"33996","82431","824",13
"33997","16945","169",869
"33998","07958","079",739
"33999","92694","926",840
"34000","04207","042",868
"34001","18279","182",698
"34002","83256","832",135
"34003","84130","841",45
"34004","92444","924",849
"34005","04838","048",858
"34006","17207","172",719
"34007","04860","048",858
"34008","04936","049",857
"34009","94127","941",1174
"34010","16244","162",888
"34011","10243","102",383
"34012","28790","287",896
"34013","49419","494",645
"34014","35582","355",574
"34015","34519","345",408
"34016","28217","282",902
"34017","69151","691",187
"34018","28207","282",902
"34019","31604","316",676
"34020","64711","647",1099
"34021","31675","316",675
"34022","27299","272",927
"34023","70378","703",10
"34024","37671","376",631
"34025","73734","737",1038
"34026","21714","217",525
"34027","30966","309",597
"34028","31171","311",662
"34029","31157","311",662
"34030","88353","883",1074
"34031","24582","245",543
"34032","97246","972",1020
"34033","20095","200",623
"34034","24232","242",550
"34035","99869","998",1169
"34036","92369","923",851
"34037","96349","963",56
"34038","85757","857",1050
"34039","85098","850",1009
"34040","39179","391",713
"34041","19336","193",764
"34042","97500","975",1091
"34043","99885","998",1169
"34044","23669","236",568
"34045","91785","917",878
"34046","01814","018",856
"34047","15320","153",914
"34048","03172","031",906
"34049","12439","124",522
"34050","01979","019",853
"34051","47574","475",212
"34052","47669","476",210
"34053","47179","471",215
"34054","47166","471",215
"34055","40547","405",1067
"34056","40593","405",1066
"34057","53332","533",292
"34058","45356","453",158
"34059","56653","566",349
"34060","44579","445",328
"34061","24802","248",531
"34062","29308","293",727
"34063","24568","245",540
"34064","97080","970",1024
"34065","97070","970",1024
"34066","88451","884",1071
"34067","31311","313",660
"34068","89281","892",327
"34069","87764","877",1165
"34070","73492","734",1042
"34071","24245","242",550
"34072","87773","877",1165
"34073","91550","915",889
"34074","89407","894",323
"34075","87775","877",1165
"34076","35644","356",571
"34077","60314","603",62
"34078","28199","281",904
"34079","28844","288",894
"34080","78345","783",267
"34081","74906","749",964
"34082","63533","635",1162
"34083","78351","783",267
"34084","69439","694",174
"34085","78354","783",267
"34086","31628","316",677
"34087","63897","638",1155
"34088","74379","743",929
"34089","71642","716",116
"34090","24803","248",531
"34091","88356","883",1074
"34092","26180","261",800
"34093","76448","764",1045
"34094","78199","781",273
"34095","49448","494",645
"34096","68623","686",388
"34097","64589","645",1101
"34098","24960","249",564
"34099","24999","249",564
"34100","77656","776",312
"34101","49076","490",658
"34102","79730","797",488
"34103","79859","798",482
"34104","26169","261",800
"34105","83098","830",87
"34106","06712","067",673
"34107","92533","925",847
"34108","83569","835",131
"34109","04523","045",862
"34110","06792","067",674
"34111","93102","931",55
"34112","83546","835",131
"34113","14727","147",772
"34114","04575","045",862
"34115","92445","924",849
"34116","17154","171",722
"34117","84533","845",79
"34118","14554","145",775
"34119","14109","141",778
"34120","07387","073",747
"34121","39446","394",706
"34122","85452","854",1060
"34123","19071","190",766
"34124","06458","064",687
"34125","24327","243",547
"34126","86879","868",981
"34127","23899","238",595
"34128","86682","866",988
"34129","91174","911",898
"34130","86981","869",980
"34131","99087","990",1158
"34132","01157","011",813
"34133","15569","155",913
"34134","15378","153",914
"34135","15526","155",913
"34136","02827","028",767
"34137","47829","478",208
"34138","66763","667",304
"34139","50767","507",957
"34140","42489","424",229
"34141","79713","797",488
"34142","42929","429",272
"34143","26624","266",788
"34144","48499","484",197
"34145","26810","268",784
"34146","25482","254",848
"34147","97250","972",1020
"34148","25451","254",848
"34149","20354","203",620
"34150","97252","972",1021
"34151","97453","974",1018
"34152","22952","229",453
"34153","38124","381",618
"34154","76676","766",1115
"34155","65929","659",353
"34156","35452","354",576
"34157","60528","605",60
"34158","63225","632",1104
"34159","32469","324",625
"34160","63477","634",1164
"34161","78337","783",267
"34162","64756","647",1099
"34163","34549","345",407
"34164","69437","694",174
"34165","63741","637",1160
"34166","74081","740",942
"34167","63834","638",1156
"34168","27313","273",925
"34169","25557","255",846
"34170","25599","255",846
"34171","25799","257",834
"34172","97877","978",1077
"34173","80999","809",814
"34174","19065","190",766
"34175","07907","079",739
"34176","83684","836",130
"34177","86697","866",988
"34178","96275","962",57
"34179","90584","905",759
"34180","82432","824",13
"34181","82393","823",17
"34182","23552","235",569
"34183","99955","999",1168
"34184","38440","384",614
"34185","86899","868",981
"34186","86971","869",980
"34187","86946","869",980
"34188","86641","866",988
"34189","38350","383",616
"34190","39393","393",707
"34191","59872","598",218
"34192","55294","552",443
"34193","67360","673",463
"34194","68647","686",388
"34195","24787","247",534
"34196","19339","193",764
"34197","84174","841",45
"34198","83088","830",87
"34199","83126","831",84
"34200","06794","067",674
"34201","83083","830",87
"34202","04463","044",864
"34203","16868","168",872
"34204","83242","832",135
"34205","94437","944",23
"34206","83329","833",133
"34207","94342","943",26
"34208","84375","843",83
"34209","17258","172",721
"34210","94034","940",1177
"34211","94130","941",1175
"34212","15712","157",912
"34213","15537","155",913
"34214","01983","019",853
"34215","16303","163",881
"34216","15299","152",915
"34217","02899","028",767
"34218","30659","306",602
"34219","21435","214",473
"34220","87509","875",1135
"34221","31228","312",661
"34222","38259","382",617
"34223","86491","864",943
"34224","87466","874",1136
"34225","23821","238",594
"34226","86470","864",943
"34227","99755","997",1170
"34228","06526","065",684
"34229","86633","866",988
"34230","92360","923",851
"34231","19059","190",766
"34232","85088","850",1009
"34233","39122","391",713
"34234","39288","392",712
"34235","06124","061",692
"34236","92421","924",849
"34237","83024","830",87
"34238","83559","835",131
"34239","06901","069",664
"34240","94330","943",26
"34241","17248","172",719
"34242","14542","145",775
"34243","16766","167",873
"34244","04895","048",858
"34245","13503","135",820
"34246","10179","101",387
"34247","87600","876",1166
"34248","38879","388",606
"34249","87629","876",1166
"34250","91735","917",878
"34251","19246","192",765
"34252","99707","997",1170
"34253","15749","157",912
"34254","15757","157",912
"34255","03205","032",905
"34256","15377","153",914
"34257","68649","686",388
"34258","68219","682",395
"34259","76698","766",1115
"34260","60327","603",62
"34261","25899","258",830
"34262","69117","691",187
"34263","69118","691",187
"34264","25761","257",834
"34265","78315","783",267
"34266","63538","635",1162
"34267","78467","784",266
"34268","63906","639",1151
"34269","21726","217",525
"34270","36399","363",559
"34271","37649","376",631
"34272","36396","363",559
"34273","88518","885",1068
"34274","47623","476",210
"34275","53940","539",330
"34276","52385","523",1023
"34277","54453","544",240
"34278","47445","474",213
"34279","47059","470",217
"34280","47119","471",215
"34281","41541","415",321
"34282","45133","451",160
"34283","50678","506",958
"34284","66625","666",249
"34285","49767","497",641
"34286","26842","268",784
"34287","76596","765",1044
"34288","55130","551",445
"34289","65462","654",308
"34290","67575","675",455
"34291","72297","722",76
"34292","26419","264",792
"34293","77866","778",392
"34294","88045","880",1084
"34295","97788","977",1079
"34296","24782","247",534
"34297","51147","511",1096
"34298","56861","568",425
"34299","49808","498",638
"34300","48493","484",197
"34301","53545","535",345
"34302","58300","583",109
"34303","46519","465",91
"34304","40668","406",1063
"34305","40479","404",1070
"34306","40597","405",1066
"34307","54538","545",234
"34308","46238","462",98
"34309","79258","792",502
"34310","55422","554",435
"34311","58553","585",105
"34312","56564","565",350
"34313","79415","794",496
"34314","53227","532",293
"34315","26721","267",786
"34316","65931","659",353
"34317","68753","687",386
"34318","68549","685",389
"34319","76669","766",1115
"34320","21776","217",525
"34321","63939","639",1151
"34322","63739","637",1160
"34323","74376","743",929
"34324","74076","740",942
"34325","70374","703",10
"34326","71686","716",116
"34327","30169","301",596
"34328","30916","309",598
"34329","22117","221",403
"34330","89293","892",327
"34331","31246","312",661
"34332","97532","975",1088
"34333","89312","893",325
"34334","23813","238",594
"34335","86489","864",943
"34336","89349","893",325
"34337","24321","243",547
"34338","23820","238",594
"34339","91315","913",895
"34340","38899","388",606
"34341","86857","868",981
"34342","96179","961",58
"34343","86937","869",980
"34344","96250","962",57
"34345","99610","996",1141
"34346","79664","796",492
"34347","56479","564",352
"34348","55299","552",443
"34349","65239","652",310
"34350","59558","595",221
"34351","67069","670",480
"34352","24805","248",531
"34353","30855","308",601
"34354","07338","073",747
"34355","85107","851",1006
"34356","85053","850",1009
"34357","39291","392",712
"34358","83629","836",129
"34359","18249","182",698
"34360","83080","830",87
"34361","83139","831",85
"34362","83093","830",87
"34363","06803","068",667
"34364","06808","068",666
"34365","17214","172",719
"34366","08459","084",731
"34367","94345","943",26
"34368","08328","083",732
"34369","08309","083",732
"34370","17192","171",722
"34371","04808","048",858
"34372","16833","168",871
"34373","94522","945",21
"34374","94559","945",21
"34375","16827","168",871
"34376","14469","144",777
"34377","13587","135",820
"34378","16761","167",873
"34379","01589","015",807
"34380","18546","185",695
"34381","01773","017",804
"34382","03222","032",905
"34383","15326","153",914
"34384","82362","823",17
"34385","90478","904",760
"34386","82279","822",19
"34387","99628","996",1141
"34388","29471","294",726
"34389","82549","825",12
"34390","80995","809",814
"34391","19306","193",762
"34392","06242","062",690
"34393","95126","951",93
"34394","82211","822",19
"34395","30853","308",601
"34396","97276","972",1020
"34397","24242","242",551
"34398","20149","201",622
"34399","29223","292",728
"34400","21037","210",494
"34401","24601","246",539
"34402","38729","387",608
"34403","97531","975",1085
"34404","38112","381",618
"34405","39524","395",705
"34406","18299","182",698
"34407","04105","041",870
"34408","04564","045",862
"34409","83254","832",135
"34410","92559","925",847
"34411","84524","845",79
"34412","14129","141",778
"34413","15936","159",907
"34414","03253","032",905
"34415","17349","173",718
"34416","33129","331",511
"34417","63110","631",1105
"34418","27442","274",923
"34419","28832","288",894
"34420","63924","639",1151
"34421","01774","017",804
"34422","12527","125",521
"34423","15732","157",912
"34424","17398","173",718
"34425","01277","012",811
"34426","01968","019",853
"34427","15517","155",913
"34428","15374","153",914
"34429","02977","029",802
"34430","15230","152",915
"34431","02956","029",803
"34432","87637","876",1166
"34433","86842","868",981
"34434","38557","385",613
"34435","29490","294",726
"34436","97816","978",1077
"34437","88284","882",1078
"34438","77977","779",390
"34439","77966","779",390
"34440","57462","574",168
"34441","49594","495",643
"34442","26160","261",800
"34443","57250","572",170
"34444","76467","764",1045
"34445","33397","333",509
"34446","76149","761",1056
"34447","26629","266",788
"34448","54673","546",288
"34449","53909","539",331
"34450","66701","667",304
"34451","47229","472",214
"34452","49847","498",638
"34453","41540","415",321
"34454","40880","408",1059
"34455","40789","407",1061
"34456","50997","509",954
"34457","50668","506",958
"34458","26871","268",784
"34459","56567","565",350
"34460","39435","394",706
"34461","39418","394",706
"34462","19417","194",761
"34463","85290","852",1004
"34464","06406","064",687
"34465","85464","854",1060
"34466","83620","836",129
"34467","19376","193",763
"34468","82444","824",13
"34469","19061","190",766
"34470","06118","061",692
"34471","18258","182",698
"34472","95643","956",143
"34473","04610","046",860
"34474","04416","044",864
"34475","83324","833",133
"34476","84567","845",79
"34477","94234","942",27
"34478","09465","094",1123
"34479","14947","149",770
"34480","94140","941",1171
"34481","94544","945",22
"34482","14163","141",778
"34483","94113","941",1175
"34484","30459","304",605
"34485","36179","361",562
"34486","24814","248",532
"34487","31180","311",662
"34488","24241","242",551
"34489","20148","201",622
"34490","89257","892",327
"34491","87452","874",1136
"34492","86519","865",992
"34493","87477","874",1136
"34494","21493","214",475
"34495","38690","386",611
"34496","37445","374",634
"34497","68804","688",384
"34498","32457","324",625
"34499","25709","257",834
"34500","21781","217",525
"34501","25779","257",834
"34502","21756","217",525
"34503","21727","217",525
"34504","25879","258",830
"34505","25788","257",834
"34506","34587","345",407
"34507","88271","882",1078
"34508","25376","253",850
"34509","25588","255",846
"34510","97522","975",1090
"34511","23919","239",588
"34512","23566","235",569
"34513","86977","869",980
"34514","86504","865",990
"34515","91056","910",900
"34516","52249","522",1025
"34517","47608","476",210
"34518","54457","544",240
"34519","46395","463",96
"34520","54329","543",244
"34521","46483","464",94
"34522","54292","542",248
"34523","40221","402",1012
"34524","47269","472",214
"34525","40213","402",1012
"34526","54347","543",247
"34527","50999","509",954
"34528","79235","792",502
"34529","79361","793",501
"34530","56068","560",385
"34531","79365","793",501
"34532","12557","125",521
"34533","01139","011",813
"34534","01920","019",853
"34535","01900","019",855
"34536","02999","029",802
"34537","56218","562",366
"34538","57413","574",168
"34539","77855","778",392
"34540","79774","797",488
"34541","24797","247",533
"34542","24837","248",531
"34543","97753","977",1079
"34544","59329","593",224
"34545","65468","654",308
"34546","42659","426",280
"34547","51519","515",1144
"34548","58455","584",106
"34549","53819","538",335
"34550","58339","583",107
"34551","07368","073",747
"34552","39218","392",710
"34553","39240","392",710
"34554","19209","192",765
"34555","39619","396",704
"34556","29475","294",726
"34557","76547","765",1044
"34558","55262","552",442
"34559","24794","247",534
"34560","97340","973",1019
"34561","97332","973",1019
"34562","38229","382",617
"34563","38542","385",613
"34564","89353","893",325
"34565","23701","237",566
"34566","86975","869",980
"34567","23570","235",569
"34568","86447","864",948
"34569","23774","237",566
"34570","38820","388",606
"34571","88046","880",1084
"34572","24884","248",531
"34573","24966","249",564
"34574","88149","881",1080
"34575","54518","545",234
"34576","40474","404",1070
"34577","47058","470",217
"34578","54498","544",242
"34579","45468","454",157
"34580","51580","515",1142
"34581","56329","563",358
"34582","55118","551",445
"34583","49457","494",645
"34584","56862","568",425
"34585","49716","497",641
"34586","53721","537",338
"34587","85447","854",1060
"34588","92442","924",849
"34589","83556","835",131
"34590","92439","924",849
"34591","06905","069",664
"34592","09509","095",1119
"34593","16556","165",874
"34594","16559","165",874
"34595","16567","165",874
"34596","27478","274",924
"34597","61203","612",1030
"34598","25832","258",830
"34599","31737","317",670
"34600","27404","274",923
"34601","36326","363",559
"34602","70376","703",10
"34603","88090","880",1084
"34604","74182","741",939
"34605","04928","049",857
"34606","01097","010",816
"34607","01326","013",810
"34608","15344","153",914
"34609","15913","159",907
"34610","03099","030",908
"34611","49406","494",645
"34612","68239","682",395
"34613","35633","356",573
"34614","64625","646",1100
"34615","72070","720",40
"34616","72072","720",40
"34617","31608","316",677
"34618","74855","748",966
"34619","63820","638",1156
"34620","88636","886",1064
"34621","31785","317",672
"34622","38527","385",613
"34623","99310","993",1149
"34624","82491","824",13
"34625","96215","962",57
"34626","06537","065",683
"34627","34123","341",423
"34628","97851","978",1077
"34629","25566","255",846
"34630","97849","978",1077
"34631","88427","884",1071
"34632","79739","797",489
"34633","65201","652",310
"34634","33790","337",555
"34635","55276","552",443
"34636","99448","994",1147
"34637","23968","239",589
"34638","83676","836",129
"34639","82335","823",17
"34640","24369","243",546
"34641","22085","220",405
"34642","37136","371",637
"34643","87763","877",1165
"34644","29348","293",727
"34645","87748","877",1165
"34646","87448","874",1136
"34647","97520","975",1085
"34648","97359","973",1019
"34649","37327","373",635
"34650","86488","864",943
"34651","38159","381",618
"34652","87497","874",1136
"34653","38312","383",615
"34654","24329","243",547
"34655","86483","864",943
"34656","37444","374",634
"34657","07937","079",739
"34658","92665","926",841
"34659","83135","831",86
"34660","83071","830",87
"34661","92555","925",847
"34662","04205","042",868
"34663","83125","831",85
"34664","17168","171",722
"34665","14772","147",772
"34666","14641","146",774
"34667","94405","944",23
"34668","94553","945",21
"34669","17255","172",719
"34670","09648","096",1116
"34671","16835","168",871
"34672","04874","048",858
"34673","16515","165",874
"34674","10997","109",431
"34675","41849","418",313
"34676","47546","475",212
"34677","66679","666",249
"34678","47055","470",217
"34679","51107","511",1096
"34680","56566","565",350
"34681","49733","497",641
"34682","53424","534",291
"34683","53179","531",294
"34684","26844","268",784
"34685","85084","850",1009
"34686","39104","391",713
"34687","39126","391",713
"34688","39249","392",710
"34689","12435","124",522
"34690","16278","162",888
"34691","03103","031",906
"34692","15324","153",914
"34693","59320","593",224
"34694","47533","475",212
"34695","47906","479",207
"34696","47918","479",207
"34697","66693","666",249
"34698","47178","471",215
"34699","51063","510",1097
"34700","48455","484",197
"34701","26506","265",789
"34702","26826","268",784
"34703","56626","566",349
"34704","79367","793",501
"34705","77963","779",390
"34706","58840","588",101
"34707","15738","157",912
"34708","15746","157",912
"34709","15562","155",913
"34710","01259","012",811
"34711","17424","174",716
"34712","81249","812",44
"34713","29478","294",726
"34714","91230","912",897
"34715","23974","239",589
"34716","81543","815",41
"34717","83679","836",129
"34718","06425","064",687
"34719","06246","062",690
"34720","85467","854",1060
"34721","92269","922",852
"34722","92449","924",849
"34723","95676","956",143
"34724","08543","085",730
"34725","93092","930",28
"34726","83253","832",135
"34727","04565","045",862
"34728","84164","841",45
"34729","18334","183",697
"34730","04683","046",861
"34731","16837","168",871
"34732","83373","833",133
"34733","17252","172",719
"34734","84489","844",82
"34735","94526","945",21
"34736","94577","945",22
"34737","18435","184",696
"34738","13585","135",820
"34739","13599","135",820
"34740","17279","172",721
"34741","24358","243",546
"34742","89616","896",315
"34743","24340","243",546
"34744","21129","211",491
"34745","97209","972",1020
"34746","24631","246",538
"34747","24161","241",557
"34748","97424","974",1018
"34749","24306","243",547
"34750","38239","382",617
"34751","97437","974",1018
"34752","79807","798",484
"34753","76709","767",1114
"34754","69121","691",187
"34755","60386","603",62
"34756","63065","630",1106
"34757","28201","282",902
"34758","63456","634",1164
"34759","28307","283",901
"34760","25719","257",834
"34761","74366","743",929
"34762","31840","318",665
"34763","74177","741",941
"34764","31860","318",665
"34765","25596","255",846
"34766","27419","274",923
"34767","96257","962",57
"34768","82402","824",16
"34769","82347","823",17
"34770","06469","064",687
"34771","97483","974",1018
"34772","21354","213",478
"34773","86511","865",990
"34774","86643","866",988
"34775","86666","866",988
"34776","91330","913",895
"34777","26382","263",797
"34778","55120","551",445
"34779","26135","261",800
"34780","27798","277",919
"34781","76777","767",1111
"34782","67227","672",469
"34783","76344","763",1047
"34784","67354","673",463
"34785","24890","248",531
"34786","24809","248",531
"34787","01640","016",806
"34788","94107","941",1175
"34789","17335","173",718
"34790","17309","173",718
"34791","17459","174",716
"34792","01477","014",809
"34793","55257","552",442
"34794","26125","261",800
"34795","76187","761",1056
"34796","72275","722",76
"34797","67346","673",463
"34798","76661","766",1115
"34799","55218","552",442
"34800","01917","019",853
"34801","03052","030",908
"34802","02829","028",767
"34803","19063","190",766
"34804","06317","063",688
"34805","85354","853",999
"34806","93309","933",51
"34807","85560","855",1057
"34808","59348","593",223
"34809","48485","484",197
"34810","49835","498",638
"34811","56856","568",425
"34812","53604","536",341
"34813","79588","795",495
"34814","96224","962",57
"34815","82541","825",12
"34816","06217","062",690
"34817","92708","927",835
"34818","39539","395",705
"34819","04420","044",865
"34820","18292","182",698
"34821","04109","041",870
"34822","94348","943",26
"34823","84163","841",45
"34824","94344","943",26
"34825","08371","083",733
"34826","04567","045",862
"34827","93464","934",50
"34828","04828","048",858
"34829","14669","146",774
"34830","94267","942",27
"34831","06925","069",664
"34832","83410","834",132
"34833","83471","834",132
"34834","16775","167",873
"34835","94557","945",21
"34836","04758","047",859
"34837","14467","144",777
"34838","14055","140",783
"34839","68307","683",394
"34840","68169","681",401
"34841","69221","692",184
"34842","28197","281",904
"34843","32425","324",625
"34844","25856","258",830
"34845","31592","315",679
"34846","74078","740",942
"34847","63785","637",1159
"34848","74206","742",936
"34849","74348","743",929
"34850","25712","257",834
"34851","74172","741",941
"34852","25584","255",846
"34853","21522","215",465
"34854","99894","998",1169
"34855","89434","894",323
"34856","38875","388",606
"34857","38442","384",614
"34858","23758","237",566
"34859","23923","239",589
"34860","86984","869",980
"34861","86663","866",988
"34862","91350","913",895
"34863","99189","991",1154
"34864","96146","961",58
"34865","23936","239",589
"34866","79576","795",495
"34867","56112","561",381
"34868","56077","560",385
"34869","58802","588",101
"34870","30880","308",599
"34871","23826","238",591
"34872","38685","386",610
"34873","89355","893",325
"34874","54611","546",290
"34875","40667","406",1063
"34876","41460","414",324
"34877","49849","498",638
"34878","56841","568",424
"34879","47506","475",211
"34880","54316","543",244
"34881","47139","471",215
"34882","50259","502",961
"34883","50968","509",954
"34884","79822","798",482
"34885","35759","357",570
"34886","76437","764",1045
"34887","49143","491",654
"34888","79790","797",488
"34889","55252","552",444
"34890","76764","767",1111
"34891","76189","761",1056
"34892","56349","563",357
"34893","59519","595",221
"34894","26903","269",779
"34895","58515","585",105
"34896","24783","247",534
"34897","88260","882",1078
"34898","97534","975",1085
"34899","24638","246",539
"34900","24238","242",550
"34901","67061","670",480
"34902","33154","331",511
"34903","69469","694",176
"34904","28719","287",896
"34905","27616","276",921
"34906","60594","605",60
"34907","31595","315",679
"34908","21785","217",525
"34909","63679","636",1161
"34910","25785","257",834
"34911","96188","961",58
"34912","99100","991",1154
"34913","86925","869",980
"34914","86507","865",989
"34915","86179","861",953
"34916","24819","248",531
"34917","19053","190",766
"34918","85077","850",1009
"34919","85386","853",999
"34920","83703","837",128
"34921","83737","837",128
"34922","85368","853",1003
"34923","39590","395",705
"34924","93161","931",53
"34925","06258","062",690
"34926","83131","831",84
"34927","14728","147",773
"34928","14797","147",772
"34929","83413","834",132
"34930","93476","934",50
"34931","94447","944",23
"34932","94486","944",23
"34933","14482","144",777
"34934","09514","095",1119
"34935","18574","185",695
"34936","09618","096",1116
"34937","82418","824",13
"34938","03149","031",906
"34939","94121","941",1175
"34940","03238","032",905
"34941","01468","014",809
"34942","17389","173",718
"34943","01945","019",853
"34944","83115","831",84
"34945","92436","924",849
"34946","04442","044",864
"34947","06774","067",674
"34948","84109","841",45
"34949","84177","841",45
"34950","16816","168",871
"34951","16831","168",871
"34952","93458","934",50
"34953","17217","172",720
"34954","14612","146",774
"34955","94258","942",27
"34956","15938","159",907
"34957","95326","953",156
"34958","85435","854",1060
"34959","82343","823",17
"34960","85051","850",1009
"34961","49453","494",645
"34962","68161","681",401
"34963","65934","659",353
"34964","27619","276",921
"34965","64760","647",1099
"34966","32423","324",625
"34967","63450","634",1164
"34968","27324","273",925
"34969","88630","886",1064
"34970","25786","257",834
"34971","97267","972",1020
"34972","24148","241",557
"34973","87730","877",1165
"34974","87463","874",1136
"34975","23867","238",591
"34976","23795","237",565
"34977","38176","381",618
"34978","38550","385",613
"34979","87645","876",1166
"34980","96191","961",58
"34981","82435","824",13
"34982","16356","163",880
"34983","15745","157",912
"34984","16225","162",888
"34985","15528","155",913
"34986","88131","881",1080
"34987","15306","153",914
"34988","02625","026",769
"34989","15295","152",915
"34990","54439","544",240
"34991","47877","478",208
"34992","54308","543",244
"34993","40545","405",1067
"34994","50769","507",957
"34995","45481","454",157
"34996","40627","406",1062
"34997","54349","543",247
"34998","48161","481",206
"34999","26434","264",792
"35000","48336","483",202
"35001","65347","653",309
"35002","57271","572",170
"35003","79725","797",488
"35004","56182","561",382
"35005","56322","563",354
"35006","26670","266",788
"35007","58313","583",109
"35008","56812","568",425
"35009","48488","484",197
"35010","42897","428",274
"35011","08538","085",730
"35012","19386","193",763
"35013","93093","930",28
"35014","08428","084",731
"35015","18375","183",697
"35016","04889","048",858
"35017","83416","834",132
"35018","14471","144",777
"35019","94166","941",1171
"35020","17033","170",723
"35021","13597","135",820
"35022","94072","940",1176
"35023","13507","135",820
"35024","01665","016",806
"35025","81379","813",43
"35026","07366","073",747
"35027","95519","955",149
"35028","06255","062",690
"35029","83052","830",87
"35030","12459","124",522
"35031","17291","172",721
"35032","15711","157",912
"35033","15864","158",910
"35034","17326","173",718
"35035","79112","791",506
"35036","66706","667",305
"35037","46487","464",94
"35038","54290","542",248
"35039","48691","486",193
"35040","47053","470",217
"35041","51688","516",1140
"35042","26607","266",788
"35043","53842","538",334
"35044","53619","536",341
"35045","39359","393",708
"35046","86919","869",980
"35047","82449","824",13
"35048","38828","388",606
"35049","64579","645",1101
"35050","27572","275",922
"35051","68526","685",389
"35052","63329","633",1103
"35053","27432","274",923
"35054","25813","258",830
"35055","63814","638",1157
"35056","27446","274",923
"35057","25876","258",830
"35058","24790","247",534
"35059","24796","247",534
"35060","21256","212",487
"35061","20539","205",640
"35062","73463","734",1042
"35063","21481","214",475
"35064","29399","293",727
"35065","23611","236",568
"35066","87672","876",1166
"35067","23564","235",569
"35068","86944","869",980
"35069","99631","996",1141
"35070","76767","767",1111
"35071","76461","764",1045
"35072","67547","675",455
"35073","65439","654",308
"35074","64560","645",1101
"35075","67063","670",480
"35076","77948","779",390
"35077","25358","253",850
"35078","92263","922",852
"35079","18146","181",701
"35080","93149","931",53
"35081","93073","930",28
"35082","08223","082",735
"35083","84100","841",45
"35084","84183","841",45
"35085","83339","833",133
"35086","17139","171",722
"35087","94569","945",21
"35088","83451","834",132
"35089","94554","945",21
"35090","76229","762",1048
"35091","25882","258",830
"35092","78343","783",267
"35093","88605","886",1064
"35094","21730","217",525
"35095","25878","258",830
"35096","37697","376",631
"35097","24360","243",546
"35098","99837","998",1169
"35099","89269","892",327
"35100","38678","386",610
"35101","97488","974",1018
"35102","97503","975",1085
"35103","29393","293",727
"35104","21483","214",475
"35105","98553","985",959
"35106","23562","235",569
"35107","23683","236",568
"35108","96120","961",58
"35109","96103","961",58
"35110","86978","869",980
"35111","23942","239",589
"35112","86438","864",945
"35113","99195","991",1154
"35114","47802","478",208
"35115","47809","478",208
"35116","51061","510",1097
"35117","26736","267",786
"35118","24975","249",564
"35119","97737","977",1079
"35120","39326","393",708
"35121","19089","190",766
"35122","85774","857",1049
"35123","92655","926",841
"35124","83707","837",128
"35125","06249","062",690
"35126","39596","395",705
"35127","44263","442",339
"35128","77836","778",392
"35129","58540","585",105
"35130","67240","672",469
"35131","76351","763",1047
"35132","26907","269",780
"35133","53639","536",341
"35134","56821","568",425
"35135","53579","535",345
"35136","82266","822",19
"35137","06449","064",687
"35138","09544","095",1119
"35139","10245","102",383
"35140","01471","014",809
"35141","17379","173",718
"35142","01309","013",810
"35143","01816","018",856
"35144","01824","018",856
"35145","02699","026",769
"35146","16307","163",881
"35147","47447","474",213
"35148","51371","513",1148
"35149","82327","823",17
"35150","29494","294",726
"35151","19069","190",766
"35152","83661","836",129
"35153","56333","563",355
"35154","25585","255",846
"35155","55116","551",445
"35156","76287","762",1048
"35157","55283","552",443
"35158","48157","481",206
"35159","79369","793",501
"35160","53557","535",344
"35161","53489","534",291
"35162","56820","568",425
"35163","85459","854",1060
"35164","92690","926",841
"35165","06385","063",689
"35166","06679","066",681
"35167","93049","930",28
"35168","18273","182",698
"35169","83549","835",131
"35170","93090","930",28
"35171","06785","067",674
"35172","06869","068",669
"35173","83119","831",85
"35174","06773","067",674
"35175","08304","083",732
"35176","84570","845",79
"35177","18461","184",696
"35178","94563","945",21
"35179","18442","184",696
"35180","83435","834",132
"35181","14959","149",770
"35182","13405","134",822
"35183","17391","173",718
"35184","96367","963",56
"35185","19079","190",766
"35186","29493","294",726
"35187","23992","239",589
"35188","07924","079",739
"35189","85652","856",1054
"35190","18246","182",698
"35191","93152","931",53
"35192","97299","972",1020
"35193","20457","204",619
"35194","21107","211",491
"35195","97199","971",1022
"35196","24253","242",550
"35197","24256","242",550
"35198","23858","238",591
"35199","23715","237",566
"35200","68775","687",386
"35201","33106","331",511
"35202","60599","605",60
"35203","35274","352",580
"35204","63517","635",1163
"35205","25541","255",846
"35206","74865","748",966
"35207","74388","743",929
"35208","25572","255",846
"35209","70327","703",10
"35210","19258","192",765
"35211","38547","385",613
"35212","89443","894",323
"35213","38489","384",614
"35214","38458","384",614
"35215","96114","961",58
"35216","96199","961",58
"35217","82405","824",14
"35218","65385","653",309
"35219","59846","598",218
"35220","65375","653",309
"35221","49451","494",645
"35222","15926","159",907
"35223","18609","186",693
"35224","16359","163",880
"35225","01936","019",853
"35226","15890","158",911
"35227","02929","029",803
"35228","39279","392",712
"35229","07950","079",739
"35230","83101","831",84
"35231","06796","067",674
"35232","83257","832",135
"35233","84180","841",45
"35234","94327","943",26
"35235","06895","068",669
"35236","04779","047",859
"35237","18437","184",696
"35238","01616","016",806
"35239","01561","015",808
"35240","01662","016",806
"35241","85241","852",1004
"35242","23970","239",589
"35243","19412","194",761
"35244","23730","237",566
"35245","96173","961",58
"35246","87642","876",1166
"35247","96148","961",58
"35248","98673","986",1016
"35249","91325","913",895
"35250","96472","964",89
"35251","02994","029",802
"35252","02979","029",802
"35253","01744","017",804
"35254","47647","476",210
"35255","53937","539",330
"35256","46499","464",94
"35257","46562","465",90
"35258","47443","474",213
"35259","46244","462",98
"35260","40764","407",1061
"35261","51515","515",1144
"35262","24589","245",543
"35263","37269","372",636
"35264","88319","883",1076
"35265","38723","387",608
"35266","87700","877",1165
"35267","23827","238",594
"35268","21380","213",478
"35269","68794","687",386
"35270","32107","321",628
"35271","25927","259",829
"35272","63454","634",1164
"35273","32689","326",656
"35274","31633","316",677
"35275","31582","315",680
"35276","21706","217",525
"35277","97909","979",1073
"35278","25573","255",846
"35279","24806","248",531
"35280","48477","484",197
"35281","26817","268",784
"35282","56179","561",382
"35283","26639","266",788
"35284","26676","266",788
"35285","77743","777",397
"35286","79804","798",481
"35287","76479","764",1045
"35288","76773","767",1111
"35289","25524","255",846
"35290","27389","273",925
"35291","97845","978",1077
"35292","24881","248",531
"35293","24866","248",531
"35294","26446","264",792
"35295","76549","765",1044
"35296","26384","263",797
"35297","76316","763",1046
"35298","26759","267",786
"35299","56818","568",425
"35300","44797","447",422
"35301","52355","523",1023
"35302","41564","415",322
"35303","45479","454",157
"35304","54492","544",243
"35305","53347","533",292
"35306","45721","457",144
"35307","56075","560",385
"35308","56073","560",385
"35309","26897","268",784
"35310","49597","495",643
"35311","49740","497",641
"35312","24361","243",546
"35313","24214","242",552
"35314","88316","883",1075
"35315","89129","891",332
"35316","97337","973",1019
"35317","23816","238",591
"35318","86476","864",943
"35319","86505","865",994
"35320","24257","242",550
"35321","97478","974",1018
"35322","07381","073",747
"35323","07356","073",747
"35324","92256","922",852
"35325","98744","987",1013
"35326","82237","822",19
"35327","39444","394",706
"35328","67141","671",476
"35329","67059","670",480
"35330","69115","691",187
"35331","28237","282",902
"35332","64832","648",1098
"35333","28309","283",901
"35334","25704","257",834
"35335","78476","784",266
"35336","74862","748",966
"35337","74831","748",966
"35338","72505","725",68
"35339","25794","257",834
"35340","21684","216",529
"35341","38871","388",606
"35342","86647","866",988
"35343","91738","917",878
"35344","86932","869",980
"35345","39365","393",707
"35346","34121","341",423
"35347","06116","061",692
"35348","92521","925",847
"35349","93055","930",28
"35350","93105","931",53
"35351","93098","930",28
"35352","04539","045",862
"35353","84555","845",79
"35354","83358","833",133
"35355","14806","148",771
"35356","14770","147",772
"35357","14550","145",775
"35358","14552","145",775
"35359","94094","940",1176
"35360","01587","015",807
"35361","04924","049",857
"35362","17126","171",722
"35363","15838","158",909
"35364","09619","096",1116
"35365","94136","941",1175
"35366","16247","162",888
"35367","15910","159",907
"35368","15907","159",907
"35369","17429","174",716
"35370","15848","158",910
"35371","17419","174",716
"35372","02997","029",802
"35373","23996","239",589
"35374","23972","239",589
"35375","81479","814",42
"35376","85119","851",1007
"35377","95478","954",154
"35378","93186","931",53
"35379","83064","830",87
"35380","93047","930",28
"35381","04435","044",865
"35382","83547","835",131
"35383","17209","172",719
"35384","06749","067",674
"35385","04519","045",863
"35386","84559","845",79
"35387","17194","171",722
"35388","06886","068",669
"35389","04654","046",861
"35390","84529","845",79
"35391","94491","944",23
"35392","09638","096",1116
"35393","01612","016",806
"35394","86825","868",981
"35395","23883","238",595
"35396","23626","236",568
"35397","91097","910",900
"35398","38889","388",606
"35399","01796","017",805
"35400","01829","018",856
"35401","01996","019",853
"35402","52224","522",1025
"35403","47627","476",210
"35404","52428","524",1095
"35405","46419","464",94
"35406","54294","542",248
"35407","47228","472",214
"35408","54486","544",243
"35409","26725","267",786
"35410","56829","568",425
"35411","37154","371",637
"35412","21077","210",493
"35413","24145","241",557
"35414","31226","312",661
"35415","98597","985",959
"35416","97469","974",1018
"35417","36456","364",558
"35418","38707","387",609
"35419","89438","894",323
"35420","76297","762",1048
"35421","78357","783",269
"35422","63791","637",1160
"35423","25715","257",834
"35424","74080","740",942
"35425","74254","742",936
"35426","24997","249",564
"35427","88719","887",1133
"35428","79856","798",482
"35429","56341","563",354
"35430","48151","481",206
"35431","51702","517",1138
"35432","79639","796",492
"35433","57439","574",168
"35434","21635","216",528
"35435","67550","675",455
"35436","44379","443",336
"35437","56330","563",355
"35438","19399","193",763
"35439","08541","085",730
"35440","04249","042",868
"35441","83355","833",133
"35442","84543","845",79
"35443","04880","048",858
"35444","93437","934",50
"35445","17153","171",722
"35446","94562","945",21
"35447","94469","944",23
"35448","84359","843",83
"35449","14089","140",782
"35450","17129","171",722
"35451","18528","185",695
"35452","01609","016",806
"35453","16348","163",880
"35454","97291","972",1020
"35455","24646","246",538
"35456","31275","312",661
"35457","24247","242",551
"35458","87758","877",1165
"35459","31234","312",661
"35460","97342","973",1019
"35461","89340","893",325
"35462","97493","974",1018
"35463","22949","229",453
"35464","86498","864",943
"35465","23824","238",594
"35466","23823","238",594
"35467","89415","894",323
"35468","99991","999",1168
"35469","52525","525",1094
"35470","46459","464",94
"35471","54636","546",288
"35472","52372","523",1023
"35473","54455","544",240
"35474","54338","543",245
"35475","66620","666",249
"35476","45219","452",159
"35477","50996","509",954
"35478","26723","267",786
"35479","53225","532",293
"35480","45527","455",155
"35481","53572","535",345
"35482","39576","395",705
"35483","85609","856",1053
"35484","83727","837",128
"35485","09623","096",1116
"35486","03246","032",905
"35487","01307","013",810
"35488","01987","019",853
"35489","03229","032",905
"35490","02991","029",802
"35491","03116","031",906
"35492","15898","158",911
"35493","91154","911",898
"35494","82346","823",17
"35495","86673","866",988
"35496","68159","681",401
"35497","67122","671",476
"35498","72294","722",76
"35499","68789","687",386
"35500","60596","605",60
"35501","32108","321",628
"35502","63067","630",1106
"35503","32758","327",653
"35504","69436","694",175
"35505","74847","748",966
"35506","31618","316",677
"35507","78355","783",269
"35508","21745","217",525
"35509","27337","273",925
"35510","32816","328",646
"35511","72138","721",36
"35512","78464","784",266
"35513","88682","886",1064
"35514","63636","636",1161
"35515","24855","248",531
"35516","86660","866",988
"35517","86860","868",981
"35518","91710","917",878
"35519","99734","997",1170
"35520","86807","868",981
"35521","38448","384",614
"35522","86920","869",980
"35523","98667","986",1016
"35524","86956","869",980
"35525","29456","294",726
"35526","91166","911",898
"35527","99095","990",1158
"35528","26683","266",788
"35529","58849","588",101
"35530","77933","779",390
"35531","77694","776",312
"35532","26340","263",796
"35533","77839","778",392
"35534","65343","653",309
"35535","30900","309",598
"35536","76776","767",1111
"35537","55246","552",444
"35538","67578","675",455
"35539","86668","866",988
"35540","30982","309",597
"35541","89275","892",327
"35542","89362","893",325
"35543","37431","374",634
"35544","99998","999",1168
"35545","03058","030",908
"35546","15328","153",914
"35547","76477","764",1045
"35548","76771","767",1111
"35549","76706","767",1111
"35550","24879","248",531
"35551","65366","653",309
"35552","48149","481",206
"35553","57489","574",168
"35554","26835","268",784
"35555","35649","356",571
"35556","68199","681",401
"35557","27628","276",921
"35558","76689","766",1115
"35559","69123","691",187
"35560","60329","603",62
"35561","33104","331",511
"35562","28279","282",902
"35563","28359","283",901
"35564","61209","612",1030
"35565","63457","634",1164
"35566","63811","638",1157
"35567","74821","748",966
"35568","31609","316",677
"35569","74382","743",929
"35570","88690","886",1064
"35571","25554","255",846
"35572","97904","979",1073
"35573","24850","248",531
"35574","37619","376",631
"35575","39317","393",709
"35576","93059","930",28
"35577","07957","079",739
"35578","06711","067",673
"35579","95666","956",143
"35580","83567","835",131
"35581","14789","147",772
"35582","04571","045",862
"35583","14798","147",772
"35584","94356","943",26
"35585","94377","943",26
"35586","84576","845",79
"35587","84508","845",79
"35588","84389","843",83
"35589","17235","172",719
"35590","14473","144",777
"35591","41379","413",283
"35592","41334","413",283
"35593","54332","543",244
"35594","47441","474",213
"35595","54293","542",248
"35596","46485","464",94
"35597","50374","503",960
"35598","47169","471",215
"35599","51105","511",1096
"35600","45134","451",160
"35601","48249","482",204
"35602","91448","914",893
"35603","23554","235",569
"35604","38446","384",614
"35605","38372","383",616
"35606","16259","162",888
"35607","96365","963",56
"35608","39606","396",704
"35609","39615","396",704
"35610","92271","922",852
"35611","06259","062",690
"35612","06237","062",690
"35613","92548","925",847
"35614","06844","068",668
"35615","14712","147",772
"35616","04159","041",870
"35617","16909","169",869
"35618","14774","147",772
"35619","94431","944",23
"35620","93449","934",50
"35621","83417","834",132
"35622","93444","934",50
"35623","01591","015",807
"35624","17506","175",714
"35625","04932","049",857
"35626","16321","163",880
"35627","15755","157",912
"35628","15741","157",912
"35629","82396","823",17
"35630","82229","822",19
"35631","82494","824",13
"35632","19309","193",762
"35633","86706","867",985
"35634","47475","474",213
"35635","46535","465",90
"35636","40223","402",1012
"35637","50765","507",957
"35638","49846","498",638
"35639","54539","545",234
"35640","51647","516",1139
"35641","26847","268",784
"35642","42499","424",228
"35643","42477","424",228
"35644","26789","267",785
"35645","26831","268",784
"35646","53498","534",291
"35647","67165","671",476
"35648","60311","603",62
"35649","63075","630",1106
"35650","69239","692",185
"35651","21769","217",525
"35652","63868","638",1156
"35653","74394","743",929
"35654","74257","742",936
"35655","31623","316",677
"35656","31515","315",678
"35657","97903","979",1073
"35658","63628","636",1161
"35659","74245","742",933
"35660","89155","891",332
"35661","89610","896",317
"35662","31303","313",660
"35663","97236","972",1020
"35664","89278","892",327
"35665","37520","375",632
"35666","38122","381",618
"35667","38553","385",613
"35668","87640","876",1166
"35669","87669","876",1166
"35670","86698","866",988
"35671","86692","866",988
"35672","86934","869",980
"35673","29451","294",726
"35674","26188","261",800
"35675","49681","496",642
"35676","49196","491",654
"35677","76744","767",1111
"35678","76726","767",1111
"35679","65428","654",308
"35680","24791","247",534
"35681","24857","248",531
"35682","55413","554",435
"35683","26655","266",788
"35684","24354","243",546
"35685","24395","243",546
"35686","21079","210",493
"35687","97072","970",1024
"35688","89233","892",327
"35689","24229","242",552
"35690","24159","241",557
"35691","22926","229",453
"35692","97506","975",1085
"35693","23829","238",591
"35694","64584","645",1101
"35695","65795","657",370
"35696","68165","681",401
"35697","68259","682",396
"35698","60529","605",60
"35699","68535","685",389
"35700","78266","782",271
"35701","27711","277",920
"35702","32791","327",653
"35703","78262","782",270
"35704","34516","345",407
"35705","63796","637",1160
"35706","63843","638",1156
"35707","63839","638",1156
"35708","63920","639",1151
"35709","24983","249",564
"35710","63927","639",1151
"35711","24988","249",564
"35712","25569","255",846
"35713","77749","777",397
"35714","48231","482",205
"35715","49179","491",654
"35716","65396","653",309
"35717","26931","269",781
"35718","67065","670",480
"35719","97906","979",1073
"35720","88085","880",1084
"35721","51709","517",1137
"35722","56076","560",385
"35723","56598","565",350
"35724","26605","266",788
"35725","06484","064",687
"35726","85049","850",1009
"35727","82340","823",17
"35728","39319","393",709
"35729","83134","831",85
"35730","83564","835",131
"35731","83536","835",131
"35732","92431","924",849
"35733","93086","930",28
"35734","93191","931",53
"35735","93413","934",50
"35736","94365","943",26
"35737","04861","048",858
"35738","14974","149",770
"35739","94152","941",1174
"35740","54536","545",234
"35741","53175","531",294
"35742","53113","531",294
"35743","53173","531",294
"35744","44628","446",326
"35745","47652","476",210
"35746","47495","474",213
"35747","66780","667",304
"35748","41539","415",321
"35749","83646","836",129
"35750","07806","078",740
"35751","93333","933",51
"35752","85417","854",1060
"35753","06388","063",689
"35754","95508","955",152
"35755","93342","933",51
"35756","38524","385",613
"35757","91743","917",878
"35758","87659","876",1166
"35759","23569","235",569
"35760","86983","869",980
"35761","91086","910",900
"35762","98693","986",1017
"35763","86694","866",988
"35764","86931","869",980
"35765","96231","962",57
"35766","12555","125",521
"35767","01156","011",813
"35768","01445","014",809
"35769","15748","157",912
"35770","01809","018",856
"35771","17321","173",718
"35772","02959","029",802
"35773","02923","029",803
"35774","95685","956",143
"35775","08412","084",731
"35776","83233","832",135
"35777","83370","833",133
"35778","83236","832",135
"35779","04319","043",867
"35780","94315","943",26
"35781","04824","048",858
"35782","84503","845",79
"35783","94527","945",21
"35784","04886","048",858
"35785","17091","170",723
"35786","16727","167",873
"35787","04931","049",857
"35788","14193","141",778
"35789","15806","158",909
"35790","17268","172",721
"35791","17392","173",718
"35792","68782","687",386
"35793","68167","681",401
"35794","27612","276",921
"35795","27259","272",926
"35796","27624","276",921
"35797","25842","258",830
"35798","63165","631",1105
"35799","28876","288",894
"35800","21789","217",525
"35801","27318","273",925
"35802","31629","316",677
"35803","63925","639",1151
"35804","27283","272",927
"35805","63607","636",1161
"35806","34582","345",407
"35807","82319","823",17
"35808","06420","064",687
"35809","84089","840",49
"35810","85551","855",1057
"35811","19370","193",763
"35812","07819","078",740
"35813","12437","124",522
"35814","03249","032",905
"35815","12587","125",521
"35816","12589","125",521
"35817","01067","010",816
"35818","02785","027",768
"35819","44265","442",339
"35820","56170","561",382
"35821","48653","486",192
"35822","45772","457",144
"35823","56253","562",365
"35824","58456","584",106
"35825","26556","265",789
"35826","30173","301",596
"35827","29320","293",727
"35828","89250","892",327
"35829","88486","884",1071
"35830","97318","973",1019
"35831","89346","893",325
"35832","89431","894",323
"35833","38226","382",617
"35834","21436","214",472
"35835","89344","893",325
"35836","23684","236",568
"35837","87668","876",1166
"35838","23627","236",567
"35839","91085","910",900
"35840","96164","961",58
"35841","86679","866",988
"35842","06502","065",686
"35843","99634","996",1141
"35844","96528","965",88
"35845","19243","192",765
"35846","47638","476",210
"35847","52393","523",1023
"35848","46509","465",91
"35849","41352","413",282
"35850","46569","465",90
"35851","50354","503",960
"35852","45470","454",157
"35853","54487","544",242
"35854","45239","452",159
"35855","50679","506",958
"35856","53859","538",334
"35857","51149","511",1096
"35858","34125","341",423
"35859","88422","884",1071
"35860","88142","881",1080
"35861","79206","792",502
"35862","26409","264",792
"35863","79618","796",492
"35864","77972","779",390
"35865","25980","259",829
"35866","76774","767",1111
"35867","79801","798",483
"35868","18276","182",698
"35869","93080","930",28
"35870","93158","931",53
"35871","83022","830",87
"35872","84051","840",49
"35873","83555","835",131
"35874","93492","934",50
"35875","06917","069",664
"35876","14547","145",775
"35877","08352","083",732
"35878","13595","135",820
"35879","01594","015",807
"35880","13505","135",820
"35881","17498","174",717
"35882","94032","940",1177
"35883","91281","912",897
"35884","39106","391",713
"35885","19406","194",761
"35886","16928","169",869
"35887","03226","032",905
"35888","17328","173",718
"35889","02694","026",769
"35890","02953","029",802
"35891","02906","029",803
"35892","25364","253",850
"35893","36199","361",562
"35894","30519","305",604
"35895","24259","242",551
"35896","24239","242",551
"35897","21217","212",487
"35898","24106","241",557
"35899","24211","242",550
"35900","37355","373",635
"35901","21395","213",478
"35902","86938","869",980
"35903","86669","866",988
"35904","99439","994",1147
"35905","29484","294",726
"35906","69120","691",187
"35907","74867","748",966
"35908","63505","635",1163
"35909","21787","217",525
"35910","74399","743",929
"35911","74395","743",929
"35912","70329","703",10
"35913","26802","268",784
"35914","53844","538",334
"35915","53111","531",294
"35916","45711","457",144
"35917","44147","441",340
"35918","97475","974",1018
"35919","21514","215",467
"35920","86637","866",988
"35921","19217","192",765
"35922","99765","997",1170
"35923","86989","869",980
"35924","86911","869",980
"35925","41836","418",313
"35926","52459","524",1095
"35927","40549","405",1067
"35928","47249","472",214
"35929","47138","471",215
"35930","47279","472",214
"35931","40589","405",1066
"35932","50829","508",956
"35933","50321","503",960
"35934","50389","503",960
"35935","51143","511",1096
"35936","48619","486",193
"35937","97828","978",1077
"35938","24768","247",534
"35939","76473","764",1045
"35940","49401","494",645
"35941","65203","652",310
"35942","67071","670",480
"35943","92729","927",835
"35944","93077","930",28
"35945","08606","086",729
"35946","06780","067",674
"35947","83026","830",87
"35948","95703","957",137
"35949","06809","068",666
"35950","83209","832",135
"35951","84453","844",81
"35952","83458","834",132
"35953","83367","833",133
"35954","17219","172",720
"35955","17111","171",722
"35956","83395","833",134
"35957","17094","170",723
"35958","16792","167",873
"35959","01619","016",806
"35960","83708","837",128
"35961","95469","954",154
"35962","92676","926",841
"35963","92242","922",852
"35964","85123","851",1006
"35965","10317","103",379
"35966","17390","173",718
"35967","15859","158",910
"35968","16248","162",888
"35969","01994","019",853
"35970","15234","152",915
"35971","46446","464",94
"35972","52396","523",1023
"35973","52349","523",1023
"35974","47226","472",214
"35975","48599","485",195
"35976","45257","452",159
"35977","56575","565",350
"35978","56154","561",380
"35979","56072","560",385
"35980","58566","585",105
"35981","44149","441",340
"35982","67166","671",476
"35983","68163","681",401
"35984","27570","275",922
"35985","27339","273",925
"35986","63512","635",1162
"35987","63500","635",1162
"35988","34454","344",409
"35989","21770","217",525
"35990","63755","637",1160
"35991","31547","315",678
"35992","78462","784",266
"35993","29664","296",724
"35994","88048","880",1084
"35995","37603","376",631
"35996","89614","896",317
"35997","88410","884",1071
"35998","24644","246",537
"35999","97286","972",1020
"36000","20099","200",623
"36001","89176","891",332
"36002","89423","894",323
"36003","99986","999",1168
"36004","56340","563",354
"36005","55430","554",435
"36006","79341","793",501
"36007","77974","779",390
"36008","89420","894",323
"36009","23909","239",588
"36010","23568","235",569
"36011","96052","960",59
"36012","86916","869",980
"36013","96450","964",89
"36014","56459","564",352
"36015","26219","262",798
"36016","65346","653",309
"36017","49163","491",654
"36018","55131","551",445
"36019","67583","675",455
"36020","65474","654",308
"36021","97855","978",1077
"36022","92717","927",837
"36023","19395","193",763
"36024","06861","068",668
"36025","83512","835",131
"36026","17213","172",719
"36027","84478","844",81
"36028","17166","171",722
"36029","04552","045",862
"36030","94419","944",23
"36031","94560","945",21
"36032","83404","834",132
"36033","17121","171",722
"36034","16798","167",873
"36035","94575","945",22
"36036","94060","940",1176
"36037","85055","850",1009
"36038","19067","190",766
"36039","07929","079",739
"36040","81929","819",30
"36041","85737","857",1049
"36042","83700","837",128
"36043","85462","854",1060
"36044","95032","950",97
"36045","07955","079",739
"36046","29472","294",726
"36047","29476","294",726
"36048","07333","073",747
"36049","38104","381",618
"36050","91722","917",878
"36051","23879","238",595
"36052","23717","237",566
"36053","86972","869",980
"36054","99090","990",1158
"36055","86688","866",988
"36056","19205","192",765
"36057","91096","910",900
"36058","98724","987",1013
"36059","17509","175",715
"36060","01762","017",804
"36061","15754","157",912
"36062","16227","162",888
"36063","03185","031",906
"36064","67580","675",455
"36065","68305","683",394
"36066","65451","654",308
"36067","76356","763",1046
"36068","27607","276",921
"36069","79798","797",490
"36070","25924","259",829
"36071","65933","659",353
"36072","33181","331",511
"36073","28219","282",902
"36074","61200","612",1030
"36075","35410","354",576
"36076","34513","345",407
"36077","25746","257",834
"36078","63743","637",1160
"36079","63911","639",1151
"36080","31535","315",678
"36081","31787","317",672
"36082","88521","885",1068
"36083","47239","472",214
"36084","47259","472",214
"36085","46242","462",98
"36086","51373","513",1148
"36087","97225","972",1020
"36088","31028","310",663
"36089","37213","372",636
"36090","97082","970",1024
"36091","88299","882",1078
"36092","22301","223",400
"36093","31241","312",661
"36094","87719","877",1165
"36095","77746","777",397
"36096","26316","263",796
"36097","49685","496",642
"36098","76474","764",1045
"36099","27804","278",917
"36100","88069","880",1084
"36101","88079","880",1084
"36102","31008","310",663
"36103","53773","537",338
"36104","26632","266",788
"36105","56254","562",365
"36106","06846","068",668
"36107","04509","045",863
"36108","84544","845",79
"36109","14776","147",772
"36110","04668","046",861
"36111","17159","171",722
"36112","14548","145",775
"36113","09661","096",1116
"36114","94474","944",24
"36115","15834","158",909
"36116","17348","173",718
"36117","17098","170",723
"36118","37574","375",632
"36119","37218","372",636
"36120","24398","243",546
"36121","97084","970",1024
"36122","37276","372",636
"36123","22087","220",405
"36124","24250","242",550
"36125","24143","241",557
"36126","89297","892",327
"36127","38228","382",617
"36128","89343","893",325
"36129","38315","383",615
"36130","38667","386",611
"36131","85104","851",1008
"36132","39245","392",712
"36133","06386","063",689
"36134","65479","654",308
"36135","78183","781",273
"36136","68766","687",386
"36137","27248","272",926
"36138","34431","344",409
"36139","27321","273",925
"36140","25840","258",830
"36141","36304","363",559
"36142","37688","376",631
"36143","73733","737",1038
"36144","87494","874",1136
"36145","99887","998",1169
"36146","86754","867",982
"36147","86609","866",988
"36148","91720","917",878
"36149","96149","961",58
"36150","38822","388",606
"36151","86974","869",980
"36152","91161","911",898
"36153","96272","962",57
"36154","19057","190",766
"36155","04934","049",857
"36156","15713","157",912
"36157","01099","010",816
"36158","01279","012",811
"36159","15868","158",910
"36160","03130","031",906
"36161","66663","666",249
"36162","46397","463",96
"36163","47199","471",215
"36164","47198","471",215
"36165","41542","415",321
"36166","54531","545",234
"36167","54346","543",245
"36168","53117","531",294
"36169","49744","497",641
"36170","49762","497",641
"36171","26197","261",801
"36172","79761","797",488
"36173","76751","767",1111
"36174","72290","722",76
"36175","24800","248",531
"36176","97892","978",1077
"36177","24813","248",531
"36178","24784","247",534
"36179","49696","496",642
"36180","26389","263",797
"36181","42399","423",231
"36182","56656","566",349
"36183","56321","563",354
"36184","26969","269",781
"36185","27580","275",922
"36186","25599","255",846
"36187","23999","239",590
"36188","27472","274",924
"36189","25899","258",830
"36190","25761","257",834
"36191","26474","264",794
"36192","26553","265",789
"36193","27476","274",924
"36194","21737","217",525
"36195","25709","257",834
"36196","25376","253",850
"36197","26345","263",796
"36198","26579","265",791
"36199","27478","274",924
"36200","25832","258",830
"36201","21729","217",525
"36202","26844","268",784
"36203","26506","265",789
"36204","23974","239",589
"36205","25881","258",830
"36206","25719","257",834
"36207","26382","263",797
"36208","25946","259",827
"36209","25856","258",830
"36210","26465","264",793
"36211","25774","257",834
"36212","21785","217",525
"36213","25938","259",828
"36214","26434","264",792
"36215","27572","275",922
"36216","25813","258",830
"36217","25996","259",829
"36218","25999","259",829
"36219","26452","264",792
"36220","25882","258",830
"36221","21730","217",525
"36222","26736","267",786
"36223","26486","264",795
"36224","26386","263",797
"36225","25724","257",834
"36226","25541","255",846
"36227","25572","255",846
"36228","25348","253",850
"36229","25836","258",830
"36230","25889","258",830
"36231","21706","217",525
"36232","26388","263",797
"36233","26384","263",797
"36234","26427","264",792
"36235","25704","257",834
"36236","26725","267",786
"36237","26723","267",786
"36238","26340","263",796
"36239","26349","263",796
"36240","27639","276",921
"36241","25867","258",832
"36242","25764","257",834
"36243","21762","217",525
"36244","26548","265",790
"36245","26831","268",784
"36246","25997","259",829
"36247","26937","269",781
"36248","25870","258",830
"36249","25842","258",830
"36250","26524","265",789
"36251","26409","264",792
"36252","25980","259",829
"36253","25826","258",830
"36254","26802","268",784
"36255","26757","267",787
"36256","25863","258",831
"36257","21732","217",525
"36258","27607","276",921
"36259","25924","259",829
"36260","26316","263",796
"36261","25992","259",829
"36262","26389","263",797
"36263","28790","287",896
"36264","28217","282",902
"36265","28207","282",902
"36266","24897","248",531
"36267","20095","200",623
"36268","23669","236",568
"36269","23749","237",566
"36270","23746","237",566
"36271","17406","174",716
"36272","24864","248",531
"36273","28199","281",904
"36274","26969","269",781
"36275","24960","249",564
"36276","24327","243",547
"36277","27580","275",922
"36278","25576","255",846
"36279","25599","255",846
"36280","23999","239",590
"36281","21109","211",491
"36282","21435","214",473
"36283","18230","182",698
"36284","28759","287",896
"36285","27472","274",924
"36286","25761","257",834
"36287","26474","264",794
"36288","27476","274",924
"36289","21737","217",525
"36290","24321","243",547
"36291","21720","217",525
"36292","24357","243",546
"36293","18546","185",695
"36294","21037","210",494
"36295","17398","173",718
"36296","25371","253",850
"36297","20459","204",619
"36298","25376","253",850
"36299","24837","248",531
"36300","22559","225",393
"36301","23570","235",569
"36302","23774","237",566
"36303","26579","265",791
"36304","18106","181",701
"36305","18057","180",702
"36306","18314","183",697
"36307","27478","274",924
"36308","25832","258",830
"36309","23968","239",589
"36310","24369","243",546
"36311","24149","241",557
"36312","26844","268",784
"36313","18209","182",698
"36314","26506","265",789
"36315","17424","174",716
"36316","23974","239",589
"36317","18435","184",696
"36318","24972","249",564
"36319","24340","243",546
"36320","21129","211",491
"36321","28201","282",902
"36322","21683","216",529
"36323","26382","263",797
"36324","17459","174",716
"36325","25946","259",827
"36326","18551","185",695
"36327","26919","269",781
"36328","28197","281",904
"36329","23758","237",566
"36330","23779","237",566
"36331","24351","243",546
"36332","26465","264",793
"36333","24399","243",546
"36334","20359","203",620
"36335","28719","287",896
"36336","25774","257",834
"36337","18574","185",695
"36338","17389","173",718
"36339","18556","185",695
"36340","18225","182",698
"36341","25938","259",828
"36342","24148","241",557
"36343","25489","254",848
"36344","18109","181",701
"36345","18375","183",697
"36346","27572","275",922
"36347","20539","205",640
"36348","25996","259",829
"36349","25999","259",829
"36350","18146","181",701
"36351","21730","217",525
"36352","25878","258",830
"36353","24360","243",546
"36354","23683","236",568
"36355","23942","239",589
"36356","24944","249",564
"36357","26486","264",795
"36358","26386","263",797
"36359","18586","185",695
"36360","17373","173",718
"36361","18442","184",696
"36362","20457","204",619
"36363","21107","211",491
"36364","24105","241",557
"36365","25541","255",846
"36366","25572","255",846
"36367","25348","253",850
"36368","23775","237",566
"36369","18609","186",693
"36370","18347","183",697
"36371","23970","239",589
"36372","23730","237",566
"36373","28757","287",896
"36374","28203","282",902
"36375","25889","258",830
"36376","21706","217",525
"36377","24955","249",564
"36378","24866","248",531
"36379","26388","263",797
"36380","26384","263",797
"36381","26427","264",792
"36382","22605","226",391
"36383","24214","242",552
"36384","24404","244",545
"36385","24235","242",550
"36386","24257","242",550
"36387","26935","269",781
"36388","28777","287",896
"36389","27809","278",917
"36390","28237","282",902
"36391","25704","257",834
"36392","17429","174",716
"36393","17419","174",716
"36394","26725","267",786
"36395","24882","248",531
"36396","21635","216",528
"36397","18528","185",695
"36398","20097","200",623
"36399","26723","267",786
"36400","28717","287",896
"36401","27628","276",921
"36402","28279","282",902
"36403","25764","257",834
"36404","18519","185",694
"36405","26548","265",790
"36406","24939","249",564
"36407","24376","243",546
"36408","22763","227",462
"36409","24217","242",550
"36410","25997","259",829
"36411","24857","248",531
"36412","24354","243",546
"36413","24395","243",546
"36414","21079","210",493
"36415","24229","242",552
"36416","24159","241",557
"36417","28205","282",902
"36418","25870","258",830
"36419","26931","269",781
"36420","18055","180",702
"36421","18147","181",701
"36422","18311","183",697
"36423","27612","276",921
"36424","23747","237",566
"36425","24226","242",550
"36426","23777","237",566
"36427","23948","239",589
"36428","26409","264",792
"36429","25980","259",829
"36430","17498","174",717
"36431","21217","212",487
"36432","24106","241",557
"36433","24103","241",557
"36434","28779","287",896
"36435","26802","268",784
"36436","26757","267",787
"36437","18119","181",701
"36438","17390","173",718
"36439","17454","174",716
"36440","25863","258",831
"36441","27570","275",922
"36442","23743","237",566
"36443","17509","175",715
"36444","25924","259",829
"36445","22880","228",457
"36446","26316","263",796
"36447","25992","259",829
"36448","27804","278",917
"36449","24392","243",546
"36450","22587","225",393
"36451","24398","243",546
"36452","24143","241",557
"36453","24248","242",550
"36454","18233","182",698
"36455","28195","281",904
"36456","25840","258",830
"36457","24937","249",564
"36458","24977","249",564
